SKU_ID,Product_Name,Category,Sub_Category,Pack_Size,Unit_Cost_Price,Unit_Selling_Price,Stock_Quantity,Reorder_Level,Supplier_Name,Supplier_Lead_Time_Days,Expiry_Date,Storage_Type,Manufacturing_Date,Batch_Number,Shelf_Life_Days,Location
21365294,Amul Greek Yogurt Blueberry 100g,Probiotic & Health Range,Greek Yogurt,100g,245,336.61,106,688,Gentry-Howard,4,2025-08-04,Chilled,2025-03-24,B6430,133,Warehouse-8
18439717,Amul Frozen Cheese Corn Nuggets 400g,Bakery & Frozen,Frozen Sweets,400g,250,367.38,248,178,Stephens Group,16,2025-12-05,Cold Storage,2025-05-06,B2974,213,Warehouse-5
16994393,Amul Taaza Milk 1L,Dairy Products,Others,1L,100,128.05,375,137,"Wyatt, Kirk and Ellis",18,2025-05-24,Hot Storage,2024-11-23,B3339,182,Warehouse-2
63607529,Amul Emmental Cheese 200g,Cheese & Cheese Products,Emmental Cheese,200g,500,661.68,286,174,Shepherd and Sons,28,2025-11-23,Refrigerated,2025-06-09,B5437,167,Warehouse-1
12571772,Amul Basundi 1L,Specialty Products,Others,1L,400,582.64,191,398,Bailey Inc,26,2025-05-05,hot & Cold Storage,2024-11-24,B4106,162,Warehouse-9
16994393,Amul Taaza Milk 1L,Dairy Products,Others,1L,100,119.91,296,120,Gardner Ltd,6,2026-05-10,Hot Storage,2025-08-08,B5420,275,Warehouse-3
79666428,Amul Pizza Cheese 1kg,Cheese & Cheese Products,Gouda Cheese,1kg,500,575.71,252,863,Lowe Group,21,2025-01-08,Hot Storage,2024-11-05,B1815,64,Warehouse-7
64335100,Amul Slim & Trim Milk 500ml,Dairy Products,Others,500ml,100,135.72,320,553,Mcdonald Inc,15,2025-10-25,Ambient,2025-08-06,B9754,80,Warehouse-10
93684965,Amul Mithai Mate UHT 200g,UHT & Long Life,Others,200g,150,189.47,104,811,"Butler, Bishop and Byrd",7,2025-11-02,hot & Cold Storage,2024-11-07,B2685,360,Warehouse-8
88384214,Amul Lite Spread 250g,Butter & Spreads,Cheese Spread,250g,54,79.86,131,726,Adams Inc,12,2025-05-08,Frozen,2024-08-29,B4390,252,Warehouse-4
45319204,Amul Slim UHT Milk 1L,UHT & Long Life,Others,1L,150,204.06,292,710,Collins Group,14,2025-05-05,Hot Storage,2025-02-27,B2766,67,Warehouse-2
97241768,Amul Chocolate Ice Cream 1L,Ice Creams,Premium Ice Cream,1L,300,433.68,207,324,Marshall PLC,23,2026-03-19,Cold Storage,2025-06-06,B1954,286,Warehouse-1
92496774,Amul Cheese Slices 200g,Cheese & Cheese Products,Cheese Slices,200g,357,431.29,434,416,"Rodriguez, Sanders and Rodriguez",2,2024-10-17,Frozen,2024-10-04,B7853,13,Warehouse-5
71930565,Amul Cow Ghee 1L,Ghee & Cooking Essentials,Cow Ghee,1L,800,983.74,359,316,"Hernandez, Hester and Becker",20,2025-07-13,Chilled,2024-09-18,B3716,298,Warehouse-10
34223963,Amul Vanilla Muffin 90g,Bakery Items,Others,90g,51,73.75,383,531,"Nguyen, Miller and Guerra",27,2025-10-07,hot & Cold Storage,2025-04-27,B3951,163,Warehouse-9
40563084,Amul Pure Ghee 500ml,Ghee & Cooking Essentials,Cow Ghee,500ml,411,461.53,110,347,Mason-Cook,15,2025-02-10,Room Temperature,2024-12-13,B4980,59,Warehouse-6
44564353,Amul Fresh Cream 250ml,Dairy Products,Others,250ml,100,117.9,121,716,Hinton-Harper,23,2025-11-16,Room Temperature,2025-07-03,B9028,136,Warehouse-10
11071426,Amul Buffalo Ghee 1L,Ghee & Cooking Essentials,Buffalo Ghee,1L,703,991.5,236,972,Middleton Group,19,2026-02-10,Hot Storage,2025-07-13,B6258,212,Warehouse-3
16994393,Amul Taaza Milk 1L,Dairy Products,Others,1L,100,115.43,142,240,Jackson Group,8,2026-02-14,Hot Storage,2025-03-21,B3072,330,Warehouse-8
88384214,Amul Lite Spread 250g,Butter & Spreads,Cheese Spread,250g,54,60.6,325,699,Gallagher-Taylor,30,2024-12-13,Frozen,2024-10-13,B3110,61,Warehouse-1
26598550,Amul Masti Buttermilk 500ml,Dairy Products,Others,500ml,100,129.68,309,199,Schwartz and Sons,8,2025-06-27,Chilled,2024-09-09,B5618,291,Warehouse-9
34223963,Amul Vanilla Muffin 90g,Bakery Items,Others,90g,51,71.96,454,706,Maldonado Ltd,6,2026-03-24,hot & Cold Storage,2025-08-16,B1696,220,Warehouse-8
11071426,Amul Buffalo Ghee 1L,Ghee & Cooking Essentials,Buffalo Ghee,1L,703,1003.02,225,161,"Oconnor, Evans and Stout",28,2025-05-22,Hot Storage,2024-09-13,B5131,251,Warehouse-9
23548091,Amul Chocozoo Kids Pack 250g,Chocolates,Milk Chocolate,250g,150,210.63,321,631,Gray-Fields,23,2024-11-24,Cold Storage,2024-11-10,B1348,14,Warehouse-8
59239307,Amul Mozzarella Cheese 200g,Cheese & Cheese Products,Mozzarella Cheese,200g,500,647.86,278,107,Reynolds-Salinas,15,2025-06-03,Room Temperature,2024-12-29,B9576,156,Warehouse-9
97994268,Amul Butter Scotch Ice Cream 1L,Ice Creams,Premium Ice Cream,1L,300,376.13,158,749,Pratt Group,20,2026-02-13,Cold Storage,2025-02-19,B8241,359,Warehouse-5
71579542,Amul Mystic Mocha Chocolate 150g,Chocolates,Dark Chocolate,150g,30,44.43,414,315,Perez PLC,17,2025-05-30,Cold Storage,2025-05-10,B4414,20,Warehouse-6
45319204,Amul Slim UHT Milk 1L,UHT & Long Life,Others,1L,150,171.45,193,911,"Strickland, Diaz and Wells",28,2024-12-26,Hot Storage,2024-08-29,B2046,119,Warehouse-5
93684965,Amul Mithai Mate UHT 200g,UHT & Long Life,Others,200g,150,177.75,132,461,Stanley-Barber,24,2025-09-18,hot & Cold Storage,2024-09-20,B5709,363,Warehouse-10
80405061,Amul A2 Cow Milk 1L,Others,Others,1L,500,749.67,261,442,Freeman-Daugherty,24,2025-07-10,Refrigerated,2025-02-17,B7602,143,Warehouse-6
21750991,Amul Greek Yogurt Strawberry 100g,Probiotic & Health Range,Greek Yogurt,100g,223,284.05,490,885,"Fleming, Gutierrez and Solis",14,2025-08-02,hot & Cold Storage,2025-01-17,B6380,197,Warehouse-5
46612151,Amul Processed Cheese Cube 200g,Cheese & Cheese Products,Processed Cheese,200g,238,341.48,448,717,"Rodriguez, Page and Leon",22,2025-09-28,Refrigerated,2025-06-21,B9354,99,Warehouse-4
6094027,Amul Kool Flavoured Milk Bottle 200ml,Beverages,Flavored Milk Drink,200ml,120,147.38,356,705,"Coleman, Dillon and Boyer",29,2025-10-21,Cold Storage,2025-02-18,B6387,245,Warehouse-5
24078757,Amul Kesar Pista Ice Cream 1L,Ice Creams,Premium Ice Cream,1L,300,346.86,483,303,Johnson LLC,21,2026-01-12,hot & Cold Storage,2025-01-25,B6513,352,Warehouse-8
58937020,Amul Chocolate Brownie 100g,Bakery Items,Others,100g,218,242.82,297,500,Kemp-King,20,2026-01-07,Refrigerated,2025-06-25,B3840,196,Warehouse-7
48334136,Amul Protein Shake Vanilla 200ml,Health & Nutrition,Others,200ml,600,746.64,214,799,"Silva, Wilson and Lewis",3,2025-10-08,Ambient,2025-08-19,B1000,50,Warehouse-7
70537390,Amul Cheese Spread Red Chilli Flakes 200g,Butter & Spreads,Cheese Spread,200g,68,90.51,235,144,"Alvarado, Wright and Young",26,2024-11-27,hot & Cold Storage,2024-10-28,B2403,30,Warehouse-8
48334136,Amul Protein Shake Vanilla 200ml,Health & Nutrition,Others,200ml,600,827.31,443,347,Wells-Martin,17,2025-12-02,Ambient,2025-03-07,B3424,270,Warehouse-3
37505707,Amul Choco Chips Ice Cream 1L,Ice Creams,Premium Ice Cream,1L,300,366.68,272,626,Lyons PLC,25,2025-04-20,Cold Storage,2024-11-12,B7901,159,Warehouse-8
26598550,Amul Masti Buttermilk 500ml,Dairy Products,Others,500ml,100,126.47,335,400,Smith-Phillips,22,2025-11-18,Chilled,2025-07-18,B4432,123,Warehouse-7
64335100,Amul Slim & Trim Milk 500ml,Dairy Products,Others,500ml,100,125.85,110,810,"Wallace, Beard and Spencer",10,2024-12-25,Ambient,2024-11-06,B5256,49,Warehouse-4
62232487,Amul Milk Chocolate 150g,Chocolates,Milk Chocolate,150g,115,164.04,449,258,"Brown, Lindsey and Austin",8,2025-11-04,Ambient,2025-04-07,B3602,211,Warehouse-5
92496774,Amul Cheese Slices 200g,Cheese & Cheese Products,Cheese Slices,200g,357,482.12,336,266,Thomas-Contreras,23,2025-11-16,Frozen,2025-08-17,B8507,91,Warehouse-9
68137847,Amul Kulfi 60ml,Ice Creams,Kulfi,60ml,107,146.55,295,881,"Brown, Mueller and Murphy",9,2025-10-14,Room Temperature,2024-10-25,B8941,354,Warehouse-7
45319204,Amul Slim UHT Milk 1L,UHT & Long Life,Others,1L,150,177.15,126,627,Rubio Group,16,2025-01-31,Hot Storage,2024-11-14,B2098,78,Warehouse-10
93684965,Amul Mithai Mate UHT 200g,UHT & Long Life,Others,200g,150,209.08,211,964,Wheeler PLC,16,2024-12-19,hot & Cold Storage,2024-09-29,B9360,81,Warehouse-7
14921131,Amul Cheesy Corn Puffs 150g,Snacks & Savories,Others,150g,550,674.76,310,767,Baker Inc,25,2026-07-16,Refrigerated,2025-08-02,B2967,348,Warehouse-3
68137847,Amul Kulfi 60ml,Ice Creams,Kulfi,60ml,107,154.36,173,741,Fernandez-Mcdowell,24,2025-08-26,Room Temperature,2025-06-21,B6276,66,Warehouse-7
25444452,Amul Ice Cream Cake 1kg,Others,Others,1kg,500,620.2,211,386,Foster-Evans,7,2026-01-11,hot & Cold Storage,2025-07-02,B1038,193,Warehouse-10
33992976,Amul Probiotic Dahi 400g,Probiotic & Health Range,Probiotic Curd,400g,250,348.27,498,402,"Manning, Evans and Gutierrez",29,2025-11-19,Frozen,2024-12-18,B2451,336,Warehouse-7
28937579,Amul Chocolate Donut 80g,Bakery Items,Others,80g,429,530.13,109,410,"Juarez, Martinez and Williams",24,2025-03-15,Refrigerated,2025-03-03,B5359,12,Warehouse-6
11071426,Amul Buffalo Ghee 1L,Ghee & Cooking Essentials,Buffalo Ghee,1L,703,787.21,363,959,Evans-Hodges,8,2025-10-05,Hot Storage,2024-10-26,B7008,344,Warehouse-7
71930565,Amul Cow Ghee 1L,Ghee & Cooking Essentials,Cow Ghee,1L,800,1043.21,264,506,"Turner, Gibson and Howard",30,2025-01-10,Chilled,2024-12-07,B7767,34,Warehouse-3
45007361,Amul Vanilla Ice Cream 1L,Ice Creams,Premium Ice Cream,1L,149,177.54,450,133,"Herrera, Bird and Cervantes",3,2025-08-14,hot & Cold Storage,2025-03-21,B6604,146,Warehouse-2
97241768,Amul Chocolate Ice Cream 1L,Ice Creams,Premium Ice Cream,1L,300,343.51,385,770,Beasley Inc,19,2026-04-13,Cold Storage,2025-07-11,B1901,276,Warehouse-2
70549300,Amul Dark Chocolate 150g,Chocolates,Dark Chocolate,150g,114,140.07,220,608,"Kent, Jackson and Mejia",2,2025-05-04,hot & Cold Storage,2024-12-10,B7552,145,Warehouse-10
88384214,Amul Lite Spread 250g,Butter & Spreads,Cheese Spread,250g,54,78.53,282,444,Sanders-Smith,12,2025-01-17,Frozen,2024-09-04,B3958,135,Warehouse-1
14921131,Amul Cheesy Corn Puffs 150g,Snacks & Savories,Others,150g,550,812.72,233,713,Soto PLC,14,2025-12-21,Refrigerated,2025-04-22,B6703,243,Warehouse-6
68165390,Amul Kool Café 200ml,Beverages,Others,200ml,51,58.51,280,421,Carpenter Inc,27,2025-06-14,Cold Storage,2024-09-30,B5968,257,Warehouse-4
31256377,Amul Happy Treats Veggie Stix 400g,Others,Others,400g,500,581.93,113,239,"Knight, West and Douglas",28,2025-08-29,Ambient,2025-04-01,B4207,150,Warehouse-1
40523156,Amul Taaza UHT Milk 1L,UHT & Long Life,Others,1L,150,166.81,263,327,Peterson and Sons,11,2025-03-02,Frozen,2025-01-18,B4232,43,Warehouse-8
64829395,Amul Cream Tetra Pack 250ml,UHT & Long Life,Others,250ml,150,198.63,276,337,Haynes-Castillo,1,2026-03-08,hot & Cold Storage,2025-06-16,B2518,265,Warehouse-3
18439717,Amul Frozen Cheese Corn Nuggets 400g,Bakery & Frozen,Frozen Sweets,400g,250,349.1,132,973,"Lewis, Ramirez and Elliott",27,2025-06-26,Cold Storage,2024-09-15,B3858,284,Warehouse-5
97994268,Amul Butter Scotch Ice Cream 1L,Ice Creams,Premium Ice Cream,1L,300,370.3,194,616,"Thomas, Fitzgerald and James",29,2025-07-29,Cold Storage,2025-01-15,B3510,195,Warehouse-8
24078757,Amul Kesar Pista Ice Cream 1L,Ice Creams,Premium Ice Cream,1L,300,342.92,497,647,Peters Group,3,2025-05-22,hot & Cold Storage,2024-11-08,B2270,195,Warehouse-2
18798487,Amul Cheese Danish 120g,Bakery Items,Others,120g,53,62.73,385,567,"Ramsey, Luna and Fischer",9,2025-06-27,Cold Storage,2025-01-20,B7744,158,Warehouse-1
16367289,Amul Strawberry Magic 750ml,Ice Creams,Others,750ml,300,444.86,354,368,"Rice, Maxwell and Edwards",9,2025-08-12,Ambient,2025-05-22,B8512,82,Warehouse-2
70167474,Amul Frozen Paratha 400g,Bakery & Frozen,Frozen Paratha,400g,250,363.61,497,636,Perez Group,26,2026-03-25,Chilled,2025-05-08,B2619,321,Warehouse-1
24078757,Amul Kesar Pista Ice Cream 1L,Ice Creams,Premium Ice Cream,1L,300,367.6,317,410,Marshall PLC,19,2025-08-10,hot & Cold Storage,2025-07-09,B6536,32,Warehouse-8
83184284,Amul Kool Koko 200ml,Beverages,Others,200ml,120,146.87,366,528,Fowler Group,21,2025-06-13,Cold Storage,2024-09-27,B1470,259,Warehouse-5
26598550,Amul Masti Buttermilk 500ml,Dairy Products,Others,500ml,100,135.09,418,180,Neal-Elliott,13,2025-08-09,Chilled,2025-04-21,B6159,110,Warehouse-7
57937380,Amul Protein Shake Chocolate 200ml,Health & Nutrition,Others,200ml,600,869.99,317,960,Cooke-Jordan,19,2025-03-24,Refrigerated,2024-12-13,B8766,101,Warehouse-5
16267619,Amul Garlic & Herbs Butter 100g,Butter & Spreads,Others,100g,50,63.09,335,142,Clark Group,21,2026-01-29,Room Temperature,2025-03-30,B7480,305,Warehouse-10
84729804,Amul Greek Yogurt Mango 100g,Probiotic & Health Range,Greek Yogurt,100g,178,234.39,478,740,"Haas, Williams and Nunez",29,2025-10-29,Room Temperature,2025-01-16,B2652,286,Warehouse-10
91017437,Amul Lactose-Free Milk 1L,Dairy Products,Others,1L,100,122.05,163,424,Ross-Molina,26,2025-04-07,Frozen,2024-11-17,B5352,141,Warehouse-4
45319204,Amul Slim UHT Milk 1L,UHT & Long Life,Others,1L,150,215.73,190,444,Banks-Avila,27,2025-12-05,Hot Storage,2025-03-19,B1333,261,Warehouse-10
41910047,Amul Gold UHT Milk 1L,UHT & Long Life,Others,1L,150,207.69,263,533,Jones Inc,15,2024-12-01,Chilled,2024-10-26,B4310,36,Warehouse-3
70134094,Amul Tru Apple Juice 200ml,Beverages,Juice,200ml,74,98.08,285,862,Moreno-Lewis,4,2025-10-20,Room Temperature,2025-08-08,B3997,73,Warehouse-5
81997831,Amul Cheese Crackers 120g,Snacks & Savories,Others,120g,509,702.95,455,575,Garcia PLC,22,2025-06-15,Room Temperature,2025-02-25,B5972,110,Warehouse-1
7241154,Amul Rajbhog Ice Cream 1L,Ice Creams,Premium Ice Cream,1L,300,351.39,289,757,"Carney, Herrera and Smith",15,2025-08-14,Room Temperature,2024-11-07,B1022,280,Warehouse-8
94900507,Amul Peanut Spread Crunchy 200g,Butter & Spreads,Cheese Spread,200g,100,144.35,166,262,"Brown, Mejia and Rodriguez",2,2025-11-10,hot & Cold Storage,2025-03-22,B4965,233,Warehouse-3
71579542,Amul Mystic Mocha Chocolate 150g,Chocolates,Dark Chocolate,150g,30,33.22,442,422,"Casey, Casey and Shelton",2,2026-07-19,Cold Storage,2025-08-04,B1876,349,Warehouse-9
88384214,Amul Lite Spread 250g,Butter & Spreads,Cheese Spread,250g,54,64.9,104,968,Hughes Group,17,2025-06-20,Frozen,2025-04-11,B6474,70,Warehouse-7
68137847,Amul Kulfi 60ml,Ice Creams,Kulfi,60ml,107,131.63,100,819,Montoya and Sons,5,2024-11-13,Room Temperature,2024-09-06,B4268,68,Warehouse-5
94900507,Amul Peanut Spread Crunchy 200g,Butter & Spreads,Cheese Spread,200g,100,125.89,233,703,Farley Ltd,3,2025-07-22,hot & Cold Storage,2024-11-22,B2150,242,Warehouse-4
43280889,Amul Malai Paneer 1kg,Dairy Products,Paneer Blocks,1kg,100,128.52,476,265,"Wheeler, Davis and Campbell",21,2025-10-06,Cold Storage,2025-05-12,B6682,147,Warehouse-8
40563084,Amul Pure Ghee 500ml,Ghee & Cooking Essentials,Cow Ghee,500ml,411,572.35,166,485,Mills Group,1,2025-05-10,Room Temperature,2024-11-18,B2367,173,Warehouse-6
54796676,Amul White Butter 500g,Ghee & Cooking Essentials,Others,500g,800,1001.67,406,652,Gilbert-Cooper,26,2025-09-22,hot & Cold Storage,2025-01-11,B7088,254,Warehouse-9
91980489,Amul Masala Peanuts 250g,Snacks & Savories,Others,250g,258,314.01,354,104,Pearson PLC,23,2025-12-16,Cold Storage,2025-07-10,B4767,159,Warehouse-7
36576395,Amul Kool Café Can 250ml,Others,Others,250ml,500,741.84,479,503,Weaver Ltd,17,2025-12-13,Ambient,2025-08-11,B2234,124,Warehouse-7
43726257,Amul Shrikhand Kesar 500g,Specialty Products,Others,500g,400,587.71,123,600,Maldonado-Hayes,3,2025-10-17,Room Temperature,2025-01-25,B3238,265,Warehouse-9
93245593,Amul Multigrain Dahi 200g,Health & Nutrition,Others,200g,158,230.34,204,573,"Lewis, Rivera and Taylor",29,2025-12-19,Cold Storage,2025-03-08,B8324,286,Warehouse-9
206846,Amul Cooking Butter 500g,Ghee & Cooking Essentials,Cooking Ghee,500g,800,1000.73,228,696,Rodriguez-Leblanc,7,2026-02-20,Hot Storage,2025-03-10,B5913,347,Warehouse-8
56068016,Amul Fortified Milk 1L,Health & Nutrition,Others,1L,600,741.46,120,456,Rodriguez-Scott,18,2025-10-22,Refrigerated,2024-12-04,B6683,322,Warehouse-7
91980489,Amul Masala Peanuts 250g,Snacks & Savories,Others,250g,258,314.41,133,501,"Hester, Holt and Rios",20,2025-02-02,Cold Storage,2024-12-27,B3651,37,Warehouse-6
79195263,Amul Kool Saffron Milk 200ml,Beverages,Others,200ml,120,167.77,319,793,"Leon, Everett and White",21,2025-02-02,Ambient,2025-01-14,B4215,19,Warehouse-7
12337385,Amul Shrikhand Elaichi 500g,Specialty Products,Others,500g,400,590.73,133,520,Reyes-Durham,3,2025-09-16,Ambient,2024-10-30,B4369,321,Warehouse-8
68165390,Amul Kool Café 200ml,Beverages,Others,200ml,51,70.99,298,609,Gibson Inc,29,2026-02-03,Cold Storage,2025-07-07,B3561,211,Warehouse-5
45319204,Amul Slim UHT Milk 1L,UHT & Long Life,Others,1L,150,205.74,241,490,Middleton and Sons,27,2025-10-09,Hot Storage,2025-01-08,B9688,274,Warehouse-4
34223963,Amul Vanilla Muffin 90g,Bakery Items,Others,90g,51,71.23,438,732,"Mitchell, Hampton and Wang",21,2025-08-10,hot & Cold Storage,2024-09-16,B8778,328,Warehouse-1
71579542,Amul Mystic Mocha Chocolate 150g,Chocolates,Dark Chocolate,150g,30,33.58,301,605,"Mccarthy, Williams and Medina",20,2025-10-28,Cold Storage,2025-01-31,B1871,270,Warehouse-1
91017437,Amul Lactose-Free Milk 1L,Dairy Products,Others,1L,100,136.21,184,227,Johnson-Larson,6,2025-05-10,Frozen,2024-11-06,B4188,185,Warehouse-10
53074058,Amul Cheddar Cheese 200g,Cheese & Cheese Products,Cheddar Cheese,200g,500,705.24,383,434,Hernandez Group,1,2026-05-21,Cold Storage,2025-06-10,B4835,345,Warehouse-6
97719922,Amul Cheese Block 500g,Cheese & Cheese Products,Cream Cheese,500g,500,742.93,158,120,"Jones, Woods and Blanchard",18,2025-11-21,Room Temperature,2025-02-04,B2608,290,Warehouse-8
33992976,Amul Probiotic Dahi 400g,Probiotic & Health Range,Probiotic Curd,400g,250,338.96,357,857,"Thomas, Myers and Williams",5,2025-09-26,Frozen,2024-10-19,B2574,342,Warehouse-4
43280889,Amul Malai Paneer 1kg,Dairy Products,Paneer Blocks,1kg,100,132.01,324,789,Edwards Inc,14,2026-04-04,Cold Storage,2025-04-10,B6954,359,Warehouse-10
46612151,Amul Processed Cheese Cube 200g,Cheese & Cheese Products,Processed Cheese,200g,238,337.66,222,169,Hobbs Inc,24,2025-06-02,Refrigerated,2024-09-15,B7350,260,Warehouse-10
14415647,Amul Kool Rose Milk 200ml,Beverages,Others,200ml,120,168.64,373,973,Murray-Miller,17,2026-01-25,Room Temperature,2025-03-15,B3713,316,Warehouse-8
14701085,Amul Kool Elaichi Milk 200ml,Beverages,Lassi,200ml,120,167.72,425,783,Tapia LLC,17,2025-06-09,Hot Storage,2024-09-18,B5008,264,Warehouse-3
79195263,Amul Kool Saffron Milk 200ml,Beverages,Others,200ml,120,171.77,213,623,"Holloway, Pollard and Williams",24,2026-02-11,Ambient,2025-06-03,B2120,253,Warehouse-1
97994268,Amul Butter Scotch Ice Cream 1L,Ice Creams,Premium Ice Cream,1L,300,404.41,362,159,"Evans, Fischer and Mckinney",7,2025-02-26,Cold Storage,2024-10-06,B5670,143,Warehouse-2
78916050,Amul Gouda Cheese 200g,Cheese & Cheese Products,Gouda Cheese,200g,500,747.09,141,162,Hansen PLC,8,2024-09-15,Hot Storage,2024-08-23,B4201,23,Warehouse-3
71235158,Amul Strawberry Lassi 250ml,Beverages (New Flavors),Others,250ml,600,769.59,431,178,"Mathis, Roman and Richardson",24,2025-03-28,Refrigerated,2025-02-04,B5448,52,Warehouse-3
54796676,Amul White Butter 500g,Ghee & Cooking Essentials,Others,500g,800,956.38,290,438,"Clark, Fox and Riley",14,2025-03-14,hot & Cold Storage,2025-02-11,B3794,31,Warehouse-9
91503640,Amul Spiced Buttermilk 500ml,Dairy Products,Others,500ml,99,146.89,207,353,Stewart-Curtis,29,2026-03-06,Room Temperature,2025-06-13,B9841,266,Warehouse-4
82147020,Amul Almond Bar 40g,Chocolates,Others,40g,57,72.13,235,845,Francis-Johnson,27,2025-07-13,Room Temperature,2024-09-13,B1725,303,Warehouse-10
70537390,Amul Cheese Spread Red Chilli Flakes 200g,Butter & Spreads,Cheese Spread,200g,68,98.4,151,898,Miller PLC,19,2025-07-09,hot & Cold Storage,2025-05-17,B6968,53,Warehouse-9
42543602,Amul Choco Milk 200ml,Beverages (New Flavors),Others,200ml,301,405.86,285,549,Mcmahon Ltd,12,2026-01-07,hot & Cold Storage,2025-01-17,B2794,355,Warehouse-2
84729804,Amul Greek Yogurt Mango 100g,Probiotic & Health Range,Greek Yogurt,100g,178,241.1,456,909,Davis Group,13,2025-08-07,Room Temperature,2025-06-05,B1755,63,Warehouse-5
81837793,Amul Low Fat Yogurt 100g,Health & Nutrition,Others,100g,436,607.5,445,588,Brewer Ltd,17,2024-12-01,Hot Storage,2024-10-05,B8520,57,Warehouse-3
43726257,Amul Shrikhand Kesar 500g,Specialty Products,Others,500g,400,479.21,464,226,Davis and Sons,3,2025-08-02,Room Temperature,2024-08-29,B5497,338,Warehouse-1
36576395,Amul Kool Café Can 250ml,Others,Others,250ml,500,554.36,137,292,Phillips-Carpenter,5,2025-08-31,Ambient,2025-03-21,B1370,163,Warehouse-10
31256377,Amul Happy Treats Veggie Stix 400g,Others,Others,400g,500,648.26,130,150,Ryan-Martinez,29,2025-11-02,Ambient,2024-12-14,B9147,323,Warehouse-3
64829395,Amul Cream Tetra Pack 250ml,UHT & Long Life,Others,250ml,150,208.64,305,758,"Smith, Mcconnell and Hudson",12,2025-07-17,hot & Cold Storage,2024-10-20,B9761,270,Warehouse-4
12571772,Amul Basundi 1L,Specialty Products,Others,1L,400,460.82,189,644,Delacruz-Bryant,16,2026-07-26,hot & Cold Storage,2025-08-07,B5205,353,Warehouse-6
37245757,Amul Spicy Potato Chips 200g,Snacks & Savories,Others,200g,54,66.09,145,793,"Ray, Wright and Morton",19,2026-01-10,Frozen,2025-06-07,B4010,217,Warehouse-1
21750991,Amul Greek Yogurt Strawberry 100g,Probiotic & Health Range,Greek Yogurt,100g,223,263.76,126,153,"Wells, Castro and Smith",29,2025-10-29,hot & Cold Storage,2025-02-07,B1040,264,Warehouse-4
91017437,Amul Lactose-Free Milk 1L,Dairy Products,Others,1L,100,115.56,302,969,Parker-Alvarado,2,2026-02-03,Frozen,2025-07-21,B7535,197,Warehouse-3
12337385,Amul Shrikhand Elaichi 500g,Specialty Products,Others,500g,400,599.54,248,399,Acosta-Thomas,27,2024-11-12,Ambient,2024-10-10,B3104,33,Warehouse-8
78916050,Amul Gouda Cheese 200g,Cheese & Cheese Products,Gouda Cheese,200g,500,743.83,420,877,Lloyd-Riley,4,2026-04-18,Hot Storage,2025-07-10,B1223,282,Warehouse-5
11289388,Amul Rasmalai 500g,Specialty Products,Others,500g,400,595.4,427,888,Martinez-Robbins,10,2025-06-29,Frozen,2025-01-13,B1280,167,Warehouse-10
81837793,Amul Low Fat Yogurt 100g,Health & Nutrition,Others,100g,436,646.26,402,566,"Page, Romero and Reed",30,2024-09-24,Hot Storage,2024-09-02,B3511,22,Warehouse-9
25444452,Amul Ice Cream Cake 1kg,Others,Others,1kg,500,710.51,401,382,Blankenship LLC,5,2025-10-26,hot & Cold Storage,2024-11-30,B8961,330,Warehouse-6
43280889,Amul Malai Paneer 1kg,Dairy Products,Paneer Blocks,1kg,100,142.57,285,105,"Barnes, Woods and Reed",11,2025-08-06,Cold Storage,2024-09-15,B7841,325,Warehouse-1
1148473,Amul Camel Milk 500ml,Others,Others,500ml,500,679.36,472,950,Palmer Ltd,6,2026-06-30,Frozen,2025-08-04,B4347,330,Warehouse-5
91503640,Amul Spiced Buttermilk 500ml,Dairy Products,Others,500ml,99,113.03,463,436,Reyes-Campbell,16,2025-09-11,Room Temperature,2025-04-09,B3502,155,Warehouse-2
62882309,Amul Frozen Paneer Tikka 500g,Bakery & Frozen,Frozen Paratha,500g,250,285.51,339,567,"Jensen, Matthews and Alvarado",15,2025-11-01,Hot Storage,2025-07-08,B4314,116,Warehouse-4
21365294,Amul Greek Yogurt Blueberry 100g,Probiotic & Health Range,Greek Yogurt,100g,245,355.06,148,743,Sanders Ltd,2,2025-06-21,Chilled,2024-09-21,B3748,273,Warehouse-7
69924743,Amul Shrikhand Mango 500g,Specialty Products,Others,500g,400,472.23,291,433,"Mcdonald, Watson and Sullivan",8,2025-07-21,Ambient,2025-06-14,B6451,37,Warehouse-4
83734632,Amul Cheese Spread Yummy Plain 200g,Butter & Spreads,Cheese Spread,200g,177,217.79,382,877,"Johnson, Mcguire and Morton",24,2025-09-18,Ambient,2024-10-07,B4479,346,Warehouse-8
68137847,Amul Kulfi 60ml,Ice Creams,Kulfi,60ml,107,147.03,410,525,"Watkins, Woodard and Cox",24,2025-03-12,Room Temperature,2024-11-28,B8343,104,Warehouse-6
79195263,Amul Kool Saffron Milk 200ml,Beverages,Others,200ml,120,143.48,168,966,Li-Scott,1,2025-05-18,Ambient,2025-04-09,B1063,39,Warehouse-7
31256377,Amul Happy Treats Veggie Stix 400g,Others,Others,400g,500,736.25,339,527,Mckinney-Salinas,9,2025-02-20,Ambient,2024-09-09,B4199,164,Warehouse-2
14415647,Amul Kool Rose Milk 200ml,Beverages,Others,200ml,120,151.34,189,176,"Montgomery, Strickland and Moore",27,2025-08-08,Room Temperature,2024-09-13,B1795,329,Warehouse-1
16994393,Amul Taaza Milk 1L,Dairy Products,Others,1L,100,141.59,347,276,Cabrera-King,24,2025-05-01,Hot Storage,2025-01-17,B7730,104,Warehouse-2
64335100,Amul Slim & Trim Milk 500ml,Dairy Products,Others,500ml,100,138.75,213,657,Griffin-Conley,22,2025-10-16,Ambient,2024-11-25,B8478,325,Warehouse-7
44564353,Amul Fresh Cream 250ml,Dairy Products,Others,250ml,100,141.09,270,871,Jones Inc,1,2025-02-09,Room Temperature,2024-08-24,B1577,169,Warehouse-1
79291279,Amul Butter 500g,Butter & Spreads,Salted Butter,500g,200,259.67,395,395,Reed Ltd,27,2026-01-26,Chilled,2025-03-03,B2917,329,Warehouse-6
78916050,Amul Gouda Cheese 200g,Cheese & Cheese Products,Gouda Cheese,200g,500,604.44,481,381,"Martinez, Cain and Buchanan",11,2026-05-14,Hot Storage,2025-07-06,B8859,312,Warehouse-2
53074058,Amul Cheddar Cheese 200g,Cheese & Cheese Products,Cheddar Cheese,200g,500,640.09,466,232,"Smith, Sloan and Wells",2,2025-07-27,Cold Storage,2025-04-10,B7557,108,Warehouse-7
79666428,Amul Pizza Cheese 1kg,Cheese & Cheese Products,Gouda Cheese,1kg,500,677.64,401,525,Reyes PLC,19,2025-11-05,Hot Storage,2024-11-25,B7422,345,Warehouse-3
43280889,Amul Malai Paneer 1kg,Dairy Products,Paneer Blocks,1kg,100,142.92,297,445,Nunez PLC,18,2025-10-27,Cold Storage,2025-04-02,B8557,208,Warehouse-5
94900507,Amul Peanut Spread Crunchy 200g,Butter & Spreads,Cheese Spread,200g,100,115.6,258,472,Miranda-Bell,4,2025-08-31,hot & Cold Storage,2025-06-07,B4621,85,Warehouse-8
16443921,Amul Fruit & Nut Chocolate 150g,Chocolates,Fruit & Nut Chocolate,150g,150,211.49,402,342,"Bailey, Jones and Nguyen",17,2026-05-06,hot & Cold Storage,2025-05-31,B4069,340,Warehouse-2
14909382,Amul Cassata Slice 120ml,Ice Creams,Others,120ml,56,82.64,440,274,"Garrett, Rice and Ruiz",27,2025-11-20,hot & Cold Storage,2025-01-03,B7918,321,Warehouse-3
81997831,Amul Cheese Crackers 120g,Snacks & Savories,Others,120g,509,657.69,398,550,Powers and Sons,1,2025-12-04,Room Temperature,2025-03-03,B6926,276,Warehouse-2
14701085,Amul Kool Elaichi Milk 200ml,Beverages,Lassi,200ml,120,168.49,472,730,"Sparks, Cross and Deleon",26,2025-02-26,Hot Storage,2024-10-24,B1047,125,Warehouse-4
79195263,Amul Kool Saffron Milk 200ml,Beverages,Others,200ml,120,144.52,147,761,Campbell-Velazquez,14,2026-05-09,Ambient,2025-07-07,B9845,306,Warehouse-6
70134094,Amul Tru Apple Juice 200ml,Beverages,Juice,200ml,74,106.02,362,234,Bauer Ltd,3,2025-09-30,Room Temperature,2025-02-18,B8831,224,Warehouse-9
11288909,Amul Mithai Mate Condensed Milk 400g,Dairy Products,Others,400g,100,118.75,421,508,Miller-Brown,19,2025-10-05,Frozen,2024-11-15,B5067,324,Warehouse-10
4957799,Amul Masti Dahi 400g,Probiotic & Health Range,Misti Doi,400g,250,330.14,139,198,"Scott, Graham and Rodgers",15,2025-04-03,Cold Storage,2025-01-10,B4013,83,Warehouse-9
4664321,Amul Buttermilk Masala 200ml,Beverages (New Flavors),Others,200ml,600,791.56,402,596,"Johnson, Sanchez and Lopez",2,2026-03-12,Hot Storage,2025-08-19,B1761,205,Warehouse-6
83184284,Amul Kool Koko 200ml,Beverages,Others,200ml,120,146.36,324,791,Graham LLC,13,2025-08-12,Cold Storage,2025-05-22,B1761,82,Warehouse-4
18315080,Amul Paneer 200g,Dairy Products,Paneer Cubes,200g,61,67.54,213,614,Woodard-Johnson,12,2025-06-20,Hot Storage,2024-08-23,B5183,301,Warehouse-5
36576395,Amul Kool Café Can 250ml,Others,Others,250ml,500,681.61,430,399,"Bennett, Orozco and Bowers",3,2025-01-05,Ambient,2024-09-05,B5605,122,Warehouse-2
45007361,Amul Vanilla Ice Cream 1L,Ice Creams,Premium Ice Cream,1L,149,209.03,199,418,Campbell PLC,19,2025-05-24,hot & Cold Storage,2025-01-18,B6326,126,Warehouse-4
91980489,Amul Masala Peanuts 250g,Snacks & Savories,Others,250g,258,321.88,265,829,Stevens Group,11,2025-05-17,Cold Storage,2025-04-25,B9791,22,Warehouse-3
40523156,Amul Taaza UHT Milk 1L,UHT & Long Life,Others,1L,150,193.12,313,790,Hughes Inc,4,2025-01-31,Frozen,2024-09-16,B4092,137,Warehouse-1
71930565,Amul Cow Ghee 1L,Ghee & Cooking Essentials,Cow Ghee,1L,800,1150.36,396,676,Massey-Ewing,10,2025-10-21,Chilled,2025-02-20,B8328,243,Warehouse-3
18798487,Amul Cheese Danish 120g,Bakery Items,Others,120g,53,61.62,489,363,Stone-Brewer,8,2025-11-22,Cold Storage,2025-07-02,B7869,143,Warehouse-9
97719922,Amul Cheese Block 500g,Cheese & Cheese Products,Cream Cheese,500g,500,737.46,303,691,"Doyle, Garcia and Johnson",25,2025-11-05,Room Temperature,2025-03-04,B4421,246,Warehouse-3
81997831,Amul Cheese Crackers 120g,Snacks & Savories,Others,120g,509,637.42,403,406,Morris and Sons,8,2026-01-11,Room Temperature,2025-05-10,B7792,246,Warehouse-5
91980489,Amul Masala Peanuts 250g,Snacks & Savories,Others,250g,258,288.03,417,571,Anderson-Marks,26,2025-08-27,Cold Storage,2024-12-28,B6452,242,Warehouse-3
53074058,Amul Cheddar Cheese 200g,Cheese & Cheese Products,Cheddar Cheese,200g,500,680.51,221,955,Hall and Sons,28,2026-04-23,Cold Storage,2025-05-09,B3651,349,Warehouse-1
83184284,Amul Kool Koko 200ml,Beverages,Others,200ml,120,134.12,304,633,White-Thomas,29,2025-08-15,Cold Storage,2025-06-03,B8436,73,Warehouse-9
37505707,Amul Choco Chips Ice Cream 1L,Ice Creams,Premium Ice Cream,1L,300,410.03,200,788,"Hicks, Carroll and Sanchez",22,2026-05-01,Cold Storage,2025-05-18,B5624,348,Warehouse-1
62232487,Amul Milk Chocolate 150g,Chocolates,Milk Chocolate,150g,115,152.58,236,238,Phillips LLC,28,2026-02-11,Ambient,2025-07-05,B8003,221,Warehouse-9
92496774,Amul Cheese Slices 200g,Cheese & Cheese Products,Cheese Slices,200g,357,500.09,119,171,"Galvan, Gardner and Moore",22,2026-02-15,Frozen,2025-05-01,B5022,290,Warehouse-7
80405061,Amul A2 Cow Milk 1L,Others,Others,1L,500,703.04,378,853,"Edwards, Hernandez and Gonzalez",17,2026-07-07,Refrigerated,2025-07-12,B6195,360,Warehouse-4
68137847,Amul Kulfi 60ml,Ice Creams,Kulfi,60ml,107,138.18,127,663,Cruz LLC,14,2024-12-12,Room Temperature,2024-09-10,B1808,93,Warehouse-7
97994268,Amul Butter Scotch Ice Cream 1L,Ice Creams,Premium Ice Cream,1L,300,387.37,371,409,"Malone, Brown and Russell",12,2025-07-23,Cold Storage,2025-03-21,B2005,124,Warehouse-6
31363198,Amul Mango Lassi 250ml,Beverages (New Flavors),Others,250ml,600,791.55,126,560,Romero Group,9,2025-03-01,hot & Cold Storage,2024-11-19,B7312,102,Warehouse-4
88384214,Amul Lite Spread 250g,Butter & Spreads,Cheese Spread,250g,54,60.91,368,203,Moran Inc,26,2026-02-24,Frozen,2025-07-06,B7598,233,Warehouse-4
91017437,Amul Lactose-Free Milk 1L,Dairy Products,Others,1L,100,129.11,123,240,"Osborne, Baker and Khan",6,2025-10-02,Frozen,2025-01-19,B8676,256,Warehouse-6
4664321,Amul Buttermilk Masala 200ml,Beverages (New Flavors),Others,200ml,600,742.85,416,200,"Brown, Jimenez and Murphy",20,2026-01-13,Hot Storage,2025-02-08,B9052,339,Warehouse-7
81837793,Amul Low Fat Yogurt 100g,Health & Nutrition,Others,100g,436,537.09,106,280,Galloway Ltd,20,2026-06-22,Hot Storage,2025-07-09,B3000,348,Warehouse-8
83734632,Amul Cheese Spread Yummy Plain 200g,Butter & Spreads,Cheese Spread,200g,177,207.84,137,805,Morales and Sons,8,2026-03-04,Ambient,2025-07-15,B4026,232,Warehouse-4
18009972,Amul Organic Ghee 500ml,Others,Others,500ml,500,687.31,125,749,"Banks, Delgado and Charles",1,2025-10-01,Chilled,2024-10-21,B6635,345,Warehouse-3
93245593,Amul Multigrain Dahi 200g,Health & Nutrition,Others,200g,158,225.09,151,323,"Clark, Dodson and Payne",6,2025-08-09,Cold Storage,2024-11-25,B6363,257,Warehouse-1
59239307,Amul Mozzarella Cheese 200g,Cheese & Cheese Products,Mozzarella Cheese,200g,500,599.94,415,208,"Petersen, White and Guzman",11,2025-07-17,Room Temperature,2025-05-18,B7849,60,Warehouse-2
40523156,Amul Taaza UHT Milk 1L,UHT & Long Life,Others,1L,150,197.21,441,165,Roth LLC,28,2025-12-19,Frozen,2025-06-19,B5189,183,Warehouse-6
83950377,Amul Veggie Sticks 100g,Snacks & Savories,Others,100g,85,121.59,173,811,"Ruiz, Thomas and Watkins",12,2026-04-16,Refrigerated,2025-08-16,B6809,243,Warehouse-7
31363198,Amul Mango Lassi 250ml,Beverages (New Flavors),Others,250ml,600,759.72,151,839,Werner PLC,12,2025-11-25,hot & Cold Storage,2025-03-25,B8624,245,Warehouse-9
37245757,Amul Spicy Potato Chips 200g,Snacks & Savories,Others,200g,54,67.21,267,120,"Anderson, Thornton and Ortiz",22,2025-12-13,Frozen,2025-03-31,B5914,257,Warehouse-9
54796676,Amul White Butter 500g,Ghee & Cooking Essentials,Others,500g,800,1143.12,218,349,"Cisneros, Contreras and Owens",25,2025-07-23,hot & Cold Storage,2025-06-29,B8980,24,Warehouse-5
45319204,Amul Slim UHT Milk 1L,UHT & Long Life,Others,1L,150,199.29,497,375,"Miller, Fitzgerald and Williams",14,2025-03-23,Hot Storage,2025-01-17,B7394,65,Warehouse-7
71930565,Amul Cow Ghee 1L,Ghee & Cooking Essentials,Cow Ghee,1L,800,1010.56,231,289,"Dunn, Williams and Thompson",26,2025-04-11,Chilled,2024-10-17,B2242,176,Warehouse-2
79666428,Amul Pizza Cheese 1kg,Cheese & Cheese Products,Gouda Cheese,1kg,500,629.13,243,413,Ellis-Hull,6,2025-10-03,Hot Storage,2024-11-02,B9275,335,Warehouse-1
16994393,Amul Taaza Milk 1L,Dairy Products,Others,1L,100,128.24,242,701,Acevedo-Decker,18,2024-11-15,Hot Storage,2024-08-22,B6566,85,Warehouse-5
53074058,Amul Cheddar Cheese 200g,Cheese & Cheese Products,Cheddar Cheese,200g,500,670.55,250,326,Cannon-Ford,29,2024-12-16,Cold Storage,2024-11-05,B1257,41,Warehouse-5
71235158,Amul Strawberry Lassi 250ml,Beverages (New Flavors),Others,250ml,600,697.84,481,785,"Smith, Campos and Bell",3,2025-01-09,Refrigerated,2024-12-13,B1539,27,Warehouse-8
40523156,Amul Taaza UHT Milk 1L,UHT & Long Life,Others,1L,150,180.54,100,681,Morrison-Pacheco,11,2025-11-01,Frozen,2025-03-29,B4999,217,Warehouse-1
14415647,Amul Kool Rose Milk 200ml,Beverages,Others,200ml,120,146.63,274,369,"Garrett, Rivas and Jennings",2,2026-07-17,Room Temperature,2025-08-11,B5902,340,Warehouse-6
88384214,Amul Lite Spread 250g,Butter & Spreads,Cheese Spread,250g,54,70.31,472,441,Wilson-Hoffman,14,2025-07-10,Frozen,2025-02-27,B7370,133,Warehouse-7
18439717,Amul Frozen Cheese Corn Nuggets 400g,Bakery & Frozen,Frozen Sweets,400g,250,361.02,371,736,"Montgomery, Hernandez and Ramirez",9,2025-06-20,Cold Storage,2024-12-27,B8552,175,Warehouse-1
25444452,Amul Ice Cream Cake 1kg,Others,Others,1kg,500,663.43,188,472,"Kerr, Reed and White",7,2026-04-30,hot & Cold Storage,2025-08-20,B2535,253,Warehouse-6
18798487,Amul Cheese Danish 120g,Bakery Items,Others,120g,53,77.0,166,944,"Cross, Wright and Martin",9,2026-01-19,Cold Storage,2025-04-09,B8602,285,Warehouse-2
83184284,Amul Kool Koko 200ml,Beverages,Others,200ml,120,175.9,104,590,Powell-Pena,20,2025-09-22,Cold Storage,2024-11-06,B6617,320,Warehouse-5
82806583,Amul Cheese Tin 500g,Others,Others,500g,500,611.13,388,791,Hinton-Kelly,25,2024-11-27,Frozen,2024-11-02,B4016,25,Warehouse-8
92496774,Amul Cheese Slices 200g,Cheese & Cheese Products,Cheese Slices,200g,357,416.17,401,553,"Powell, James and Page",1,2025-12-27,Frozen,2025-01-08,B8146,353,Warehouse-4
46612151,Amul Processed Cheese Cube 200g,Cheese & Cheese Products,Processed Cheese,200g,238,286.67,269,509,Johnson-Mitchell,20,2026-02-19,Refrigerated,2025-04-14,B2267,311,Warehouse-7
79291279,Amul Butter 500g,Butter & Spreads,Salted Butter,500g,200,292.31,215,562,Elliott PLC,17,2026-07-06,Chilled,2025-07-15,B3457,356,Warehouse-2
53074058,Amul Cheddar Cheese 200g,Cheese & Cheese Products,Cheddar Cheese,200g,500,747.87,262,944,"Taylor, Rasmussen and Harris",2,2025-02-16,Cold Storage,2025-01-27,B7814,20,Warehouse-6
88384214,Amul Lite Spread 250g,Butter & Spreads,Cheese Spread,250g,54,80.26,210,546,"Norris, Hoffman and Watkins",2,2025-02-01,Frozen,2025-01-09,B4386,23,Warehouse-6
57937380,Amul Protein Shake Chocolate 200ml,Health & Nutrition,Others,200ml,600,831.46,256,638,"Rivera, Allen and Sanchez",8,2025-09-27,Refrigerated,2024-11-20,B7232,311,Warehouse-7
70134094,Amul Tru Apple Juice 200ml,Beverages,Juice,200ml,74,83.37,180,529,Delacruz-Flores,29,2025-03-29,Room Temperature,2025-02-17,B1333,40,Warehouse-4
91980489,Amul Masala Peanuts 250g,Snacks & Savories,Others,250g,258,370.3,466,442,Scott and Sons,1,2025-07-28,Cold Storage,2024-09-15,B7004,316,Warehouse-1
13006228,Amul Dark Chocolate Ice Cream 1L,Ice Creams,Premium Ice Cream,1L,300,391.79,284,174,"Villarreal, Bartlett and Pham",8,2026-04-11,Hot Storage,2025-08-19,B8511,235,Warehouse-8
28937579,Amul Chocolate Donut 80g,Bakery Items,Others,80g,429,617.0,356,182,Lee-Robinson,4,2025-02-06,Refrigerated,2024-12-09,B7612,59,Warehouse-4
79666428,Amul Pizza Cheese 1kg,Cheese & Cheese Products,Gouda Cheese,1kg,500,727.99,239,965,Ochoa and Sons,6,2026-06-28,Hot Storage,2025-06-30,B5667,363,Warehouse-6
58937020,Amul Chocolate Brownie 100g,Bakery Items,Others,100g,218,314.03,488,183,Turner-Chan,12,2025-06-01,Refrigerated,2024-11-27,B5815,186,Warehouse-9
31256377,Amul Happy Treats Veggie Stix 400g,Others,Others,400g,500,607.92,434,357,Campbell-Hall,21,2025-07-23,Ambient,2024-11-30,B3672,235,Warehouse-7
97994268,Amul Butter Scotch Ice Cream 1L,Ice Creams,Premium Ice Cream,1L,300,402.03,190,673,Jackson and Sons,16,2025-06-08,Cold Storage,2025-03-30,B2778,70,Warehouse-1
14921131,Amul Cheesy Corn Puffs 150g,Snacks & Savories,Others,150g,550,680.87,319,582,Johnson and Sons,6,2026-01-09,Refrigerated,2025-07-25,B1237,168,Warehouse-9
83184284,Amul Kool Koko 200ml,Beverages,Others,200ml,120,168.37,256,680,"Holmes, Martinez and Gonzales",6,2025-10-11,Cold Storage,2024-10-15,B1585,361,Warehouse-9
43280889,Amul Malai Paneer 1kg,Dairy Products,Paneer Blocks,1kg,100,111.73,385,396,Matthews Ltd,30,2026-03-20,Cold Storage,2025-04-10,B6794,344,Warehouse-2
28937579,Amul Chocolate Donut 80g,Bakery Items,Others,80g,429,505.27,361,444,"Burton, Little and Campbell",23,2025-12-25,Refrigerated,2025-06-22,B9713,186,Warehouse-7
93684965,Amul Mithai Mate UHT 200g,UHT & Long Life,Others,200g,150,194.2,448,165,"Moran, Mitchell and Jones",29,2026-01-09,hot & Cold Storage,2025-06-20,B1508,203,Warehouse-6
91017437,Amul Lactose-Free Milk 1L,Dairy Products,Others,1L,100,138.52,101,406,Reed-Olson,12,2025-04-05,Frozen,2025-03-16,B3144,20,Warehouse-10
40563084,Amul Pure Ghee 500ml,Ghee & Cooking Essentials,Cow Ghee,500ml,411,504.2,430,735,Estrada Group,14,2026-01-08,Room Temperature,2025-05-15,B6263,238,Warehouse-5
70415490,Amul Frozen Veggie Burger Patty 500g,Bakery & Frozen,Frozen Sweets,500g,250,371.83,225,489,Castro-Jones,17,2025-07-07,Room Temperature,2025-06-19,B2944,18,Warehouse-7
92496774,Amul Cheese Slices 200g,Cheese & Cheese Products,Cheese Slices,200g,357,476.9,409,644,Petty PLC,20,2025-08-31,Frozen,2024-11-17,B5221,287,Warehouse-3
14415647,Amul Kool Rose Milk 200ml,Beverages,Others,200ml,120,171.39,117,566,Pacheco-Tran,5,2025-05-21,Room Temperature,2024-10-23,B7171,210,Warehouse-5
42543602,Amul Choco Milk 200ml,Beverages (New Flavors),Others,200ml,301,403.75,475,316,"Garcia, Fernandez and Johnson",11,2026-02-23,hot & Cold Storage,2025-03-07,B2252,353,Warehouse-7
35651383,Amul India Twilight Tryst 150g,Chocolates,Others,150g,150,167.97,460,882,"Clark, Johnson and Dickerson",22,2026-02-17,Hot Storage,2025-07-14,B7705,218,Warehouse-2
70549300,Amul Dark Chocolate 150g,Chocolates,Dark Chocolate,150g,114,142.97,402,269,Wood LLC,22,2025-07-15,hot & Cold Storage,2025-05-16,B4411,60,Warehouse-3
92496774,Amul Cheese Slices 200g,Cheese & Cheese Products,Cheese Slices,200g,357,437.82,198,499,Price LLC,11,2026-05-19,Frozen,2025-08-20,B9176,272,Warehouse-4
93684965,Amul Mithai Mate UHT 200g,UHT & Long Life,Others,200g,150,192.26,280,581,"Carter, Coleman and Reed",24,2025-08-13,hot & Cold Storage,2025-06-19,B8698,55,Warehouse-9
51772550,Amul Pizza Base 200g,Bakery & Frozen,Pizza Base,200g,250,370.3,233,263,Harvey and Sons,26,2024-11-07,Chilled,2024-10-15,B6643,23,Warehouse-6
64935768,Amul Mithai Gulab Jamun Tin 1kg,Specialty Products,Others,1kg,400,532.31,180,765,Morgan Group,13,2026-01-11,Room Temperature,2025-05-30,B2174,226,Warehouse-5
64335100,Amul Slim & Trim Milk 500ml,Dairy Products,Others,500ml,100,142.68,408,955,Bailey-Hernandez,1,2025-08-15,Ambient,2025-01-05,B9149,222,Warehouse-2
56068016,Amul Fortified Milk 1L,Health & Nutrition,Others,1L,600,780.16,294,381,"Sullivan, Salazar and Martinez",29,2026-03-27,Refrigerated,2025-05-18,B2849,313,Warehouse-10
80405061,Amul A2 Cow Milk 1L,Others,Others,1L,500,742.3,310,656,Weber-Welch,26,2025-11-25,Refrigerated,2025-05-30,B8834,179,Warehouse-1
5752287,Amul Camel Milk Chocolate 150g,Others,Others,150g,123,155.63,464,457,Bird Ltd,11,2024-11-19,hot & Cold Storage,2024-09-06,B6125,74,Warehouse-9
40563084,Amul Pure Ghee 500ml,Ghee & Cooking Essentials,Cow Ghee,500ml,411,610.34,427,274,"Larson, Rodriguez and Brown",9,2026-04-07,Room Temperature,2025-08-04,B1970,246,Warehouse-1
71235158,Amul Strawberry Lassi 250ml,Beverages (New Flavors),Others,250ml,600,838.28,106,975,Reynolds-Burke,2,2024-12-03,Refrigerated,2024-11-06,B4181,27,Warehouse-10
64829395,Amul Cream Tetra Pack 250ml,UHT & Long Life,Others,250ml,150,201.67,488,930,Thompson Inc,7,2025-10-24,hot & Cold Storage,2025-05-21,B6859,156,Warehouse-3
14701085,Amul Kool Elaichi Milk 200ml,Beverages,Lassi,200ml,120,141.27,388,438,Smith-Johnson,27,2026-07-08,Hot Storage,2025-07-27,B8130,346,Warehouse-9
70167474,Amul Frozen Paratha 400g,Bakery & Frozen,Frozen Paratha,400g,250,322.24,181,272,Torres-Mccullough,9,2025-07-03,Chilled,2024-10-13,B2748,263,Warehouse-10
97241768,Amul Chocolate Ice Cream 1L,Ice Creams,Premium Ice Cream,1L,300,333.78,436,271,"Russo, Harris and Schroeder",20,2024-12-12,Cold Storage,2024-10-14,B2466,59,Warehouse-9
51783426,Amul Cold Coffee 200ml,Beverages (New Flavors),Others,200ml,375,555.58,433,722,"Jacobs, Rowe and Weaver",7,2025-10-03,Refrigerated,2025-04-19,B7894,167,Warehouse-6
16367289,Amul Strawberry Magic 750ml,Ice Creams,Others,750ml,300,382.88,147,690,Thomas Group,24,2024-12-25,Ambient,2024-10-04,B1498,82,Warehouse-6
83734632,Amul Cheese Spread Yummy Plain 200g,Butter & Spreads,Cheese Spread,200g,177,224.91,232,990,Daniels-Morris,15,2025-03-22,Ambient,2024-08-28,B3325,206,Warehouse-4
93020688,Amul Cheese Spread Garlic 200g,Butter & Spreads,Cheese Spread,200g,200,235.51,434,952,Jackson-Adams,18,2025-08-07,Refrigerated,2025-03-18,B4549,142,Warehouse-1
94900507,Amul Peanut Spread Crunchy 200g,Butter & Spreads,Cheese Spread,200g,100,113.31,133,384,Smith Ltd,26,2025-05-22,hot & Cold Storage,2025-05-05,B4060,17,Warehouse-3
34223963,Amul Vanilla Muffin 90g,Bakery Items,Others,90g,51,74.68,164,209,Matthews PLC,27,2025-10-22,hot & Cold Storage,2024-12-16,B5320,310,Warehouse-9
83184284,Amul Kool Koko 200ml,Beverages,Others,200ml,120,147.7,412,995,"Morales, Valdez and Wise",8,2025-08-29,Cold Storage,2024-10-10,B3869,323,Warehouse-5
63607529,Amul Emmental Cheese 200g,Cheese & Cheese Products,Emmental Cheese,200g,500,597.66,372,221,Johnson Group,4,2026-04-14,Refrigerated,2025-07-05,B6851,283,Warehouse-5
24078757,Amul Kesar Pista Ice Cream 1L,Ice Creams,Premium Ice Cream,1L,300,442.77,493,932,Wright-Jones,4,2025-05-20,hot & Cold Storage,2024-08-30,B1583,263,Warehouse-8
16367289,Amul Strawberry Magic 750ml,Ice Creams,Others,750ml,300,445.22,164,820,Matthews-Wilson,8,2025-04-01,Ambient,2025-03-07,B2703,25,Warehouse-10
7241154,Amul Rajbhog Ice Cream 1L,Ice Creams,Premium Ice Cream,1L,300,446.86,219,604,Barker-Brown,29,2025-10-20,Room Temperature,2024-12-01,B1061,323,Warehouse-10
18315080,Amul Paneer 200g,Dairy Products,Paneer Cubes,200g,61,70.61,443,535,Ross Group,1,2025-09-24,Hot Storage,2024-12-10,B5956,288,Warehouse-10
18798487,Amul Cheese Danish 120g,Bakery Items,Others,120g,53,62.2,384,955,Martin LLC,7,2025-09-23,Cold Storage,2024-10-03,B1887,355,Warehouse-9
43280889,Amul Malai Paneer 1kg,Dairy Products,Paneer Blocks,1kg,100,111.39,134,404,Juarez-Banks,21,2025-01-17,Cold Storage,2024-09-15,B5925,124,Warehouse-5
83734632,Amul Cheese Spread Yummy Plain 200g,Butter & Spreads,Cheese Spread,200g,177,250.03,237,963,"Williams, Hunt and Lee",24,2026-01-28,Ambient,2025-06-15,B6386,227,Warehouse-7
14415647,Amul Kool Rose Milk 200ml,Beverages,Others,200ml,120,139.28,450,505,"Davies, Bryant and Oneal",19,2026-01-09,Room Temperature,2025-06-26,B6450,197,Warehouse-8
31256377,Amul Happy Treats Veggie Stix 400g,Others,Others,400g,500,686.19,348,990,Gill-Alvarez,4,2025-07-22,Ambient,2025-03-18,B5759,126,Warehouse-10
24078757,Amul Kesar Pista Ice Cream 1L,Ice Creams,Premium Ice Cream,1L,300,376.21,204,325,Morris-Aguirre,18,2025-08-05,hot & Cold Storage,2025-06-25,B2039,41,Warehouse-10
83734632,Amul Cheese Spread Yummy Plain 200g,Butter & Spreads,Cheese Spread,200g,177,207.27,176,315,"Anderson, Melton and Scott",30,2025-01-15,Ambient,2024-12-08,B6565,38,Warehouse-6
78916050,Amul Gouda Cheese 200g,Cheese & Cheese Products,Gouda Cheese,200g,500,677.15,215,310,Price PLC,2,2025-11-08,Hot Storage,2024-11-14,B1764,359,Warehouse-3
13006228,Amul Dark Chocolate Ice Cream 1L,Ice Creams,Premium Ice Cream,1L,300,351.75,216,951,Duran Ltd,26,2025-04-18,Hot Storage,2024-11-16,B3093,153,Warehouse-9
64335100,Amul Slim & Trim Milk 500ml,Dairy Products,Others,500ml,100,130.81,259,752,Miller-Powers,10,2025-10-13,Ambient,2024-12-20,B1058,297,Warehouse-4
11288909,Amul Mithai Mate Condensed Milk 400g,Dairy Products,Others,400g,100,148.65,236,683,Patterson-Clark,23,2026-05-07,Frozen,2025-06-27,B1110,314,Warehouse-3
68165390,Amul Kool Café 200ml,Beverages,Others,200ml,51,70.92,415,412,Andrews-Lopez,20,2025-06-08,Cold Storage,2025-05-30,B7956,9,Warehouse-6
37245757,Amul Spicy Potato Chips 200g,Snacks & Savories,Others,200g,54,60.34,327,666,"Lewis, Baxter and Edwards",4,2025-07-24,Frozen,2025-04-25,B4475,90,Warehouse-2
71930565,Amul Cow Ghee 1L,Ghee & Cooking Essentials,Cow Ghee,1L,800,1025.78,481,558,"Reed, Brown and Davis",4,2025-08-26,Chilled,2025-07-10,B8208,47,Warehouse-2
93020688,Amul Cheese Spread Garlic 200g,Butter & Spreads,Cheese Spread,200g,200,247.24,269,665,Delgado and Sons,28,2025-08-15,Refrigerated,2024-09-14,B6275,335,Warehouse-8
25032666,Amul Gold Milk 1L,Dairy Products,Others,1L,100,134.69,483,111,Alexander-Mccarthy,11,2025-07-25,Frozen,2024-12-23,B4883,214,Warehouse-7
45007361,Amul Vanilla Ice Cream 1L,Ice Creams,Premium Ice Cream,1L,149,177.46,123,441,Thompson-Walters,15,2025-12-24,hot & Cold Storage,2025-01-01,B7331,357,Warehouse-9
45007361,Amul Vanilla Ice Cream 1L,Ice Creams,Premium Ice Cream,1L,149,185.06,130,795,Martin-Nash,26,2025-08-28,hot & Cold Storage,2025-05-16,B3204,104,Warehouse-9
91980489,Amul Masala Peanuts 250g,Snacks & Savories,Others,250g,258,355.12,263,915,"Taylor, Santos and Franklin",29,2026-01-16,Cold Storage,2025-03-21,B5027,301,Warehouse-7
18009972,Amul Organic Ghee 500ml,Others,Others,500ml,500,678.17,322,251,Vincent PLC,18,2025-08-28,Chilled,2024-09-15,B2640,347,Warehouse-9
64335100,Amul Slim & Trim Milk 500ml,Dairy Products,Others,500ml,100,144.11,206,797,"Lambert, Hanson and Davis",4,2025-08-19,Ambient,2025-06-04,B4303,76,Warehouse-7
51783426,Amul Cold Coffee 200ml,Beverages (New Flavors),Others,200ml,375,470.88,228,470,Bowers-Miller,20,2025-08-30,Refrigerated,2025-02-17,B9876,194,Warehouse-1
72940877,Amul Butter Cookies 200g,Others,Others,200g,500,689.77,188,443,Hall PLC,7,2025-03-02,Ambient,2025-01-23,B5596,38,Warehouse-10
45319204,Amul Slim UHT Milk 1L,UHT & Long Life,Others,1L,150,180.9,447,418,"Hill, Brown and Hall",28,2025-11-10,Hot Storage,2025-05-12,B5086,182,Warehouse-2
33992976,Amul Probiotic Dahi 400g,Probiotic & Health Range,Probiotic Curd,400g,250,335.84,497,187,Graham Inc,29,2026-06-21,Frozen,2025-07-26,B8549,330,Warehouse-5
24078757,Amul Kesar Pista Ice Cream 1L,Ice Creams,Premium Ice Cream,1L,300,346.16,383,380,"Stephens, Glass and Fuller",12,2026-01-13,hot & Cold Storage,2025-01-26,B3497,352,Warehouse-6
97241768,Amul Chocolate Ice Cream 1L,Ice Creams,Premium Ice Cream,1L,300,341.94,261,836,Vaughn-Gray,7,2025-09-11,Cold Storage,2025-05-14,B5842,120,Warehouse-6
94900507,Amul Peanut Spread Crunchy 200g,Butter & Spreads,Cheese Spread,200g,100,135.86,484,178,"Ford, Houston and Park",10,2025-04-22,hot & Cold Storage,2024-12-22,B4574,121,Warehouse-1
97241768,Amul Chocolate Ice Cream 1L,Ice Creams,Premium Ice Cream,1L,300,420.24,296,584,Rogers-Sullivan,6,2025-06-01,Cold Storage,2024-12-14,B9056,169,Warehouse-3
63607529,Amul Emmental Cheese 200g,Cheese & Cheese Products,Emmental Cheese,200g,500,606.57,167,220,Turner PLC,19,2025-07-19,Refrigerated,2024-10-13,B1518,279,Warehouse-8
21365294,Amul Greek Yogurt Blueberry 100g,Probiotic & Health Range,Greek Yogurt,100g,245,325.69,305,482,Baker-Townsend,7,2026-02-11,Chilled,2025-08-03,B9882,192,Warehouse-10
58937020,Amul Chocolate Brownie 100g,Bakery Items,Others,100g,218,264.02,341,127,"Anderson, Smith and Jones",2,2025-05-08,Refrigerated,2024-09-19,B8321,231,Warehouse-9
12337385,Amul Shrikhand Elaichi 500g,Specialty Products,Others,500g,400,543.69,337,326,Tyler-Parker,4,2025-12-02,Ambient,2024-12-15,B2097,352,Warehouse-10
97719922,Amul Cheese Block 500g,Cheese & Cheese Products,Cream Cheese,500g,500,710.46,316,440,"Lopez, Powell and Contreras",7,2025-02-11,Room Temperature,2024-11-18,B6608,85,Warehouse-8
18009972,Amul Organic Ghee 500ml,Others,Others,500ml,500,647.52,176,107,Hartman-Ball,3,2025-09-26,Chilled,2025-01-01,B6127,268,Warehouse-3
51783426,Amul Cold Coffee 200ml,Beverages (New Flavors),Others,200ml,375,439.33,177,597,"Velasquez, Cooper and Vargas",15,2024-09-04,Refrigerated,2024-08-28,B4344,7,Warehouse-2
1148473,Amul Camel Milk 500ml,Others,Others,500ml,500,747.54,221,749,Watson-Green,22,2026-04-12,Frozen,2025-06-23,B4230,293,Warehouse-1
11288909,Amul Mithai Mate Condensed Milk 400g,Dairy Products,Others,400g,100,124.84,218,519,Mcmillan-Hays,1,2025-06-19,Frozen,2025-04-01,B5485,79,Warehouse-2
82147020,Amul Almond Bar 40g,Chocolates,Others,40g,57,71.56,400,408,"Chaney, Simpson and Rivera",1,2025-09-07,Room Temperature,2024-11-18,B8980,293,Warehouse-8
14415647,Amul Kool Rose Milk 200ml,Beverages,Others,200ml,120,177.8,283,933,"Freeman, Pearson and Gilbert",19,2026-03-06,Room Temperature,2025-08-16,B7489,202,Warehouse-9
16367289,Amul Strawberry Magic 750ml,Ice Creams,Others,750ml,300,373.65,130,456,Taylor-Le,2,2025-09-02,Ambient,2024-09-03,B4144,364,Warehouse-9
88384214,Amul Lite Spread 250g,Butter & Spreads,Cheese Spread,250g,54,77.84,262,293,Huerta Ltd,18,2025-05-02,Frozen,2024-11-15,B1455,168,Warehouse-6
35651383,Amul India Twilight Tryst 150g,Chocolates,Others,150g,150,167.62,345,953,Glover LLC,20,2025-09-24,Hot Storage,2025-02-21,B7393,215,Warehouse-8
70549300,Amul Dark Chocolate 150g,Chocolates,Dark Chocolate,150g,114,142.76,353,630,Olson-Taylor,20,2026-03-02,hot & Cold Storage,2025-04-28,B3737,308,Warehouse-5
28937579,Amul Chocolate Donut 80g,Bakery Items,Others,80g,429,549.71,148,805,"Tate, Perry and Pope",3,2025-04-23,Refrigerated,2025-03-03,B6589,51,Warehouse-8
82806583,Amul Cheese Tin 500g,Others,Others,500g,500,610.27,160,652,Salinas-Benton,23,2026-02-06,Frozen,2025-07-01,B1254,220,Warehouse-8
40523156,Amul Taaza UHT Milk 1L,UHT & Long Life,Others,1L,150,220.03,218,953,Alvarez Ltd,7,2025-08-26,Frozen,2025-03-05,B1539,174,Warehouse-7
91017437,Amul Lactose-Free Milk 1L,Dairy Products,Others,1L,100,112.32,410,306,"Hill, Rhodes and Ramirez",6,2026-02-04,Frozen,2025-03-02,B1064,339,Warehouse-1
21365294,Amul Greek Yogurt Blueberry 100g,Probiotic & Health Range,Greek Yogurt,100g,245,363.27,315,592,White-Young,28,2026-06-15,Chilled,2025-08-10,B9414,309,Warehouse-5
64829395,Amul Cream Tetra Pack 250ml,UHT & Long Life,Others,250ml,150,167.65,136,984,"Fritz, Hernandez and Hood",5,2025-11-13,hot & Cold Storage,2025-03-05,B1022,253,Warehouse-1
31256377,Amul Happy Treats Veggie Stix 400g,Others,Others,400g,500,670.15,401,617,Tran Ltd,22,2025-08-02,Ambient,2025-02-08,B3037,175,Warehouse-6
7241154,Amul Rajbhog Ice Cream 1L,Ice Creams,Premium Ice Cream,1L,300,381.81,163,195,"Davidson, Johnston and Harris",27,2025-09-04,Room Temperature,2024-10-03,B5368,336,Warehouse-7
83184284,Amul Kool Koko 200ml,Beverages,Others,200ml,120,175.41,464,280,"Reyes, Gomez and Stanley",23,2026-07-07,Cold Storage,2025-08-15,B5119,326,Warehouse-3
92496774,Amul Cheese Slices 200g,Cheese & Cheese Products,Cheese Slices,200g,357,431.23,171,269,"Scott, Gonzalez and Forbes",23,2024-12-03,Frozen,2024-10-13,B4658,51,Warehouse-2
7241154,Amul Rajbhog Ice Cream 1L,Ice Creams,Premium Ice Cream,1L,300,335.28,453,671,Rogers and Sons,1,2025-05-14,Room Temperature,2024-09-04,B5483,252,Warehouse-10
21750991,Amul Greek Yogurt Strawberry 100g,Probiotic & Health Range,Greek Yogurt,100g,223,292.44,406,387,Holland and Sons,18,2025-12-06,hot & Cold Storage,2025-06-05,B6198,184,Warehouse-1
74913534,Amul Pro Milk Drink 200g,Beverages,Flavored Milk Drink,200g,120,163.14,148,283,Montoya-Turner,16,2025-05-03,Frozen,2025-03-27,B9641,37,Warehouse-9
18315080,Amul Paneer 200g,Dairy Products,Paneer Cubes,200g,61,89.52,124,339,"Spencer, Price and Freeman",20,2025-11-03,Hot Storage,2025-08-02,B4673,93,Warehouse-8
78916050,Amul Gouda Cheese 200g,Cheese & Cheese Products,Gouda Cheese,200g,500,726.96,433,849,Jenkins LLC,3,2025-07-06,Hot Storage,2025-01-24,B3650,163,Warehouse-6
18009972,Amul Organic Ghee 500ml,Others,Others,500ml,500,694.22,116,216,Myers PLC,10,2025-09-23,Chilled,2024-10-26,B5594,332,Warehouse-2
54796676,Amul White Butter 500g,Ghee & Cooking Essentials,Others,500g,800,1099.3,168,282,Alexander and Sons,4,2025-03-25,hot & Cold Storage,2024-09-27,B5645,179,Warehouse-5
70134094,Amul Tru Apple Juice 200ml,Beverages,Juice,200ml,74,97.49,265,816,Becker Ltd,29,2026-03-17,Room Temperature,2025-07-30,B9035,230,Warehouse-2
71235158,Amul Strawberry Lassi 250ml,Beverages (New Flavors),Others,250ml,600,763.28,162,152,Woods PLC,16,2025-10-16,Refrigerated,2025-03-26,B1908,204,Warehouse-9
71579542,Amul Mystic Mocha Chocolate 150g,Chocolates,Dark Chocolate,150g,30,38.66,452,773,"Sheppard, Newton and Ortega",21,2025-06-20,Cold Storage,2024-11-21,B2653,211,Warehouse-7
74913534,Amul Pro Milk Drink 200g,Beverages,Flavored Milk Drink,200g,120,173.33,265,557,Scott-Robertson,14,2025-02-11,Frozen,2025-02-02,B1113,9,Warehouse-5
70549300,Amul Dark Chocolate 150g,Chocolates,Dark Chocolate,150g,114,148.47,470,340,Rivera-Robinson,27,2025-02-11,hot & Cold Storage,2025-01-25,B3263,17,Warehouse-6
97719922,Amul Cheese Block 500g,Cheese & Cheese Products,Cream Cheese,500g,500,648.3,364,494,Ramirez-Coleman,12,2026-03-13,Room Temperature,2025-03-27,B2389,351,Warehouse-9
79195263,Amul Kool Saffron Milk 200ml,Beverages,Others,200ml,120,151.8,138,268,Zimmerman Ltd,1,2026-04-01,Ambient,2025-07-18,B7512,257,Warehouse-8
37245757,Amul Spicy Potato Chips 200g,Snacks & Savories,Others,200g,54,69.16,136,996,Mccann-Miller,28,2025-08-16,Frozen,2025-06-02,B5159,75,Warehouse-3
80016687,Amul Butter 100g,Butter & Spreads,Salted Butter,100g,198,278.33,188,903,Murray Inc,16,2025-10-13,Refrigerated,2024-11-28,B6982,319,Warehouse-1
31363198,Amul Mango Lassi 250ml,Beverages (New Flavors),Others,250ml,600,684.67,395,229,Frey-Thomas,14,2025-04-27,hot & Cold Storage,2025-03-03,B8627,55,Warehouse-3
43280889,Amul Malai Paneer 1kg,Dairy Products,Paneer Blocks,1kg,100,117.18,340,500,Walsh PLC,2,2025-11-22,Cold Storage,2025-03-29,B2176,238,Warehouse-4
25032666,Amul Gold Milk 1L,Dairy Products,Others,1L,100,120.74,368,940,Mooney-Ramirez,18,2025-09-11,Frozen,2024-12-04,B8647,281,Warehouse-7
79291279,Amul Butter 500g,Butter & Spreads,Salted Butter,500g,200,274.98,367,641,Dixon-Stephens,20,2025-01-23,Chilled,2024-12-22,B2807,32,Warehouse-5
78916050,Amul Gouda Cheese 200g,Cheese & Cheese Products,Gouda Cheese,200g,500,572.25,426,907,Nelson PLC,27,2026-02-16,Hot Storage,2025-07-11,B1693,220,Warehouse-3
14701085,Amul Kool Elaichi Milk 200ml,Beverages,Lassi,200ml,120,142.42,101,590,"Miller, Andersen and Terry",29,2026-03-16,Hot Storage,2025-03-29,B8095,352,Warehouse-2
43280889,Amul Malai Paneer 1kg,Dairy Products,Paneer Blocks,1kg,100,114.46,367,562,"Marquez, Little and Davis",10,2025-08-31,Cold Storage,2025-08-03,B6653,28,Warehouse-3
14415647,Amul Kool Rose Milk 200ml,Beverages,Others,200ml,120,144.23,495,706,Williams and Sons,28,2025-05-27,Room Temperature,2025-02-01,B1782,115,Warehouse-3
97719922,Amul Cheese Block 500g,Cheese & Cheese Products,Cream Cheese,500g,500,621.38,198,706,Mcdonald Group,19,2025-05-18,Room Temperature,2024-08-25,B1399,266,Warehouse-2
91017437,Amul Lactose-Free Milk 1L,Dairy Products,Others,1L,100,122.69,439,137,Garcia-Brown,26,2025-02-02,Frozen,2025-01-02,B2384,31,Warehouse-6
11289388,Amul Rasmalai 500g,Specialty Products,Others,500g,400,514.02,403,430,"Newton, Gordon and Clarke",14,2025-10-09,Frozen,2025-04-28,B6788,164,Warehouse-8
58937020,Amul Chocolate Brownie 100g,Bakery Items,Others,100g,218,243.39,159,674,Lee-Robinson,13,2026-07-04,Refrigerated,2025-07-14,B4746,355,Warehouse-1
21750991,Amul Greek Yogurt Strawberry 100g,Probiotic & Health Range,Greek Yogurt,100g,223,265.91,279,545,Jackson-Johnson,2,2026-03-19,hot & Cold Storage,2025-07-19,B9414,243,Warehouse-8
26980737,Amul Tru Orange Juice 200ml,Beverages,Juice,200ml,116,162.2,146,281,Howard-Lara,30,2025-06-11,Hot Storage,2025-01-17,B6224,145,Warehouse-5
18315080,Amul Paneer 200g,Dairy Products,Paneer Cubes,200g,61,67.52,398,373,Gentry-Ward,14,2025-02-03,Hot Storage,2024-09-20,B6240,136,Warehouse-8
1148473,Amul Camel Milk 500ml,Others,Others,500ml,500,640.78,295,788,Farley-Porter,8,2025-06-28,Frozen,2025-06-15,B7072,13,Warehouse-1
54796676,Amul White Butter 500g,Ghee & Cooking Essentials,Others,500g,800,1097.08,340,911,White-Mckinney,6,2025-11-29,hot & Cold Storage,2025-06-21,B9099,161,Warehouse-5
13006228,Amul Dark Chocolate Ice Cream 1L,Ice Creams,Premium Ice Cream,1L,300,393.62,175,552,Ellis-Robinson,23,2025-02-03,Hot Storage,2024-12-05,B6397,60,Warehouse-4
71235158,Amul Strawberry Lassi 250ml,Beverages (New Flavors),Others,250ml,600,776.21,178,396,"Perry, Harper and Juarez",25,2024-12-19,Refrigerated,2024-12-10,B7789,9,Warehouse-9
26980737,Amul Tru Orange Juice 200ml,Beverages,Juice,200ml,116,171.96,257,175,Robinson-Tran,24,2026-01-30,Hot Storage,2025-01-30,B9523,365,Warehouse-7
83950377,Amul Veggie Sticks 100g,Snacks & Savories,Others,100g,85,107.35,322,806,West Ltd,21,2025-11-23,Refrigerated,2025-02-12,B3371,284,Warehouse-9
62232487,Amul Milk Chocolate 150g,Chocolates,Milk Chocolate,150g,115,136.78,241,274,Barker-Davis,18,2025-04-01,Ambient,2025-03-13,B8763,19,Warehouse-1
51783426,Amul Cold Coffee 200ml,Beverages (New Flavors),Others,200ml,375,556.99,132,890,"Allen, Willis and Swanson",2,2025-04-07,Refrigerated,2024-08-28,B8013,222,Warehouse-4
7241154,Amul Rajbhog Ice Cream 1L,Ice Creams,Premium Ice Cream,1L,300,369.58,132,943,Franco-Stewart,23,2025-10-14,Room Temperature,2024-12-23,B1125,295,Warehouse-3
35651383,Amul India Twilight Tryst 150g,Chocolates,Others,150g,150,169.43,301,138,Marsh Ltd,19,2025-05-18,Hot Storage,2025-01-23,B2322,115,Warehouse-7
51772550,Amul Pizza Base 200g,Bakery & Frozen,Pizza Base,200g,250,306.33,470,125,Brown PLC,28,2025-09-08,Chilled,2024-10-31,B7654,312,Warehouse-5
42543602,Amul Choco Milk 200ml,Beverages (New Flavors),Others,200ml,301,334.21,468,611,Calderon Ltd,4,2024-12-22,hot & Cold Storage,2024-12-05,B9093,17,Warehouse-5
54796676,Amul White Butter 500g,Ghee & Cooking Essentials,Others,500g,800,1124.55,132,209,Avila and Sons,3,2026-03-11,hot & Cold Storage,2025-05-11,B2843,304,Warehouse-10
81997831,Amul Cheese Crackers 120g,Snacks & Savories,Others,120g,509,699.09,329,888,Wilson-Davis,9,2025-07-19,Room Temperature,2025-05-27,B6370,53,Warehouse-8
94900507,Amul Peanut Spread Crunchy 200g,Butter & Spreads,Cheese Spread,200g,100,121.38,234,592,Smith-Sullivan,2,2025-08-16,hot & Cold Storage,2025-01-09,B6197,219,Warehouse-2
12337385,Amul Shrikhand Elaichi 500g,Specialty Products,Others,500g,400,509.12,355,797,Gross Ltd,12,2026-02-05,Ambient,2025-08-08,B5138,181,Warehouse-4
11289388,Amul Rasmalai 500g,Specialty Products,Others,500g,400,482.78,295,952,"Ward, Johnson and Oneal",15,2025-01-30,Frozen,2024-09-22,B4512,130,Warehouse-2
82147020,Amul Almond Bar 40g,Chocolates,Others,40g,57,84.02,424,508,Ali-Frey,18,2025-05-19,Room Temperature,2025-04-20,B6414,29,Warehouse-5
72940877,Amul Butter Cookies 200g,Others,Others,200g,500,739.12,415,402,Nguyen-Lindsey,22,2025-07-27,Ambient,2024-11-22,B4970,247,Warehouse-2
79195263,Amul Kool Saffron Milk 200ml,Beverages,Others,200ml,120,138.76,271,413,"Hines, Harrison and Salinas",22,2025-07-15,Ambient,2024-09-16,B4191,302,Warehouse-2
56068016,Amul Fortified Milk 1L,Health & Nutrition,Others,1L,600,839.74,269,169,"Liu, Johnson and Clark",22,2025-03-15,Refrigerated,2025-03-05,B5309,10,Warehouse-3
79195263,Amul Kool Saffron Milk 200ml,Beverages,Others,200ml,120,150.57,391,605,"Berry, Munoz and Williams",27,2025-06-26,Ambient,2025-02-20,B8299,126,Warehouse-6
91503640,Amul Spiced Buttermilk 500ml,Dairy Products,Others,500ml,99,136.29,335,569,Rowe-Gomez,9,2025-03-26,Room Temperature,2024-10-18,B3230,159,Warehouse-3
61133075,Amul Butter Croissant 80g,Bakery Items,Others,80g,187,230.23,388,540,"Davis, Anderson and Banks",2,2025-10-26,Hot Storage,2025-07-26,B7113,92,Warehouse-2
68165390,Amul Kool Café 200ml,Beverages,Others,200ml,51,66.19,246,811,Guerrero LLC,29,2025-09-20,Cold Storage,2025-03-09,B7895,195,Warehouse-3
80016687,Amul Butter 100g,Butter & Spreads,Salted Butter,100g,198,249.62,417,745,"Garza, Ayala and Francis",14,2025-01-18,Refrigerated,2024-08-26,B6675,145,Warehouse-3
62882309,Amul Frozen Paneer Tikka 500g,Bakery & Frozen,Frozen Paratha,500g,250,312.13,261,286,"Anderson, Stone and Davis",17,2025-01-26,Hot Storage,2024-08-31,B2518,148,Warehouse-2
21750991,Amul Greek Yogurt Strawberry 100g,Probiotic & Health Range,Greek Yogurt,100g,223,254.66,489,697,Herrera Ltd,25,2025-05-09,hot & Cold Storage,2025-04-26,B3986,13,Warehouse-8
40563084,Amul Pure Ghee 500ml,Ghee & Cooking Essentials,Cow Ghee,500ml,411,607.11,355,618,Mendoza Inc,3,2026-06-02,Room Temperature,2025-06-14,B7220,353,Warehouse-2
54796676,Amul White Butter 500g,Ghee & Cooking Essentials,Others,500g,800,988.18,468,927,Tran-Wilson,28,2025-11-17,hot & Cold Storage,2025-05-05,B3500,196,Warehouse-9
92496774,Amul Cheese Slices 200g,Cheese & Cheese Products,Cheese Slices,200g,357,482.46,481,540,"Wyatt, Williams and Bailey",7,2025-10-19,Frozen,2025-06-20,B6667,121,Warehouse-9
69924743,Amul Shrikhand Mango 500g,Specialty Products,Others,500g,400,548.98,179,378,"Rose, Davis and Moore",1,2025-12-14,Ambient,2025-07-07,B2309,160,Warehouse-6
33992976,Amul Probiotic Dahi 400g,Probiotic & Health Range,Probiotic Curd,400g,250,295.16,130,773,"Hunter, Wolf and Smith",10,2026-01-26,Frozen,2025-03-20,B8871,312,Warehouse-4
24078757,Amul Kesar Pista Ice Cream 1L,Ice Creams,Premium Ice Cream,1L,300,350.05,302,925,Mercado-Lambert,17,2025-11-20,hot & Cold Storage,2025-07-13,B2231,130,Warehouse-4
12337385,Amul Shrikhand Elaichi 500g,Specialty Products,Others,500g,400,535.87,205,747,Hernandez Group,27,2025-08-03,Ambient,2024-10-27,B1800,280,Warehouse-4
16367289,Amul Strawberry Magic 750ml,Ice Creams,Others,750ml,300,349.02,254,761,Burns-Graves,18,2025-03-14,Ambient,2024-10-14,B4289,151,Warehouse-8
64935768,Amul Mithai Gulab Jamun Tin 1kg,Specialty Products,Others,1kg,400,584.09,305,792,Williams and Sons,11,2025-01-24,Room Temperature,2024-12-09,B2335,46,Warehouse-1
43280889,Amul Malai Paneer 1kg,Dairy Products,Paneer Blocks,1kg,100,132.46,350,808,Mendez PLC,30,2025-06-29,Cold Storage,2024-10-18,B2613,254,Warehouse-5
24078757,Amul Kesar Pista Ice Cream 1L,Ice Creams,Premium Ice Cream,1L,300,391.48,134,738,Moore Inc,29,2025-04-30,hot & Cold Storage,2024-12-15,B2356,136,Warehouse-2
18009972,Amul Organic Ghee 500ml,Others,Others,500ml,500,554.63,331,917,Smith-Mendoza,14,2026-02-15,Chilled,2025-06-15,B1728,245,Warehouse-2
58937020,Amul Chocolate Brownie 100g,Bakery Items,Others,100g,218,247.65,133,746,"Mccall, Lee and Carr",10,2025-04-09,Refrigerated,2024-11-25,B7049,135,Warehouse-2
5752287,Amul Camel Milk Chocolate 150g,Others,Others,150g,123,166.77,110,149,Vang-Edwards,19,2025-04-15,hot & Cold Storage,2024-09-02,B9043,225,Warehouse-6
18315080,Amul Paneer 200g,Dairy Products,Paneer Cubes,200g,61,77.65,146,564,"Grant, Mueller and Howard",21,2025-04-10,Hot Storage,2024-10-18,B2287,174,Warehouse-8
97994268,Amul Butter Scotch Ice Cream 1L,Ice Creams,Premium Ice Cream,1L,300,366.59,490,217,Martin-Cunningham,28,2026-04-14,Cold Storage,2025-07-28,B9658,260,Warehouse-3
70134094,Amul Tru Apple Juice 200ml,Beverages,Juice,200ml,74,110.06,106,956,Carter-Brown,4,2025-03-26,Room Temperature,2024-08-25,B6666,213,Warehouse-1
26980737,Amul Tru Orange Juice 200ml,Beverages,Juice,200ml,116,167.57,451,229,Cole-Dunn,9,2025-08-30,Hot Storage,2024-10-20,B6084,314,Warehouse-5
57937380,Amul Protein Shake Chocolate 200ml,Health & Nutrition,Others,200ml,600,830.93,101,515,"Sanders, Pierce and Grant",11,2025-05-11,Refrigerated,2025-02-20,B9673,80,Warehouse-7
44564353,Amul Fresh Cream 250ml,Dairy Products,Others,250ml,100,133.73,402,657,Cole-Freeman,13,2026-04-30,Room Temperature,2025-05-30,B4920,335,Warehouse-1
16443921,Amul Fruit & Nut Chocolate 150g,Chocolates,Fruit & Nut Chocolate,150g,150,214.59,285,374,"Callahan, Moore and Reyes",13,2025-08-25,hot & Cold Storage,2025-06-16,B8747,70,Warehouse-10
70167474,Amul Frozen Paratha 400g,Bakery & Frozen,Frozen Paratha,400g,250,289.76,345,613,Parker Ltd,12,2025-10-17,Chilled,2025-07-05,B5421,104,Warehouse-5
4664321,Amul Buttermilk Masala 200ml,Beverages (New Flavors),Others,200ml,600,843.89,488,284,Ruiz-Allen,27,2026-02-08,Hot Storage,2025-07-07,B9373,216,Warehouse-8
24078757,Amul Kesar Pista Ice Cream 1L,Ice Creams,Premium Ice Cream,1L,300,340.35,422,259,Patterson and Sons,20,2025-04-22,hot & Cold Storage,2024-11-08,B7576,165,Warehouse-4
56068016,Amul Fortified Milk 1L,Health & Nutrition,Others,1L,600,684.26,269,467,"Cruz, Villanueva and Anderson",6,2025-01-27,Refrigerated,2024-09-16,B9488,133,Warehouse-1
41910047,Amul Gold UHT Milk 1L,UHT & Long Life,Others,1L,150,171.97,318,131,"Brown, Stewart and Fischer",17,2025-07-25,Chilled,2025-04-03,B4107,113,Warehouse-5
51783426,Amul Cold Coffee 200ml,Beverages (New Flavors),Others,200ml,375,488.05,327,259,Burgess Group,19,2026-03-26,Refrigerated,2025-05-26,B4056,304,Warehouse-8
41910047,Amul Gold UHT Milk 1L,UHT & Long Life,Others,1L,150,172.97,380,561,Hunt Ltd,1,2025-07-03,Chilled,2025-03-31,B4174,94,Warehouse-1
84729804,Amul Greek Yogurt Mango 100g,Probiotic & Health Range,Greek Yogurt,100g,178,203.01,118,548,King-Rodgers,6,2025-01-08,Room Temperature,2024-08-31,B6793,130,Warehouse-7
26598550,Amul Masti Buttermilk 500ml,Dairy Products,Others,500ml,100,136.49,283,593,Dyer-Kelly,19,2025-08-24,Chilled,2025-05-14,B9217,102,Warehouse-6
83734632,Amul Cheese Spread Yummy Plain 200g,Butter & Spreads,Cheese Spread,200g,177,211.17,474,392,Vaughn LLC,13,2025-01-02,Ambient,2024-10-13,B2613,81,Warehouse-2
1148473,Amul Camel Milk 500ml,Others,Others,500ml,500,673.01,393,411,Lynn-Hampton,8,2026-07-02,Frozen,2025-07-28,B6354,339,Warehouse-6
70167474,Amul Frozen Paratha 400g,Bakery & Frozen,Frozen Paratha,400g,250,279.63,305,194,Baker Inc,3,2025-03-19,Chilled,2025-01-03,B3752,75,Warehouse-10
81997831,Amul Cheese Crackers 120g,Snacks & Savories,Others,120g,509,701.49,291,524,Zuniga LLC,18,2025-11-23,Room Temperature,2025-06-18,B3506,158,Warehouse-9
58937020,Amul Chocolate Brownie 100g,Bakery Items,Others,100g,218,252.72,261,528,Harmon Ltd,2,2025-08-29,Refrigerated,2025-06-29,B2362,61,Warehouse-10
57937380,Amul Protein Shake Chocolate 200ml,Health & Nutrition,Others,200ml,600,898.26,227,806,"Cox, Leon and Smith",5,2025-03-04,Refrigerated,2024-10-15,B6347,140,Warehouse-1
25444452,Amul Ice Cream Cake 1kg,Others,Others,1kg,500,557.23,214,610,Mueller-Hill,30,2025-03-10,hot & Cold Storage,2024-09-15,B6147,176,Warehouse-2
33992976,Amul Probiotic Dahi 400g,Probiotic & Health Range,Probiotic Curd,400g,250,291.35,232,286,"Snow, Peterson and White",12,2025-08-07,Frozen,2024-09-21,B7261,320,Warehouse-1
91980489,Amul Masala Peanuts 250g,Snacks & Savories,Others,250g,258,382.16,363,590,"Davis, Coleman and Anderson",11,2025-01-10,Cold Storage,2024-11-04,B8674,67,Warehouse-4
80405061,Amul A2 Cow Milk 1L,Others,Others,1L,500,739.27,173,337,Garrett-Jackson,19,2026-03-18,Refrigerated,2025-03-22,B6785,361,Warehouse-8
14415647,Amul Kool Rose Milk 200ml,Beverages,Others,200ml,120,156.51,408,107,Frazier-Cox,29,2025-07-24,Room Temperature,2025-02-17,B8594,157,Warehouse-2
81997831,Amul Cheese Crackers 120g,Snacks & Savories,Others,120g,509,596.86,135,977,"Harris, Weaver and Cole",3,2024-11-29,Room Temperature,2024-08-31,B5793,90,Warehouse-1
71930565,Amul Cow Ghee 1L,Ghee & Cooking Essentials,Cow Ghee,1L,800,934.59,193,719,Hart PLC,7,2025-10-03,Chilled,2025-07-08,B1166,87,Warehouse-7
4957799,Amul Masti Dahi 400g,Probiotic & Health Range,Misti Doi,400g,250,370.3,257,508,Wright and Sons,5,2025-12-28,Cold Storage,2025-06-17,B5933,194,Warehouse-4
91980489,Amul Masala Peanuts 250g,Snacks & Savories,Others,250g,258,315.65,199,476,Mooney-Johnson,6,2025-03-01,Cold Storage,2025-01-26,B4345,34,Warehouse-1
93684965,Amul Mithai Mate UHT 200g,UHT & Long Life,Others,200g,150,170.76,152,813,Walters-Brown,11,2026-01-20,hot & Cold Storage,2025-03-20,B5739,306,Warehouse-9
51772550,Amul Pizza Base 200g,Bakery & Frozen,Pizza Base,200g,250,279.99,309,243,"Peck, Gould and Johnston",7,2025-02-03,Chilled,2024-10-08,B4497,118,Warehouse-2
43280889,Amul Malai Paneer 1kg,Dairy Products,Paneer Blocks,1kg,100,134.65,159,518,Peters-White,13,2025-04-27,Cold Storage,2024-10-27,B3840,182,Warehouse-9
70167474,Amul Frozen Paratha 400g,Bakery & Frozen,Frozen Paratha,400g,250,368.91,429,892,Lee-Barnett,4,2024-12-20,Chilled,2024-10-11,B2903,70,Warehouse-4
79666428,Amul Pizza Cheese 1kg,Cheese & Cheese Products,Gouda Cheese,1kg,500,660.34,462,805,Mann LLC,28,2025-02-18,Hot Storage,2024-12-17,B6258,63,Warehouse-8
37505707,Amul Choco Chips Ice Cream 1L,Ice Creams,Premium Ice Cream,1L,300,360.22,471,613,Callahan-Spears,9,2025-08-04,Cold Storage,2025-03-05,B2755,152,Warehouse-4
64935768,Amul Mithai Gulab Jamun Tin 1kg,Specialty Products,Others,1kg,400,562.88,111,259,"Oliver, Mercado and Kerr",1,2026-03-04,Room Temperature,2025-04-14,B5180,324,Warehouse-10
71235158,Amul Strawberry Lassi 250ml,Beverages (New Flavors),Others,250ml,600,836.28,314,179,Solis-Henry,24,2025-06-12,Refrigerated,2025-05-29,B6324,14,Warehouse-9
79291279,Amul Butter 500g,Butter & Spreads,Salted Butter,500g,200,232.8,413,582,Scott-Fisher,18,2025-08-15,Chilled,2025-04-28,B3039,109,Warehouse-2
93245593,Amul Multigrain Dahi 200g,Health & Nutrition,Others,200g,158,227.02,235,149,"Spencer, Trujillo and Reilly",11,2025-05-24,Cold Storage,2025-04-20,B8268,34,Warehouse-7
57348568,Amul Peanut Spread Creamy 200g,Butter & Spreads,Cheese Spread,200g,51,62.5,416,992,"Webb, Mitchell and Garcia",5,2024-12-20,Refrigerated,2024-10-27,B6171,54,Warehouse-7
63607529,Amul Emmental Cheese 200g,Cheese & Cheese Products,Emmental Cheese,200g,500,698.48,209,152,"Phillips, Brown and Cunningham",26,2025-09-13,Refrigerated,2024-12-28,B5648,259,Warehouse-10
70549300,Amul Dark Chocolate 150g,Chocolates,Dark Chocolate,150g,114,158.6,147,796,Price-Johnson,6,2025-03-14,hot & Cold Storage,2024-11-16,B8803,118,Warehouse-8
4664321,Amul Buttermilk Masala 200ml,Beverages (New Flavors),Others,200ml,600,865.27,248,254,Davis PLC,18,2026-05-26,Hot Storage,2025-07-22,B7133,308,Warehouse-4
83184284,Amul Kool Koko 200ml,Beverages,Others,200ml,120,139.28,450,565,Mata-Anderson,2,2024-10-30,Cold Storage,2024-08-23,B2994,68,Warehouse-10
68137847,Amul Kulfi 60ml,Ice Creams,Kulfi,60ml,107,126.0,254,497,"Smith, Weaver and Robinson",16,2025-08-09,Room Temperature,2025-05-13,B3139,88,Warehouse-8
79195263,Amul Kool Saffron Milk 200ml,Beverages,Others,200ml,120,167.18,325,651,"Foley, Erickson and Black",18,2025-03-28,Ambient,2025-01-29,B7431,58,Warehouse-4
81997831,Amul Cheese Crackers 120g,Snacks & Savories,Others,120g,509,705.95,458,101,Levine Ltd,6,2025-02-28,Room Temperature,2024-11-27,B5474,93,Warehouse-5
64335100,Amul Slim & Trim Milk 500ml,Dairy Products,Others,500ml,100,113.46,236,735,"Hall, Schmitt and Lewis",25,2026-04-04,Ambient,2025-04-09,B5015,360,Warehouse-3
70167474,Amul Frozen Paratha 400g,Bakery & Frozen,Frozen Paratha,400g,250,366.2,158,579,Daugherty-Sanchez,4,2025-08-27,Chilled,2025-08-17,B5439,10,Warehouse-4
28937579,Amul Chocolate Donut 80g,Bakery Items,Others,80g,429,516.88,254,952,Guerrero and Sons,28,2026-03-14,Refrigerated,2025-06-01,B7678,286,Warehouse-6
45007361,Amul Vanilla Ice Cream 1L,Ice Creams,Premium Ice Cream,1L,149,182.66,243,757,Wilson Ltd,10,2026-02-14,hot & Cold Storage,2025-02-28,B1975,351,Warehouse-8
23548091,Amul Chocozoo Kids Pack 250g,Chocolates,Milk Chocolate,250g,150,175.37,118,388,Alvarez-Perez,11,2026-05-12,Cold Storage,2025-08-07,B6141,278,Warehouse-6
97994268,Amul Butter Scotch Ice Cream 1L,Ice Creams,Premium Ice Cream,1L,300,449.33,233,821,Dominguez Ltd,7,2024-12-20,Cold Storage,2024-09-15,B9503,96,Warehouse-4
12571772,Amul Basundi 1L,Specialty Products,Others,1L,400,449.52,161,777,Barnett Inc,4,2025-10-30,hot & Cold Storage,2025-08-16,B4575,75,Warehouse-2
24078757,Amul Kesar Pista Ice Cream 1L,Ice Creams,Premium Ice Cream,1L,300,395.13,214,322,"Jones, Jordan and Perry",3,2025-11-11,hot & Cold Storage,2025-07-23,B5864,111,Warehouse-2
81997831,Amul Cheese Crackers 120g,Snacks & Savories,Others,120g,509,662.94,443,762,Dean-Lee,19,2025-06-30,Room Temperature,2024-12-13,B6874,199,Warehouse-2
12571772,Amul Basundi 1L,Specialty Products,Others,1L,400,448.26,304,659,Brooks-Neal,15,2025-08-13,hot & Cold Storage,2024-12-30,B2893,226,Warehouse-2
12337385,Amul Shrikhand Elaichi 500g,Specialty Products,Others,500g,400,512.89,146,737,Collins Inc,23,2025-08-12,Ambient,2025-03-10,B3482,155,Warehouse-6
93684965,Amul Mithai Mate UHT 200g,UHT & Long Life,Others,200g,150,184.38,313,292,"Smith, Burns and Mcgee",13,2024-12-26,hot & Cold Storage,2024-12-12,B4583,14,Warehouse-1
41910047,Amul Gold UHT Milk 1L,UHT & Long Life,Others,1L,150,209.72,484,590,Kim-Watson,22,2025-12-26,Chilled,2025-03-03,B8482,298,Warehouse-1
70537390,Amul Cheese Spread Red Chilli Flakes 200g,Butter & Spreads,Cheese Spread,200g,68,92.61,259,545,"Hoover, Wiggins and Schroeder",14,2025-07-22,hot & Cold Storage,2024-09-24,B1701,301,Warehouse-10
25032666,Amul Gold Milk 1L,Dairy Products,Others,1L,100,112.73,470,488,Campbell-Huang,30,2025-07-02,Frozen,2024-12-10,B2664,204,Warehouse-4
91503640,Amul Spiced Buttermilk 500ml,Dairy Products,Others,500ml,99,145.82,107,400,Alvarez LLC,2,2025-05-01,Room Temperature,2025-01-02,B9039,119,Warehouse-1
51772550,Amul Pizza Base 200g,Bakery & Frozen,Pizza Base,200g,250,355.59,474,709,Huff Inc,6,2025-04-17,Chilled,2025-01-20,B1238,87,Warehouse-3
16367289,Amul Strawberry Magic 750ml,Ice Creams,Others,750ml,300,345.7,308,777,King and Sons,6,2026-01-05,Ambient,2025-02-04,B5156,335,Warehouse-6
21365294,Amul Greek Yogurt Blueberry 100g,Probiotic & Health Range,Greek Yogurt,100g,245,288.22,109,297,Kelly-Beltran,7,2025-03-07,Chilled,2024-09-16,B8803,172,Warehouse-5
16443921,Amul Fruit & Nut Chocolate 150g,Chocolates,Fruit & Nut Chocolate,150g,150,185.6,218,430,Joseph-Lara,20,2025-02-24,hot & Cold Storage,2025-01-30,B2947,25,Warehouse-1
11071426,Amul Buffalo Ghee 1L,Ghee & Cooking Essentials,Buffalo Ghee,1L,703,875.13,203,601,"Briggs, Woods and Wright",1,2026-01-11,Hot Storage,2025-01-27,B2921,349,Warehouse-8
79666428,Amul Pizza Cheese 1kg,Cheese & Cheese Products,Gouda Cheese,1kg,500,734.7,265,110,Franco-Mccarty,9,2025-07-06,Hot Storage,2024-10-14,B2427,265,Warehouse-6
35651383,Amul India Twilight Tryst 150g,Chocolates,Others,150g,150,215.69,264,370,Phillips Inc,24,2024-12-27,Hot Storage,2024-10-25,B6523,63,Warehouse-9
43726257,Amul Shrikhand Kesar 500g,Specialty Products,Others,500g,400,551.58,347,435,Garcia Ltd,14,2025-10-21,Room Temperature,2024-11-05,B2142,350,Warehouse-6
97719922,Amul Cheese Block 500g,Cheese & Cheese Products,Cream Cheese,500g,500,723.54,473,665,"Wilson, Matthews and Smith",7,2024-12-30,Room Temperature,2024-09-08,B2498,113,Warehouse-3
97241768,Amul Chocolate Ice Cream 1L,Ice Creams,Premium Ice Cream,1L,300,345.79,201,602,Adams-Johnson,21,2025-10-06,Cold Storage,2025-01-29,B6419,250,Warehouse-1
68137847,Amul Kulfi 60ml,Ice Creams,Kulfi,60ml,107,156.32,305,564,"Henderson, Brown and Morrison",26,2025-03-20,Room Temperature,2025-03-03,B3281,17,Warehouse-6
91017437,Amul Lactose-Free Milk 1L,Dairy Products,Others,1L,100,130.83,294,458,Richards-Hernandez,14,2025-11-23,Frozen,2024-12-12,B9588,346,Warehouse-8
43726257,Amul Shrikhand Kesar 500g,Specialty Products,Others,500g,400,522.9,461,831,"Novak, Decker and May",27,2025-06-11,Room Temperature,2024-10-27,B6258,227,Warehouse-9
35651383,Amul India Twilight Tryst 150g,Chocolates,Others,150g,150,165.36,392,900,Barron-Sawyer,2,2026-06-28,Hot Storage,2025-07-24,B4235,339,Warehouse-6
83950377,Amul Veggie Sticks 100g,Snacks & Savories,Others,100g,85,110.8,104,905,"Boone, Bowen and Glass",4,2025-10-29,Refrigerated,2025-05-24,B3227,158,Warehouse-6
13006228,Amul Dark Chocolate Ice Cream 1L,Ice Creams,Premium Ice Cream,1L,300,355.86,152,147,"Dudley, Brown and Sanchez",25,2025-06-08,Hot Storage,2024-10-01,B2026,250,Warehouse-1
44564353,Amul Fresh Cream 250ml,Dairy Products,Others,250ml,100,128.61,408,209,Hall Inc,27,2025-05-06,Room Temperature,2025-03-30,B7343,37,Warehouse-3
88384214,Amul Lite Spread 250g,Butter & Spreads,Cheese Spread,250g,54,64.08,288,663,Burns-Roberts,19,2024-10-08,Frozen,2024-09-06,B8882,32,Warehouse-2
81837793,Amul Low Fat Yogurt 100g,Health & Nutrition,Others,100g,436,497.64,280,933,Taylor-Williams,13,2025-11-15,Hot Storage,2024-12-31,B9338,319,Warehouse-10
91980489,Amul Masala Peanuts 250g,Snacks & Savories,Others,250g,258,360.48,178,467,Graham-Porter,17,2026-04-02,Cold Storage,2025-07-22,B6106,254,Warehouse-9
48334136,Amul Protein Shake Vanilla 200ml,Health & Nutrition,Others,200ml,600,887.16,437,854,Bowers Inc,26,2025-07-27,Ambient,2025-01-28,B6532,180,Warehouse-10
23548091,Amul Chocozoo Kids Pack 250g,Chocolates,Milk Chocolate,250g,150,218.64,409,630,"Strong, Mendoza and Bailey",30,2025-07-28,Cold Storage,2024-11-15,B6368,255,Warehouse-7
64335100,Amul Slim & Trim Milk 500ml,Dairy Products,Others,500ml,100,144.62,282,840,Frost PLC,27,2025-08-29,Ambient,2024-10-13,B9048,320,Warehouse-6
35651383,Amul India Twilight Tryst 150g,Chocolates,Others,150g,150,188.87,313,577,"Nguyen, Myers and Waller",12,2025-05-11,Hot Storage,2025-02-26,B3287,74,Warehouse-4
83184284,Amul Kool Koko 200ml,Beverages,Others,200ml,120,158.96,488,751,Sims PLC,29,2025-03-19,Cold Storage,2025-02-14,B1312,33,Warehouse-8
35651383,Amul India Twilight Tryst 150g,Chocolates,Others,150g,150,165.69,240,958,Swanson-Pratt,5,2026-02-04,Hot Storage,2025-07-20,B1272,199,Warehouse-2
94900507,Amul Peanut Spread Crunchy 200g,Butter & Spreads,Cheese Spread,200g,100,121.91,463,547,"Arias, Pham and Byrd",15,2026-04-09,hot & Cold Storage,2025-06-01,B5195,312,Warehouse-8
43726257,Amul Shrikhand Kesar 500g,Specialty Products,Others,500g,400,492.22,419,519,Rowe Ltd,9,2025-08-28,Room Temperature,2024-09-15,B6964,347,Warehouse-8
88384214,Amul Lite Spread 250g,Butter & Spreads,Cheese Spread,250g,54,79.7,182,839,Lynch-Martin,10,2025-04-16,Frozen,2025-03-07,B8259,40,Warehouse-2
63607529,Amul Emmental Cheese 200g,Cheese & Cheese Products,Emmental Cheese,200g,500,702.14,356,868,"Burnett, Brown and Davis",24,2025-05-27,Refrigerated,2024-10-04,B1830,235,Warehouse-7
42543602,Amul Choco Milk 200ml,Beverages (New Flavors),Others,200ml,301,369.71,386,558,"Vance, Hunt and Short",25,2026-03-02,hot & Cold Storage,2025-04-06,B2328,330,Warehouse-1
16443921,Amul Fruit & Nut Chocolate 150g,Chocolates,Fruit & Nut Chocolate,150g,150,218.6,215,928,"Lane, Jordan and Scott",17,2025-02-27,hot & Cold Storage,2024-10-09,B9912,141,Warehouse-6
79195263,Amul Kool Saffron Milk 200ml,Beverages,Others,200ml,120,169.54,472,127,Kelley and Sons,24,2025-06-21,Ambient,2025-05-21,B3109,31,Warehouse-6
78916050,Amul Gouda Cheese 200g,Cheese & Cheese Products,Gouda Cheese,200g,500,601.24,167,946,Walker Ltd,6,2025-06-25,Hot Storage,2024-10-07,B5127,261,Warehouse-10
68165390,Amul Kool Café 200ml,Beverages,Others,200ml,51,73.25,403,448,Berry Group,9,2025-06-03,Cold Storage,2025-01-06,B9522,148,Warehouse-2
35651383,Amul India Twilight Tryst 150g,Chocolates,Others,150g,150,184.33,220,975,Dunn-Cox,8,2025-05-20,Hot Storage,2025-01-16,B1952,124,Warehouse-6
45007361,Amul Vanilla Ice Cream 1L,Ice Creams,Premium Ice Cream,1L,149,172.64,268,187,Chapman-Ferguson,29,2025-10-03,hot & Cold Storage,2025-04-09,B5642,177,Warehouse-1
80405061,Amul A2 Cow Milk 1L,Others,Others,1L,500,587.62,445,137,Joyce PLC,11,2025-07-02,Refrigerated,2024-10-24,B8968,251,Warehouse-3
82147020,Amul Almond Bar 40g,Chocolates,Others,40g,57,63.54,114,312,"Crawford, Smith and Adams",4,2025-09-13,Room Temperature,2025-02-28,B8964,197,Warehouse-5
63607529,Amul Emmental Cheese 200g,Cheese & Cheese Products,Emmental Cheese,200g,500,600.99,450,130,Stone-Thomas,5,2025-12-07,Refrigerated,2025-02-14,B2889,296,Warehouse-10
80016687,Amul Butter 100g,Butter & Spreads,Salted Butter,100g,198,238.16,326,687,Gillespie-Andrews,16,2025-03-29,Refrigerated,2024-11-29,B5958,120,Warehouse-6
93684965,Amul Mithai Mate UHT 200g,UHT & Long Life,Others,200g,150,217.47,279,942,"Beard, Clark and Lopez",26,2025-04-18,hot & Cold Storage,2025-02-03,B5200,74,Warehouse-2
83950377,Amul Veggie Sticks 100g,Snacks & Savories,Others,100g,85,98.1,268,382,"Farmer, Ramirez and Brown",27,2026-02-03,Refrigerated,2025-03-29,B9772,311,Warehouse-8
97719922,Amul Cheese Block 500g,Cheese & Cheese Products,Cream Cheese,500g,500,697.66,236,742,Bennett-Diaz,3,2025-09-25,Room Temperature,2025-05-09,B7995,139,Warehouse-8
12337385,Amul Shrikhand Elaichi 500g,Specialty Products,Others,500g,400,450.44,316,208,Calderon LLC,26,2025-11-18,Ambient,2024-11-30,B6735,353,Warehouse-4
14909382,Amul Cassata Slice 120ml,Ice Creams,Others,120ml,56,65.74,346,622,Stewart-Cox,3,2026-05-01,hot & Cold Storage,2025-07-26,B4800,279,Warehouse-8
64935768,Amul Mithai Gulab Jamun Tin 1kg,Specialty Products,Others,1kg,400,579.69,474,362,Lee PLC,29,2025-03-18,Room Temperature,2024-11-23,B5032,115,Warehouse-8
79666428,Amul Pizza Cheese 1kg,Cheese & Cheese Products,Gouda Cheese,1kg,500,668.77,253,299,Brown-Chavez,13,2025-12-10,Hot Storage,2025-01-14,B3874,330,Warehouse-2
88384214,Amul Lite Spread 250g,Butter & Spreads,Cheese Spread,250g,54,59.93,118,848,Gray PLC,16,2026-06-07,Frozen,2025-06-29,B4188,343,Warehouse-10
31363198,Amul Mango Lassi 250ml,Beverages (New Flavors),Others,250ml,600,850.6,451,884,Walker Inc,28,2024-12-13,hot & Cold Storage,2024-10-14,B5343,60,Warehouse-3
82147020,Amul Almond Bar 40g,Chocolates,Others,40g,57,62.87,416,132,Delacruz LLC,4,2025-03-16,Room Temperature,2024-12-30,B7849,76,Warehouse-7
18439717,Amul Frozen Cheese Corn Nuggets 400g,Bakery & Frozen,Frozen Sweets,400g,250,320.64,133,548,Sparks-Alexander,10,2025-12-16,Cold Storage,2025-06-14,B8063,185,Warehouse-6
79195263,Amul Kool Saffron Milk 200ml,Beverages,Others,200ml,120,133.56,446,204,"Rios, Clark and Nelson",14,2025-01-03,Ambient,2024-12-23,B2164,11,Warehouse-2
44564353,Amul Fresh Cream 250ml,Dairy Products,Others,250ml,100,117.69,261,588,Young-Caldwell,2,2026-02-06,Room Temperature,2025-02-20,B3469,351,Warehouse-5
28937579,Amul Chocolate Donut 80g,Bakery Items,Others,80g,429,535.45,188,813,"Walker, Chambers and Duncan",28,2025-11-19,Refrigerated,2025-05-29,B1342,174,Warehouse-2
61133075,Amul Butter Croissant 80g,Bakery Items,Others,80g,187,244.54,344,581,Hughes Inc,2,2025-02-21,Hot Storage,2024-10-16,B6784,128,Warehouse-3
44564353,Amul Fresh Cream 250ml,Dairy Products,Others,250ml,100,124.2,486,792,Mann-Coleman,22,2025-02-02,Room Temperature,2025-01-15,B8506,18,Warehouse-1
82806583,Amul Cheese Tin 500g,Others,Others,500g,500,642.48,498,784,Carpenter Ltd,21,2025-06-23,Frozen,2025-06-08,B9325,15,Warehouse-3
97719922,Amul Cheese Block 500g,Cheese & Cheese Products,Cream Cheese,500g,500,747.59,465,813,"Alvarado, Smith and Sweeney",3,2025-09-01,Room Temperature,2025-06-05,B2145,88,Warehouse-10
59239307,Amul Mozzarella Cheese 200g,Cheese & Cheese Products,Mozzarella Cheese,200g,500,578.48,322,137,Jones LLC,5,2025-10-17,Room Temperature,2024-11-11,B4673,340,Warehouse-6
14921131,Amul Cheesy Corn Puffs 150g,Snacks & Savories,Others,150g,550,704.35,431,683,Leonard-Smith,20,2025-06-02,Refrigerated,2024-11-09,B5195,205,Warehouse-5
74913534,Amul Pro Milk Drink 200g,Beverages,Flavored Milk Drink,200g,120,177.55,356,232,Jones-Bond,18,2025-05-20,Frozen,2025-03-05,B7774,76,Warehouse-6
14909382,Amul Cassata Slice 120ml,Ice Creams,Others,120ml,56,73.84,383,841,Bond-Gordon,11,2025-01-07,hot & Cold Storage,2024-12-16,B3890,22,Warehouse-9
18315080,Amul Paneer 200g,Dairy Products,Paneer Cubes,200g,61,79.61,273,271,"Martinez, Acevedo and Harris",1,2025-06-20,Hot Storage,2024-11-21,B8349,211,Warehouse-1
81837793,Amul Low Fat Yogurt 100g,Health & Nutrition,Others,100g,436,500.72,224,225,"Graham, Kelly and Hernandez",8,2025-07-23,Hot Storage,2025-02-09,B6214,164,Warehouse-4
31256377,Amul Happy Treats Veggie Stix 400g,Others,Others,400g,500,658.23,116,179,Chambers LLC,14,2025-01-16,Ambient,2024-10-27,B2006,81,Warehouse-1
14415647,Amul Kool Rose Milk 200ml,Beverages,Others,200ml,120,146.11,189,964,Hines Group,11,2025-09-28,Room Temperature,2025-05-30,B5507,121,Warehouse-3
91980489,Amul Masala Peanuts 250g,Snacks & Savories,Others,250g,258,310.01,216,532,Nelson-Turner,26,2026-02-09,Cold Storage,2025-08-22,B4774,171,Warehouse-4
79291279,Amul Butter 500g,Butter & Spreads,Salted Butter,500g,200,238.24,308,407,Hendrix-Torres,3,2025-02-22,Chilled,2024-12-01,B9246,83,Warehouse-4
82806583,Amul Cheese Tin 500g,Others,Others,500g,500,740.56,327,397,Peterson-Cain,18,2026-02-28,Frozen,2025-06-24,B6059,249,Warehouse-3
43726257,Amul Shrikhand Kesar 500g,Specialty Products,Others,500g,400,541.44,468,646,Joyce-Wright,25,2025-08-25,Room Temperature,2024-10-03,B3047,326,Warehouse-6
45319204,Amul Slim UHT Milk 1L,UHT & Long Life,Others,1L,150,185.63,332,332,"Lynch, Vasquez and Daniels",16,2026-07-09,Hot Storage,2025-07-20,B3832,354,Warehouse-4
74913534,Amul Pro Milk Drink 200g,Beverages,Flavored Milk Drink,200g,120,150.25,263,945,"Ryan, Nixon and Miller",25,2026-02-20,Frozen,2025-03-29,B5946,328,Warehouse-3
14415647,Amul Kool Rose Milk 200ml,Beverages,Others,200ml,120,159.6,243,255,Shaffer PLC,12,2025-07-16,Room Temperature,2025-04-28,B1607,79,Warehouse-3
25444452,Amul Ice Cream Cake 1kg,Others,Others,1kg,500,675.96,320,713,Welch-Waters,18,2025-07-31,hot & Cold Storage,2024-08-31,B2939,334,Warehouse-10
70537390,Amul Cheese Spread Red Chilli Flakes 200g,Butter & Spreads,Cheese Spread,200g,68,89.45,138,594,Thompson-Lewis,14,2026-04-14,hot & Cold Storage,2025-08-03,B6138,254,Warehouse-8
14921131,Amul Cheesy Corn Puffs 150g,Snacks & Savories,Others,150g,550,688.33,219,639,"Alvarado, Jones and Jackson",17,2025-11-07,Refrigerated,2025-01-24,B9058,287,Warehouse-7
81837793,Amul Low Fat Yogurt 100g,Health & Nutrition,Others,100g,436,584.2,459,185,Wilson PLC,2,2024-12-21,Hot Storage,2024-09-26,B9082,86,Warehouse-8
14701085,Amul Kool Elaichi Milk 200ml,Beverages,Lassi,200ml,120,173.72,358,429,Hodge PLC,12,2025-04-28,Hot Storage,2024-09-09,B8477,231,Warehouse-5
83950377,Amul Veggie Sticks 100g,Snacks & Savories,Others,100g,85,108.51,237,605,Morris-Vaughn,17,2025-09-11,Refrigerated,2025-08-19,B2507,23,Warehouse-8
14921131,Amul Cheesy Corn Puffs 150g,Snacks & Savories,Others,150g,550,721.3,467,431,"Gomez, Lee and Erickson",9,2025-09-18,Refrigerated,2025-03-13,B8237,189,Warehouse-6
97241768,Amul Chocolate Ice Cream 1L,Ice Creams,Premium Ice Cream,1L,300,424.45,481,220,"Gomez, Downs and Walters",7,2026-01-01,Cold Storage,2025-06-21,B5067,194,Warehouse-4
83184284,Amul Kool Koko 200ml,Beverages,Others,200ml,120,173.44,357,870,"Smith, Peterson and Davis",16,2025-05-06,Cold Storage,2024-12-11,B3649,146,Warehouse-8
14921131,Amul Cheesy Corn Puffs 150g,Snacks & Savories,Others,150g,550,674.08,283,187,"Walker, Jacobs and Johnson",26,2025-11-12,Refrigerated,2025-07-12,B9063,123,Warehouse-1
97241768,Amul Chocolate Ice Cream 1L,Ice Creams,Premium Ice Cream,1L,300,401.67,435,504,Jackson-Phillips,30,2026-06-18,Cold Storage,2025-08-03,B3428,319,Warehouse-4
83734632,Amul Cheese Spread Yummy Plain 200g,Butter & Spreads,Cheese Spread,200g,177,211.46,311,791,"Norman, Hudson and Yang",2,2025-11-19,Ambient,2025-01-28,B2552,295,Warehouse-1
12337385,Amul Shrikhand Elaichi 500g,Specialty Products,Others,500g,400,585.72,447,445,Taylor-Collier,23,2025-03-26,Ambient,2025-01-28,B4095,57,Warehouse-4
59239307,Amul Mozzarella Cheese 200g,Cheese & Cheese Products,Mozzarella Cheese,200g,500,640.54,420,817,George-Barker,29,2025-10-13,Room Temperature,2025-06-24,B8933,111,Warehouse-1
57348568,Amul Peanut Spread Creamy 200g,Butter & Spreads,Cheese Spread,200g,51,56.25,235,769,Sutton Group,19,2025-12-05,Refrigerated,2025-07-19,B6931,139,Warehouse-2
71930565,Amul Cow Ghee 1L,Ghee & Cooking Essentials,Cow Ghee,1L,800,1178.29,307,607,"King, Moon and Livingston",29,2025-11-07,Chilled,2025-01-01,B5441,310,Warehouse-8
59239307,Amul Mozzarella Cheese 200g,Cheese & Cheese Products,Mozzarella Cheese,200g,500,684.03,275,321,Mays Ltd,22,2026-07-11,Room Temperature,2025-07-13,B7822,363,Warehouse-7
16443921,Amul Fruit & Nut Chocolate 150g,Chocolates,Fruit & Nut Chocolate,150g,150,193.69,406,104,Russo-Lowery,23,2025-06-29,hot & Cold Storage,2025-01-26,B2907,154,Warehouse-10
72940877,Amul Butter Cookies 200g,Others,Others,200g,500,657.68,194,243,Bell-Blackwell,16,2026-02-22,Ambient,2025-05-02,B7772,296,Warehouse-3
43726257,Amul Shrikhand Kesar 500g,Specialty Products,Others,500g,400,525.01,470,510,"Payne, Stafford and Phillips",12,2026-04-27,Room Temperature,2025-06-21,B1796,310,Warehouse-2
56068016,Amul Fortified Milk 1L,Health & Nutrition,Others,1L,600,865.7,446,671,Taylor-Walters,7,2025-05-28,Refrigerated,2024-10-26,B8013,214,Warehouse-6
69924743,Amul Shrikhand Mango 500g,Specialty Products,Others,500g,400,482.74,112,673,"Williams, Roberts and Cook",6,2026-01-20,Ambient,2025-04-12,B8708,283,Warehouse-10
16994393,Amul Taaza Milk 1L,Dairy Products,Others,1L,100,125.73,365,398,"Ross, Mcdowell and Ellis",4,2025-09-10,Hot Storage,2024-10-24,B5753,321,Warehouse-9
18009972,Amul Organic Ghee 500ml,Others,Others,500ml,500,625.11,125,572,"Stone, Adams and Torres",20,2026-02-24,Chilled,2025-02-26,B6306,363,Warehouse-6
51772550,Amul Pizza Base 200g,Bakery & Frozen,Pizza Base,200g,250,317.26,158,547,Moore and Sons,27,2025-12-03,Chilled,2025-04-14,B9310,233,Warehouse-8
43280889,Amul Malai Paneer 1kg,Dairy Products,Paneer Blocks,1kg,100,123.22,371,446,Franklin Group,18,2025-04-09,Cold Storage,2024-09-27,B2488,194,Warehouse-9
1148473,Amul Camel Milk 500ml,Others,Others,500ml,500,688.32,482,802,"Gill, Roth and Gutierrez",28,2025-11-22,Frozen,2025-05-13,B2903,193,Warehouse-6
41910047,Amul Gold UHT Milk 1L,UHT & Long Life,Others,1L,150,189.47,295,181,Waters Inc,25,2025-09-19,Chilled,2025-04-03,B7903,169,Warehouse-10
18798487,Amul Cheese Danish 120g,Bakery Items,Others,120g,53,71.15,222,331,Parks Ltd,15,2025-07-10,Cold Storage,2024-10-01,B7237,282,Warehouse-10
14415647,Amul Kool Rose Milk 200ml,Beverages,Others,200ml,120,162.57,174,698,"Parsons, Martin and George",25,2025-08-07,Room Temperature,2025-04-28,B3042,101,Warehouse-2
7241154,Amul Rajbhog Ice Cream 1L,Ice Creams,Premium Ice Cream,1L,300,340.4,124,902,"Charles, Burns and Dixon",27,2025-08-03,Room Temperature,2024-12-24,B8190,222,Warehouse-4
56068016,Amul Fortified Milk 1L,Health & Nutrition,Others,1L,600,824.04,458,636,"Burton, Brown and Thompson",7,2025-05-02,Refrigerated,2024-12-20,B6824,133,Warehouse-9
70549300,Amul Dark Chocolate 150g,Chocolates,Dark Chocolate,150g,114,169.38,266,711,Anthony-Scott,14,2025-12-07,hot & Cold Storage,2025-06-07,B5461,183,Warehouse-6
78916050,Amul Gouda Cheese 200g,Cheese & Cheese Products,Gouda Cheese,200g,500,694.75,364,647,Duran and Sons,3,2025-03-27,Hot Storage,2024-12-03,B5043,114,Warehouse-5
81997831,Amul Cheese Crackers 120g,Snacks & Savories,Others,120g,509,754.48,456,187,"Williams, Taylor and Young",16,2026-01-10,Room Temperature,2025-07-27,B2155,167,Warehouse-2
21365294,Amul Greek Yogurt Blueberry 100g,Probiotic & Health Range,Greek Yogurt,100g,245,292.86,397,194,Jefferson and Sons,26,2025-11-09,Chilled,2024-12-11,B4173,333,Warehouse-6
16267619,Amul Garlic & Herbs Butter 100g,Butter & Spreads,Others,100g,50,64.63,313,890,Stewart Inc,13,2025-11-24,Room Temperature,2025-06-07,B5841,170,Warehouse-4
83734632,Amul Cheese Spread Yummy Plain 200g,Butter & Spreads,Cheese Spread,200g,177,253.46,129,903,"Caldwell, Peterson and Alexander",12,2026-06-25,Ambient,2025-07-03,B8714,357,Warehouse-9
16267619,Amul Garlic & Herbs Butter 100g,Butter & Spreads,Others,100g,50,60.84,106,554,Downs-Garcia,25,2024-12-29,Room Temperature,2024-12-16,B6867,13,Warehouse-3
6094027,Amul Kool Flavoured Milk Bottle 200ml,Beverages,Flavored Milk Drink,200ml,120,176.84,301,670,"Terry, Franco and Morales",19,2026-05-30,Cold Storage,2025-07-16,B1212,318,Warehouse-5
24078757,Amul Kesar Pista Ice Cream 1L,Ice Creams,Premium Ice Cream,1L,300,398.98,352,784,Caldwell PLC,6,2025-01-14,hot & Cold Storage,2024-10-16,B2215,90,Warehouse-1
12571772,Amul Basundi 1L,Specialty Products,Others,1L,400,529.69,221,173,Nguyen-Jenkins,6,2025-03-03,hot & Cold Storage,2025-01-03,B2746,59,Warehouse-8
40563084,Amul Pure Ghee 500ml,Ghee & Cooking Essentials,Cow Ghee,500ml,411,453.84,110,261,Powell and Sons,5,2025-10-20,Room Temperature,2025-07-23,B5415,89,Warehouse-2
33992976,Amul Probiotic Dahi 400g,Probiotic & Health Range,Probiotic Curd,400g,250,324.88,450,163,Salas Ltd,27,2025-12-18,Frozen,2025-07-23,B8615,148,Warehouse-9
31256377,Amul Happy Treats Veggie Stix 400g,Others,Others,400g,500,556.64,399,288,Dunn and Sons,13,2025-09-02,Ambient,2025-03-31,B9204,155,Warehouse-5
84729804,Amul Greek Yogurt Mango 100g,Probiotic & Health Range,Greek Yogurt,100g,178,262.31,249,982,Taylor-Escobar,1,2025-10-15,Room Temperature,2024-10-22,B2747,358,Warehouse-7
91017437,Amul Lactose-Free Milk 1L,Dairy Products,Others,1L,100,146.72,285,798,"Ward, Trevino and Johnson",9,2025-08-10,Frozen,2024-09-29,B2159,315,Warehouse-10
43280889,Amul Malai Paneer 1kg,Dairy Products,Paneer Blocks,1kg,100,127.87,115,584,"Taylor, Wright and Huff",29,2025-12-24,Cold Storage,2025-01-28,B7115,330,Warehouse-6
64935768,Amul Mithai Gulab Jamun Tin 1kg,Specialty Products,Others,1kg,400,596.61,128,115,"Martinez, Butler and White",20,2026-04-20,Room Temperature,2025-06-19,B8107,305,Warehouse-9
92496774,Amul Cheese Slices 200g,Cheese & Cheese Products,Cheese Slices,200g,357,496.86,230,910,Jones-Collins,24,2025-07-04,Frozen,2025-01-21,B6901,164,Warehouse-8
94900507,Amul Peanut Spread Crunchy 200g,Butter & Spreads,Cheese Spread,200g,100,111.59,411,306,"Williams, Ramirez and Woods",26,2025-06-23,hot & Cold Storage,2025-01-17,B4537,157,Warehouse-7
92496774,Amul Cheese Slices 200g,Cheese & Cheese Products,Cheese Slices,200g,357,495.18,309,808,Clarke and Sons,21,2026-03-28,Frozen,2025-06-06,B4677,295,Warehouse-5
4664321,Amul Buttermilk Masala 200ml,Beverages (New Flavors),Others,200ml,600,790.16,340,145,Davis LLC,29,2026-01-16,Hot Storage,2025-06-03,B3720,227,Warehouse-6
41910047,Amul Gold UHT Milk 1L,UHT & Long Life,Others,1L,150,209.26,103,387,"Li, Craig and Butler",20,2025-09-25,Chilled,2025-08-03,B6527,53,Warehouse-1
16367289,Amul Strawberry Magic 750ml,Ice Creams,Others,750ml,300,429.55,316,658,Edwards Inc,28,2026-02-16,Ambient,2025-08-09,B9456,191,Warehouse-3
97719922,Amul Cheese Block 500g,Cheese & Cheese Products,Cream Cheese,500g,500,685.23,453,901,Johnson Inc,11,2025-05-01,Room Temperature,2025-01-26,B5996,95,Warehouse-6
97719922,Amul Cheese Block 500g,Cheese & Cheese Products,Cream Cheese,500g,500,677.12,461,817,"Daugherty, Quinn and Hunt",23,2025-06-13,Room Temperature,2025-06-01,B5771,12,Warehouse-9
35651383,Amul India Twilight Tryst 150g,Chocolates,Others,150g,150,181.0,348,691,Haynes-Johnson,12,2026-02-27,Hot Storage,2025-06-01,B7166,271,Warehouse-6
16367289,Amul Strawberry Magic 750ml,Ice Creams,Others,750ml,300,417.29,440,431,"Solis, Day and Rodriguez",27,2025-07-26,Ambient,2025-03-26,B9981,122,Warehouse-1
35651383,Amul India Twilight Tryst 150g,Chocolates,Others,150g,150,181.87,492,191,Smith-Hughes,11,2024-12-08,Hot Storage,2024-09-09,B2951,90,Warehouse-2
97719922,Amul Cheese Block 500g,Cheese & Cheese Products,Cream Cheese,500g,500,648.16,263,603,"Morgan, Gomez and Crane",30,2026-06-06,Room Temperature,2025-06-08,B8368,363,Warehouse-3
79666428,Amul Pizza Cheese 1kg,Cheese & Cheese Products,Gouda Cheese,1kg,500,654.12,120,319,Smith and Sons,25,2025-12-18,Hot Storage,2025-04-08,B5461,254,Warehouse-2
91503640,Amul Spiced Buttermilk 500ml,Dairy Products,Others,500ml,99,146.48,497,520,Martinez Ltd,26,2025-06-14,Room Temperature,2025-05-27,B7181,18,Warehouse-9
83184284,Amul Kool Koko 200ml,Beverages,Others,200ml,120,152.21,429,105,Ellis and Sons,7,2026-02-28,Cold Storage,2025-05-25,B2109,279,Warehouse-2
206846,Amul Cooking Butter 500g,Ghee & Cooking Essentials,Cooking Ghee,500g,800,1141.11,296,393,Jones Ltd,7,2025-04-04,Hot Storage,2025-03-06,B5848,29,Warehouse-10
88384214,Amul Lite Spread 250g,Butter & Spreads,Cheese Spread,250g,54,73.48,346,471,"Clark, Bradley and Wagner",22,2025-10-09,Frozen,2024-10-17,B1021,357,Warehouse-5
14701085,Amul Kool Elaichi Milk 200ml,Beverages,Lassi,200ml,120,143.28,253,618,"Sanchez, Smith and Gutierrez",28,2024-10-31,Hot Storage,2024-10-06,B3714,25,Warehouse-7
33992976,Amul Probiotic Dahi 400g,Probiotic & Health Range,Probiotic Curd,400g,250,313.18,100,801,Howard Group,13,2025-08-24,Frozen,2025-05-27,B1757,89,Warehouse-4
54796676,Amul White Butter 500g,Ghee & Cooking Essentials,Others,500g,800,1070.26,387,669,"Peterson, Jones and Ray",2,2025-04-10,hot & Cold Storage,2024-10-26,B4875,166,Warehouse-1
79666428,Amul Pizza Cheese 1kg,Cheese & Cheese Products,Gouda Cheese,1kg,500,559.29,390,157,Mckinney Group,3,2025-12-26,Hot Storage,2025-03-24,B4060,277,Warehouse-1
97994268,Amul Butter Scotch Ice Cream 1L,Ice Creams,Premium Ice Cream,1L,300,333.09,488,536,Green LLC,4,2025-05-15,Cold Storage,2025-02-22,B5917,82,Warehouse-2
18439717,Amul Frozen Cheese Corn Nuggets 400g,Bakery & Frozen,Frozen Sweets,400g,250,298.29,285,364,"Duncan, Frank and Clark",12,2025-12-08,Cold Storage,2025-03-08,B6172,275,Warehouse-3
56068016,Amul Fortified Milk 1L,Health & Nutrition,Others,1L,600,850.99,253,384,Bray-Sullivan,24,2026-03-26,Refrigerated,2025-08-02,B5574,236,Warehouse-1
62882309,Amul Frozen Paneer Tikka 500g,Bakery & Frozen,Frozen Paratha,500g,250,319.5,481,478,Duncan LLC,22,2026-02-05,Hot Storage,2025-02-13,B3699,357,Warehouse-6
24078757,Amul Kesar Pista Ice Cream 1L,Ice Creams,Premium Ice Cream,1L,300,406.04,377,750,"Gould, Pugh and Greene",10,2025-05-12,hot & Cold Storage,2025-01-29,B9364,103,Warehouse-9
58937020,Amul Chocolate Brownie 100g,Bakery Items,Others,100g,218,320.02,489,450,"Crawford, Thompson and Hanson",9,2025-01-24,Refrigerated,2024-11-17,B2612,68,Warehouse-5
84729804,Amul Greek Yogurt Mango 100g,Probiotic & Health Range,Greek Yogurt,100g,178,217.07,244,292,Salazar-Bailey,2,2025-06-16,Room Temperature,2024-10-19,B8423,240,Warehouse-3
68137847,Amul Kulfi 60ml,Ice Creams,Kulfi,60ml,107,129.77,446,112,Sparks PLC,17,2025-09-01,Room Temperature,2025-07-06,B2108,57,Warehouse-8
14921131,Amul Cheesy Corn Puffs 150g,Snacks & Savories,Others,150g,550,666.39,274,700,Wood LLC,18,2026-01-12,Refrigerated,2025-05-24,B9012,233,Warehouse-7
51772550,Amul Pizza Base 200g,Bakery & Frozen,Pizza Base,200g,250,329.68,260,671,"Silva, Howard and Morgan",1,2025-01-23,Chilled,2024-10-07,B1586,108,Warehouse-6
43726257,Amul Shrikhand Kesar 500g,Specialty Products,Others,500g,400,566.25,211,942,Garcia LLC,25,2025-11-13,Room Temperature,2024-11-24,B7875,354,Warehouse-9
82806583,Amul Cheese Tin 500g,Others,Others,500g,500,656.27,242,498,"Palmer, Cox and Torres",23,2025-10-16,Frozen,2024-12-07,B6866,313,Warehouse-7
79195263,Amul Kool Saffron Milk 200ml,Beverages,Others,200ml,120,146.16,174,546,White-Morris,12,2025-05-29,Ambient,2024-10-21,B5666,220,Warehouse-8
83950377,Amul Veggie Sticks 100g,Snacks & Savories,Others,100g,85,112.71,451,424,Hill-Barnes,9,2025-07-01,Refrigerated,2024-09-09,B2081,295,Warehouse-1
81837793,Amul Low Fat Yogurt 100g,Health & Nutrition,Others,100g,436,533.7,397,789,Garcia-Townsend,3,2025-12-16,Hot Storage,2025-08-13,B5551,125,Warehouse-5
68165390,Amul Kool Café 200ml,Beverages,Others,200ml,51,63.79,480,549,"Thompson, Haney and Dickerson",3,2026-01-07,Cold Storage,2025-03-10,B6370,303,Warehouse-1
18009972,Amul Organic Ghee 500ml,Others,Others,500ml,500,728.02,114,357,Jones-Walton,17,2025-11-21,Chilled,2025-07-18,B3316,126,Warehouse-4
71235158,Amul Strawberry Lassi 250ml,Beverages (New Flavors),Others,250ml,600,708.55,468,581,Barnett PLC,25,2024-10-29,Refrigerated,2024-08-25,B1939,65,Warehouse-5
14909382,Amul Cassata Slice 120ml,Ice Creams,Others,120ml,56,70.47,172,922,Murphy LLC,6,2025-09-18,hot & Cold Storage,2025-08-07,B8402,42,Warehouse-10
44564353,Amul Fresh Cream 250ml,Dairy Products,Others,250ml,100,127.65,326,676,Brown-Davis,29,2024-10-19,Room Temperature,2024-08-24,B8274,56,Warehouse-3
206846,Amul Cooking Butter 500g,Ghee & Cooking Essentials,Cooking Ghee,500g,800,1094.66,280,794,Adams-Francis,19,2026-06-06,Hot Storage,2025-07-05,B7328,336,Warehouse-2
6094027,Amul Kool Flavoured Milk Bottle 200ml,Beverages,Flavored Milk Drink,200ml,120,133.99,465,598,Williams PLC,19,2025-12-25,Cold Storage,2025-08-04,B7076,143,Warehouse-9
7241154,Amul Rajbhog Ice Cream 1L,Ice Creams,Premium Ice Cream,1L,300,375.47,196,702,Bell and Sons,27,2025-11-01,Room Temperature,2025-06-10,B9507,144,Warehouse-4
63607529,Amul Emmental Cheese 200g,Cheese & Cheese Products,Emmental Cheese,200g,500,630.43,119,864,"Deleon, Smith and Robinson",14,2025-10-06,Refrigerated,2025-04-16,B5784,173,Warehouse-8
18439717,Amul Frozen Cheese Corn Nuggets 400g,Bakery & Frozen,Frozen Sweets,400g,250,345.96,428,237,Lewis-Moreno,21,2026-04-12,Cold Storage,2025-08-19,B5442,236,Warehouse-1
59239307,Amul Mozzarella Cheese 200g,Cheese & Cheese Products,Mozzarella Cheese,200g,500,660.39,438,471,Garcia-Ortiz,28,2025-06-14,Room Temperature,2024-11-29,B6790,197,Warehouse-1
35651383,Amul India Twilight Tryst 150g,Chocolates,Others,150g,150,185.02,208,135,Price Ltd,25,2025-03-26,Hot Storage,2025-01-23,B7185,62,Warehouse-10
46612151,Amul Processed Cheese Cube 200g,Cheese & Cheese Products,Processed Cheese,200g,238,346.95,100,965,"Woods, Smith and Wells",18,2025-01-08,Refrigerated,2024-11-09,B7478,60,Warehouse-1
18798487,Amul Cheese Danish 120g,Bakery Items,Others,120g,53,69.32,476,668,Crawford PLC,11,2025-09-16,Cold Storage,2025-01-28,B6379,231,Warehouse-3
70167474,Amul Frozen Paratha 400g,Bakery & Frozen,Frozen Paratha,400g,250,303.3,430,605,Keller Group,3,2024-11-12,Chilled,2024-10-17,B3791,26,Warehouse-6
82806583,Amul Cheese Tin 500g,Others,Others,500g,500,743.09,314,679,Fisher and Sons,12,2025-11-02,Frozen,2025-05-19,B9105,167,Warehouse-8
83184284,Amul Kool Koko 200ml,Beverages,Others,200ml,120,150.55,432,317,Marsh PLC,4,2026-06-17,Cold Storage,2025-06-17,B9107,365,Warehouse-2
14701085,Amul Kool Elaichi Milk 200ml,Beverages,Lassi,200ml,120,156.77,389,249,Soto Inc,5,2025-09-14,Hot Storage,2025-07-08,B3727,68,Warehouse-6
80016687,Amul Butter 100g,Butter & Spreads,Salted Butter,100g,198,240.81,371,937,"Alexander, Lucero and Murray",8,2025-10-24,Refrigerated,2025-04-21,B7772,186,Warehouse-5
43726257,Amul Shrikhand Kesar 500g,Specialty Products,Others,500g,400,527.73,265,959,"Evans, Webb and Hernandez",22,2026-01-26,Room Temperature,2025-03-04,B8609,328,Warehouse-9
82806583,Amul Cheese Tin 500g,Others,Others,500g,500,690.6,315,700,"Deleon, Chapman and Page",12,2026-06-05,Frozen,2025-08-15,B8563,294,Warehouse-7
54796676,Amul White Butter 500g,Ghee & Cooking Essentials,Others,500g,800,1070.83,482,795,Hernandez Inc,24,2025-01-29,hot & Cold Storage,2025-01-02,B6289,27,Warehouse-8
36576395,Amul Kool Café Can 250ml,Others,Others,250ml,500,741.76,253,761,Callahan-Turner,26,2025-04-09,Ambient,2024-11-21,B6573,139,Warehouse-1
12337385,Amul Shrikhand Elaichi 500g,Specialty Products,Others,500g,400,492.6,372,258,Ewing PLC,8,2024-11-23,Ambient,2024-09-18,B7826,66,Warehouse-10
13006228,Amul Dark Chocolate Ice Cream 1L,Ice Creams,Premium Ice Cream,1L,300,399.94,174,809,Williams-Lambert,27,2025-05-15,Hot Storage,2025-03-03,B7988,73,Warehouse-6
51772550,Amul Pizza Base 200g,Bakery & Frozen,Pizza Base,200g,250,355.21,149,262,Jones-Carlson,3,2025-12-30,Chilled,2025-02-18,B9585,315,Warehouse-7
40563084,Amul Pure Ghee 500ml,Ghee & Cooking Essentials,Cow Ghee,500ml,411,471.84,161,145,Perez and Sons,29,2025-07-30,Room Temperature,2025-03-24,B5166,128,Warehouse-7
94900507,Amul Peanut Spread Crunchy 200g,Butter & Spreads,Cheese Spread,200g,100,140.67,466,956,"Tyler, Young and Hubbard",2,2026-02-21,hot & Cold Storage,2025-07-01,B8377,235,Warehouse-10
70415490,Amul Frozen Veggie Burger Patty 500g,Bakery & Frozen,Frozen Sweets,500g,250,323.56,148,162,"Scott, Hayes and Mcknight",5,2025-07-11,Room Temperature,2024-12-13,B6471,210,Warehouse-1
80016687,Amul Butter 100g,Butter & Spreads,Salted Butter,100g,198,254.47,389,180,Macdonald-Knapp,26,2025-06-30,Refrigerated,2024-10-11,B5310,262,Warehouse-3
11288909,Amul Mithai Mate Condensed Milk 400g,Dairy Products,Others,400g,100,140.97,110,898,Bautista LLC,22,2026-03-14,Frozen,2025-07-01,B5739,256,Warehouse-7
92496774,Amul Cheese Slices 200g,Cheese & Cheese Products,Cheese Slices,200g,357,427.53,394,692,Williams and Sons,5,2026-02-07,Frozen,2025-02-09,B9824,363,Warehouse-8
97719922,Amul Cheese Block 500g,Cheese & Cheese Products,Cream Cheese,500g,500,609.66,455,620,Wright Group,17,2024-10-17,Room Temperature,2024-09-18,B8240,29,Warehouse-2
64335100,Amul Slim & Trim Milk 500ml,Dairy Products,Others,500ml,100,129.42,452,501,Dillon PLC,27,2026-03-30,Ambient,2025-05-24,B3126,310,Warehouse-8
16267619,Amul Garlic & Herbs Butter 100g,Butter & Spreads,Others,100g,50,63.14,134,354,Mcdowell Inc,8,2025-07-24,Room Temperature,2024-11-08,B5806,258,Warehouse-5
78916050,Amul Gouda Cheese 200g,Cheese & Cheese Products,Gouda Cheese,200g,500,714.88,346,457,York-Thompson,3,2025-04-24,Hot Storage,2024-08-29,B1932,238,Warehouse-6
25032666,Amul Gold Milk 1L,Dairy Products,Others,1L,100,112.08,486,648,Hutchinson-Conley,14,2025-10-08,Frozen,2025-07-13,B4041,87,Warehouse-3
83184284,Amul Kool Koko 200ml,Beverages,Others,200ml,120,165.91,149,684,"Sanders, Roy and Brandt",6,2026-02-09,Cold Storage,2025-03-04,B3248,342,Warehouse-5
82147020,Amul Almond Bar 40g,Chocolates,Others,40g,57,81.15,278,753,Lee Inc,2,2025-11-11,Room Temperature,2025-05-16,B4033,179,Warehouse-10
93684965,Amul Mithai Mate UHT 200g,UHT & Long Life,Others,200g,150,188.6,166,439,"Gonzalez, Avery and Nguyen",8,2025-12-25,hot & Cold Storage,2025-06-08,B2210,200,Warehouse-4
93684965,Amul Mithai Mate UHT 200g,UHT & Long Life,Others,200g,150,169.84,444,268,Durham-Wilson,24,2025-04-09,hot & Cold Storage,2024-10-24,B8671,167,Warehouse-1
80016687,Amul Butter 100g,Butter & Spreads,Salted Butter,100g,198,261.32,150,560,Anderson PLC,3,2025-11-18,Refrigerated,2025-07-23,B1460,118,Warehouse-8
80016687,Amul Butter 100g,Butter & Spreads,Salted Butter,100g,198,269.06,393,884,"Fry, Ross and Martin",27,2025-11-09,Refrigerated,2025-04-14,B1270,209,Warehouse-8
84729804,Amul Greek Yogurt Mango 100g,Probiotic & Health Range,Greek Yogurt,100g,178,235.79,363,197,Salas-Mueller,7,2025-04-04,Room Temperature,2025-02-01,B1653,62,Warehouse-7
79291279,Amul Butter 500g,Butter & Spreads,Salted Butter,500g,200,267.98,111,471,"Lopez, Glass and Henry",1,2024-12-26,Chilled,2024-10-29,B7205,58,Warehouse-5
58937020,Amul Chocolate Brownie 100g,Bakery Items,Others,100g,218,305.09,240,323,Brown Inc,18,2026-02-04,Refrigerated,2025-08-20,B6450,168,Warehouse-5
91017437,Amul Lactose-Free Milk 1L,Dairy Products,Others,1L,100,147.23,172,166,Murphy-Smith,6,2025-06-19,Frozen,2025-06-01,B8068,18,Warehouse-3
14701085,Amul Kool Elaichi Milk 200ml,Beverages,Lassi,200ml,120,161.68,376,797,Day-Rasmussen,29,2024-12-18,Hot Storage,2024-10-08,B1494,71,Warehouse-4
25032666,Amul Gold Milk 1L,Dairy Products,Others,1L,100,113.27,373,496,Barrett-Warner,9,2025-06-02,Frozen,2025-01-24,B1729,129,Warehouse-1
14909382,Amul Cassata Slice 120ml,Ice Creams,Others,120ml,56,78.1,145,378,Fields-Singleton,2,2025-09-21,hot & Cold Storage,2025-01-18,B1717,246,Warehouse-10
81997831,Amul Cheese Crackers 120g,Snacks & Savories,Others,120g,509,734.69,496,223,Patel-Arroyo,10,2025-07-13,Room Temperature,2024-09-05,B2401,311,Warehouse-5
93245593,Amul Multigrain Dahi 200g,Health & Nutrition,Others,200g,158,210.42,171,671,"Powell, Daugherty and Carter",19,2025-09-09,Cold Storage,2025-02-09,B3504,212,Warehouse-7
63607529,Amul Emmental Cheese 200g,Cheese & Cheese Products,Emmental Cheese,200g,500,731.07,258,212,Garcia and Sons,28,2025-09-08,Refrigerated,2025-02-22,B7056,198,Warehouse-9
70167474,Amul Frozen Paratha 400g,Bakery & Frozen,Frozen Paratha,400g,250,297.77,405,175,"Johnson, Herring and Romero",18,2024-10-17,Chilled,2024-08-25,B1078,53,Warehouse-8
12571772,Amul Basundi 1L,Specialty Products,Others,1L,400,453.98,350,497,"French, Gilbert and Vincent",30,2025-10-18,hot & Cold Storage,2025-08-13,B5256,66,Warehouse-7
71930565,Amul Cow Ghee 1L,Ghee & Cooking Essentials,Cow Ghee,1L,800,1077.52,438,356,"Allen, Hernandez and Abbott",18,2026-05-16,Chilled,2025-07-22,B9184,298,Warehouse-3
83184284,Amul Kool Koko 200ml,Beverages,Others,200ml,120,133.07,201,516,Walker-Sanchez,11,2025-06-24,Cold Storage,2024-10-06,B5175,261,Warehouse-1
24078757,Amul Kesar Pista Ice Cream 1L,Ice Creams,Premium Ice Cream,1L,300,357.24,430,265,Turner Inc,14,2025-08-23,hot & Cold Storage,2025-08-06,B7688,17,Warehouse-3
68137847,Amul Kulfi 60ml,Ice Creams,Kulfi,60ml,107,149.24,313,216,Rodriguez LLC,5,2026-04-05,Room Temperature,2025-06-13,B3601,296,Warehouse-10
58937020,Amul Chocolate Brownie 100g,Bakery Items,Others,100g,218,316.03,185,362,Barber-Bryan,4,2025-10-20,Refrigerated,2025-08-18,B2593,63,Warehouse-4
57348568,Amul Peanut Spread Creamy 200g,Butter & Spreads,Cheese Spread,200g,51,57.32,165,620,"Dixon, Long and Price",7,2025-08-18,Refrigerated,2025-02-02,B3138,197,Warehouse-3
70537390,Amul Cheese Spread Red Chilli Flakes 200g,Butter & Spreads,Cheese Spread,200g,68,82.2,213,814,Howard-Kane,28,2026-04-13,hot & Cold Storage,2025-06-23,B6549,294,Warehouse-1
81997831,Amul Cheese Crackers 120g,Snacks & Savories,Others,120g,509,718.61,442,596,"Greene, Porter and Roberts",20,2024-11-03,Room Temperature,2024-10-03,B4135,31,Warehouse-1
70549300,Amul Dark Chocolate 150g,Chocolates,Dark Chocolate,150g,114,142.12,236,935,Moore-Hall,6,2025-06-21,hot & Cold Storage,2024-11-28,B9438,205,Warehouse-1
80016687,Amul Butter 100g,Butter & Spreads,Salted Butter,100g,198,220.61,432,308,Schaefer Ltd,10,2025-11-05,Refrigerated,2025-06-25,B4192,133,Warehouse-3
80016687,Amul Butter 100g,Butter & Spreads,Salted Butter,100g,198,296.34,272,172,"Hubbard, Elliott and Goodwin",28,2025-09-30,Refrigerated,2025-02-13,B4949,229,Warehouse-4
57348568,Amul Peanut Spread Creamy 200g,Butter & Spreads,Cheese Spread,200g,51,58.74,344,756,"Daniels, Yates and Martin",2,2025-12-01,Refrigerated,2024-12-11,B7129,355,Warehouse-4
91503640,Amul Spiced Buttermilk 500ml,Dairy Products,Others,500ml,99,129.34,199,348,Roy-Brown,10,2024-12-10,Room Temperature,2024-11-14,B7856,26,Warehouse-10
71235158,Amul Strawberry Lassi 250ml,Beverages (New Flavors),Others,250ml,600,849.33,146,908,"Robinson, Aguilar and Rogers",23,2025-09-22,Refrigerated,2025-07-26,B4958,58,Warehouse-7
68137847,Amul Kulfi 60ml,Ice Creams,Kulfi,60ml,107,157.13,453,713,"Yates, Johnson and Ball",14,2025-10-10,Room Temperature,2024-12-14,B5560,300,Warehouse-2
18009972,Amul Organic Ghee 500ml,Others,Others,500ml,500,725.48,373,820,Hogan Inc,19,2025-02-15,Chilled,2024-09-09,B3142,159,Warehouse-10
70415490,Amul Frozen Veggie Burger Patty 500g,Bakery & Frozen,Frozen Sweets,500g,250,367.4,294,675,Sanchez LLC,7,2025-08-24,Room Temperature,2024-11-02,B4558,295,Warehouse-1
14415647,Amul Kool Rose Milk 200ml,Beverages,Others,200ml,120,148.67,390,610,Moore Inc,21,2026-05-29,Room Temperature,2025-06-28,B8795,335,Warehouse-10
97241768,Amul Chocolate Ice Cream 1L,Ice Creams,Premium Ice Cream,1L,300,372.38,149,983,Moore-Wiley,8,2025-09-03,Cold Storage,2025-06-27,B7608,68,Warehouse-7
11071426,Amul Buffalo Ghee 1L,Ghee & Cooking Essentials,Buffalo Ghee,1L,703,776.7,457,869,"Fritz, Martin and Wyatt",14,2025-09-05,Hot Storage,2024-09-10,B6344,360,Warehouse-3
46612151,Amul Processed Cheese Cube 200g,Cheese & Cheese Products,Processed Cheese,200g,238,295.38,274,434,Woodward Group,28,2025-03-01,Refrigerated,2024-09-09,B2977,173,Warehouse-5
93020688,Amul Cheese Spread Garlic 200g,Butter & Spreads,Cheese Spread,200g,200,269.18,489,508,Peck Ltd,26,2026-05-18,Refrigerated,2025-07-08,B9130,314,Warehouse-10
81997831,Amul Cheese Crackers 120g,Snacks & Savories,Others,120g,509,633.75,243,832,Mckenzie and Sons,20,2025-10-13,Room Temperature,2025-08-03,B1762,71,Warehouse-5
71235158,Amul Strawberry Lassi 250ml,Beverages (New Flavors),Others,250ml,600,677.7,435,481,"Yates, Fisher and Hernandez",18,2025-07-12,Refrigerated,2025-01-22,B9887,171,Warehouse-3
18009972,Amul Organic Ghee 500ml,Others,Others,500ml,500,621.34,225,263,Stanley Ltd,23,2026-03-15,Chilled,2025-08-21,B1838,206,Warehouse-4
82806583,Amul Cheese Tin 500g,Others,Others,500g,500,576.9,320,212,Foster-Smith,10,2026-01-18,Frozen,2025-04-26,B4252,267,Warehouse-4
78916050,Amul Gouda Cheese 200g,Cheese & Cheese Products,Gouda Cheese,200g,500,628.46,480,805,"Kaufman, Martin and Graves",7,2026-04-03,Hot Storage,2025-04-26,B7692,342,Warehouse-2
64935768,Amul Mithai Gulab Jamun Tin 1kg,Specialty Products,Others,1kg,400,493.93,165,242,Roberts Ltd,24,2025-01-21,Room Temperature,2024-09-03,B6423,140,Warehouse-1
70134094,Amul Tru Apple Juice 200ml,Beverages,Juice,200ml,74,105.22,310,368,"Moore, Whitehead and Wagner",22,2026-03-04,Room Temperature,2025-06-07,B1264,270,Warehouse-6
64335100,Amul Slim & Trim Milk 500ml,Dairy Products,Others,500ml,100,129.36,177,836,Hawkins-Arnold,3,2025-08-17,Ambient,2025-03-24,B8388,146,Warehouse-6
58937020,Amul Chocolate Brownie 100g,Bakery Items,Others,100g,218,325.82,396,811,Rios Group,25,2025-05-06,Refrigerated,2024-10-01,B4641,217,Warehouse-3
16367289,Amul Strawberry Magic 750ml,Ice Creams,Others,750ml,300,447.43,416,933,"Miller, Black and Hardy",14,2025-10-04,Ambient,2024-12-19,B7398,289,Warehouse-4
46612151,Amul Processed Cheese Cube 200g,Cheese & Cheese Products,Processed Cheese,200g,238,335.35,494,532,Martinez-Golden,6,2026-05-02,Refrigerated,2025-05-08,B9683,359,Warehouse-5
18798487,Amul Cheese Danish 120g,Bakery Items,Others,120g,53,65.11,304,513,Rice Ltd,10,2025-03-31,Cold Storage,2025-01-24,B6108,66,Warehouse-1
31363198,Amul Mango Lassi 250ml,Beverages (New Flavors),Others,250ml,600,753.06,325,253,"Lee, Smith and Young",8,2025-12-04,hot & Cold Storage,2025-04-06,B5034,242,Warehouse-10
91503640,Amul Spiced Buttermilk 500ml,Dairy Products,Others,500ml,99,138.09,382,386,Williams and Sons,30,2025-07-07,Room Temperature,2025-01-20,B1263,168,Warehouse-10
71579542,Amul Mystic Mocha Chocolate 150g,Chocolates,Dark Chocolate,150g,30,40.58,486,346,Cunningham-Ellis,22,2025-09-30,Cold Storage,2025-02-15,B8863,227,Warehouse-6
34223963,Amul Vanilla Muffin 90g,Bakery Items,Others,90g,51,67.24,221,109,Nunez-Hernandez,11,2025-07-20,hot & Cold Storage,2024-09-04,B4219,319,Warehouse-9
25444452,Amul Ice Cream Cake 1kg,Others,Others,1kg,500,739.22,398,595,Davenport LLC,9,2025-03-05,hot & Cold Storage,2025-02-15,B9471,18,Warehouse-1
71930565,Amul Cow Ghee 1L,Ghee & Cooking Essentials,Cow Ghee,1L,800,1083.27,309,873,"Soto, Smith and Douglas",26,2025-11-24,Chilled,2025-05-02,B2201,206,Warehouse-2
5752287,Amul Camel Milk Chocolate 150g,Others,Others,150g,123,175.68,231,744,"Allen, Williams and Pope",24,2025-09-15,hot & Cold Storage,2025-06-14,B7753,93,Warehouse-9
21750991,Amul Greek Yogurt Strawberry 100g,Probiotic & Health Range,Greek Yogurt,100g,223,306.07,211,510,Patterson and Sons,20,2025-01-27,hot & Cold Storage,2024-10-09,B3583,110,Warehouse-6
69924743,Amul Shrikhand Mango 500g,Specialty Products,Others,500g,400,471.8,277,757,Atkinson-Campbell,30,2026-01-01,Ambient,2025-06-21,B4611,194,Warehouse-7
69924743,Amul Shrikhand Mango 500g,Specialty Products,Others,500g,400,453.95,281,166,Thompson-Roberts,6,2025-05-25,Ambient,2025-01-22,B2308,123,Warehouse-5
80405061,Amul A2 Cow Milk 1L,Others,Others,1L,500,598.09,193,108,"Herrera, Marshall and Carter",7,2025-02-19,Refrigerated,2025-01-22,B4978,28,Warehouse-1
72940877,Amul Butter Cookies 200g,Others,Others,200g,500,741.54,163,983,Jordan Group,15,2025-09-24,Ambient,2025-07-24,B8340,62,Warehouse-10
21750991,Amul Greek Yogurt Strawberry 100g,Probiotic & Health Range,Greek Yogurt,100g,223,293.55,262,607,Young LLC,9,2025-08-13,hot & Cold Storage,2024-11-19,B1763,267,Warehouse-1
14921131,Amul Cheesy Corn Puffs 150g,Snacks & Savories,Others,150g,550,694.77,414,766,"Mendoza, Jones and Jones",20,2025-05-02,Refrigerated,2024-11-07,B8605,176,Warehouse-6
91017437,Amul Lactose-Free Milk 1L,Dairy Products,Others,1L,100,117.87,199,974,"Jones, Mejia and Hodges",18,2026-03-13,Frozen,2025-08-08,B2167,217,Warehouse-10
72940877,Amul Butter Cookies 200g,Others,Others,200g,500,725.8,453,284,Mcdonald and Sons,8,2026-02-05,Ambient,2025-04-26,B9945,285,Warehouse-2
16443921,Amul Fruit & Nut Chocolate 150g,Chocolates,Fruit & Nut Chocolate,150g,150,221.3,410,491,Wilkins-Juarez,10,2025-04-13,hot & Cold Storage,2025-02-18,B1624,54,Warehouse-8
88384214,Amul Lite Spread 250g,Butter & Spreads,Cheese Spread,250g,54,60.51,220,759,"Williams, Jenkins and Caldwell",2,2025-04-11,Frozen,2025-01-26,B3375,75,Warehouse-4
64335100,Amul Slim & Trim Milk 500ml,Dairy Products,Others,500ml,100,138.6,380,608,Moody Group,1,2026-03-27,Ambient,2025-06-24,B7805,276,Warehouse-10
71579542,Amul Mystic Mocha Chocolate 150g,Chocolates,Dark Chocolate,150g,30,33.34,337,951,Fritz-Murphy,3,2025-11-30,Cold Storage,2024-12-30,B1626,335,Warehouse-4
72940877,Amul Butter Cookies 200g,Others,Others,200g,500,618.77,194,570,Hall-Johnston,18,2026-05-20,Ambient,2025-08-14,B3447,279,Warehouse-10
84729804,Amul Greek Yogurt Mango 100g,Probiotic & Health Range,Greek Yogurt,100g,178,214.93,207,349,"Anderson, Zuniga and White",16,2025-06-21,Room Temperature,2024-10-12,B6912,252,Warehouse-8
71579542,Amul Mystic Mocha Chocolate 150g,Chocolates,Dark Chocolate,150g,30,36.28,394,809,Cruz-Kemp,10,2025-05-20,Cold Storage,2025-03-21,B2724,60,Warehouse-4
81837793,Amul Low Fat Yogurt 100g,Health & Nutrition,Others,100g,436,605.75,440,354,Hernandez Inc,14,2026-03-25,Hot Storage,2025-08-03,B5458,234,Warehouse-6
64335100,Amul Slim & Trim Milk 500ml,Dairy Products,Others,500ml,100,137.54,338,162,Watts-Ramirez,30,2025-12-27,Ambient,2025-04-19,B4981,252,Warehouse-1
83950377,Amul Veggie Sticks 100g,Snacks & Savories,Others,100g,85,119.79,241,420,Williams Ltd,14,2025-10-27,Refrigerated,2025-08-04,B8656,84,Warehouse-4
11289388,Amul Rasmalai 500g,Specialty Products,Others,500g,400,497.32,346,632,"Savage, Dean and Hogan",20,2025-06-19,Frozen,2025-02-11,B6653,128,Warehouse-4
16443921,Amul Fruit & Nut Chocolate 150g,Chocolates,Fruit & Nut Chocolate,150g,150,185.77,336,312,Parker Inc,14,2025-10-29,hot & Cold Storage,2025-05-13,B6529,169,Warehouse-6
21365294,Amul Greek Yogurt Blueberry 100g,Probiotic & Health Range,Greek Yogurt,100g,245,274.79,368,916,"Clayton, Patterson and Torres",20,2025-06-16,Chilled,2025-06-07,B1374,9,Warehouse-2
16367289,Amul Strawberry Magic 750ml,Ice Creams,Others,750ml,300,382.47,473,911,Dunlap-Patterson,15,2025-08-31,Ambient,2025-02-12,B5612,200,Warehouse-5
14701085,Amul Kool Elaichi Milk 200ml,Beverages,Lassi,200ml,120,151.9,163,591,"Clark, Shaw and Byrd",25,2025-08-20,Hot Storage,2025-02-06,B4858,195,Warehouse-3
48334136,Amul Protein Shake Vanilla 200ml,Health & Nutrition,Others,200ml,600,887.79,492,229,Gardner Ltd,13,2025-10-23,Ambient,2025-04-02,B2730,204,Warehouse-3
6094027,Amul Kool Flavoured Milk Bottle 200ml,Beverages,Flavored Milk Drink,200ml,120,166.53,214,550,Petersen-Payne,10,2024-11-01,Cold Storage,2024-10-22,B9182,10,Warehouse-5
26980737,Amul Tru Orange Juice 200ml,Beverages,Juice,200ml,116,144.93,448,778,"Coffey, Price and Harrison",23,2025-10-30,Hot Storage,2025-05-28,B6068,155,Warehouse-5
4664321,Amul Buttermilk Masala 200ml,Beverages (New Flavors),Others,200ml,600,666.96,125,952,Garrett Ltd,6,2025-12-17,Hot Storage,2025-03-06,B5258,286,Warehouse-6
71235158,Amul Strawberry Lassi 250ml,Beverages (New Flavors),Others,250ml,600,865.34,202,728,Berg and Sons,4,2026-01-15,Refrigerated,2025-05-10,B7818,250,Warehouse-5
33992976,Amul Probiotic Dahi 400g,Probiotic & Health Range,Probiotic Curd,400g,250,365.84,131,454,Hunter LLC,1,2026-03-18,Frozen,2025-07-15,B3609,246,Warehouse-10
81997831,Amul Cheese Crackers 120g,Snacks & Savories,Others,120g,509,667.82,352,437,"Davis, Vaughn and Brooks",18,2025-11-08,Room Temperature,2024-11-24,B1599,349,Warehouse-10
14921131,Amul Cheesy Corn Puffs 150g,Snacks & Savories,Others,150g,550,683.67,267,876,"Chang, Cox and Wells",20,2025-08-25,Refrigerated,2025-05-31,B6746,86,Warehouse-1
83950377,Amul Veggie Sticks 100g,Snacks & Savories,Others,100g,85,121.13,416,964,Rios Inc,8,2025-02-19,Refrigerated,2024-09-02,B3472,170,Warehouse-10
51783426,Amul Cold Coffee 200ml,Beverages (New Flavors),Others,200ml,375,485.97,263,988,"Payne, Gonzalez and Walker",21,2026-04-27,Refrigerated,2025-08-16,B4609,254,Warehouse-6
206846,Amul Cooking Butter 500g,Ghee & Cooking Essentials,Cooking Ghee,500g,800,1092.03,416,797,Gregory LLC,4,2025-04-17,Hot Storage,2025-03-11,B2812,37,Warehouse-1
57348568,Amul Peanut Spread Creamy 200g,Butter & Spreads,Cheese Spread,200g,51,56.73,252,481,Johnson-Howard,12,2024-11-20,Refrigerated,2024-09-30,B2102,51,Warehouse-6
71930565,Amul Cow Ghee 1L,Ghee & Cooking Essentials,Cow Ghee,1L,800,968.74,445,525,Jackson-Smith,6,2025-06-23,Chilled,2025-05-24,B9752,30,Warehouse-7
18009972,Amul Organic Ghee 500ml,Others,Others,500ml,500,723.97,300,952,Ryan Ltd,11,2025-09-22,Chilled,2025-02-27,B2174,207,Warehouse-7
26980737,Amul Tru Orange Juice 200ml,Beverages,Juice,200ml,116,132.59,419,338,Russo Inc,29,2025-06-17,Hot Storage,2025-04-27,B8946,51,Warehouse-7
56068016,Amul Fortified Milk 1L,Health & Nutrition,Others,1L,600,694.51,491,758,"Watson, Anthony and Roberts",8,2025-09-10,Refrigerated,2024-09-15,B1389,360,Warehouse-3
51772550,Amul Pizza Base 200g,Bakery & Frozen,Pizza Base,200g,250,360.4,455,772,Moreno-Perez,21,2025-11-30,Chilled,2025-02-27,B8474,276,Warehouse-6
51783426,Amul Cold Coffee 200ml,Beverages (New Flavors),Others,200ml,375,551.02,140,217,Brown-Fields,20,2026-04-07,Refrigerated,2025-06-01,B5410,310,Warehouse-1
80405061,Amul A2 Cow Milk 1L,Others,Others,1L,500,625.22,262,428,Lin-White,28,2025-10-16,Refrigerated,2025-04-16,B5050,183,Warehouse-6
11071426,Amul Buffalo Ghee 1L,Ghee & Cooking Essentials,Buffalo Ghee,1L,703,857.06,245,112,Henry-Smith,13,2025-09-08,Hot Storage,2024-11-15,B7467,297,Warehouse-4
51772550,Amul Pizza Base 200g,Bakery & Frozen,Pizza Base,200g,250,304.07,214,835,Garcia Inc,20,2025-11-05,Chilled,2025-07-25,B5977,103,Warehouse-1
64935768,Amul Mithai Gulab Jamun Tin 1kg,Specialty Products,Others,1kg,400,521.91,373,305,Wilson and Sons,17,2025-07-08,Room Temperature,2024-10-15,B4551,266,Warehouse-1
18315080,Amul Paneer 200g,Dairy Products,Paneer Cubes,200g,61,76.25,113,402,Barry-Gibbs,29,2026-04-14,Hot Storage,2025-08-15,B9641,242,Warehouse-8
62882309,Amul Frozen Paneer Tikka 500g,Bakery & Frozen,Frozen Paratha,500g,250,288.2,141,144,Bryant LLC,19,2026-01-21,Hot Storage,2025-06-18,B7184,217,Warehouse-7
70167474,Amul Frozen Paratha 400g,Bakery & Frozen,Frozen Paratha,400g,250,306.62,292,621,"Thompson, Pope and Powers",25,2025-08-11,Chilled,2024-09-30,B1170,315,Warehouse-7
26980737,Amul Tru Orange Juice 200ml,Beverages,Juice,200ml,116,134.13,381,149,"Walker, Obrien and Johnson",5,2025-08-24,Hot Storage,2024-11-04,B4991,293,Warehouse-8
93684965,Amul Mithai Mate UHT 200g,UHT & Long Life,Others,200g,150,187.87,155,903,"Diaz, Kline and Lowery",10,2026-03-24,hot & Cold Storage,2025-05-25,B6714,303,Warehouse-8
45007361,Amul Vanilla Ice Cream 1L,Ice Creams,Premium Ice Cream,1L,149,200.85,222,966,Shelton Inc,24,2025-02-26,hot & Cold Storage,2024-10-03,B9887,146,Warehouse-8
97719922,Amul Cheese Block 500g,Cheese & Cheese Products,Cream Cheese,500g,500,664.54,246,128,Snyder PLC,26,2025-06-01,Room Temperature,2024-09-24,B7389,250,Warehouse-4
82806583,Amul Cheese Tin 500g,Others,Others,500g,500,569.98,308,466,Perez Group,11,2025-07-21,Frozen,2025-04-06,B6658,106,Warehouse-3
64335100,Amul Slim & Trim Milk 500ml,Dairy Products,Others,500ml,100,148.03,381,641,Buckley-Carpenter,14,2025-04-18,Ambient,2024-10-31,B2188,169,Warehouse-7
14909382,Amul Cassata Slice 120ml,Ice Creams,Others,120ml,56,73.97,272,809,Ball Ltd,22,2025-02-14,hot & Cold Storage,2024-10-07,B6224,130,Warehouse-10
23548091,Amul Chocozoo Kids Pack 250g,Chocolates,Milk Chocolate,250g,150,168.95,377,816,"Pearson, Klein and Krause",21,2025-06-04,Cold Storage,2025-04-27,B6364,38,Warehouse-4
44564353,Amul Fresh Cream 250ml,Dairy Products,Others,250ml,100,137.54,346,480,Mcguire-Reed,24,2025-09-29,Room Temperature,2025-01-08,B1855,264,Warehouse-7
83734632,Amul Cheese Spread Yummy Plain 200g,Butter & Spreads,Cheese Spread,200g,177,213.44,350,644,Newton and Sons,16,2025-07-24,Ambient,2025-05-14,B7647,71,Warehouse-9
16367289,Amul Strawberry Magic 750ml,Ice Creams,Others,750ml,300,378.34,215,533,Mueller-Woods,14,2025-08-01,Ambient,2024-10-09,B7425,296,Warehouse-2
34223963,Amul Vanilla Muffin 90g,Bakery Items,Others,90g,51,70.69,256,396,Phillips Group,9,2025-09-05,hot & Cold Storage,2024-10-15,B4637,325,Warehouse-10
37245757,Amul Spicy Potato Chips 200g,Snacks & Savories,Others,200g,54,67.98,309,858,Gonzales Inc,20,2024-12-04,Frozen,2024-11-06,B5082,28,Warehouse-2
64829395,Amul Cream Tetra Pack 250ml,UHT & Long Life,Others,250ml,150,206.83,430,672,"Long, Krueger and Hill",30,2024-09-09,hot & Cold Storage,2024-08-25,B9129,15,Warehouse-10
71930565,Amul Cow Ghee 1L,Ghee & Cooking Essentials,Cow Ghee,1L,800,1005.18,250,970,"Smith, Warner and Robbins",26,2025-12-14,Chilled,2025-06-02,B8125,195,Warehouse-1
62232487,Amul Milk Chocolate 150g,Chocolates,Milk Chocolate,150g,115,159.44,359,967,Frank LLC,1,2025-12-22,Ambient,2025-04-21,B9929,245,Warehouse-10
51783426,Amul Cold Coffee 200ml,Beverages (New Flavors),Others,200ml,375,470.86,399,697,Rosales-Barnett,4,2025-08-26,Refrigerated,2024-11-13,B2113,286,Warehouse-1
51783426,Amul Cold Coffee 200ml,Beverages (New Flavors),Others,200ml,375,472.61,360,353,"Morton, Jackson and Rodriguez",3,2026-02-08,Refrigerated,2025-06-30,B6818,223,Warehouse-4
56068016,Amul Fortified Milk 1L,Health & Nutrition,Others,1L,600,733.26,233,701,Sims and Sons,24,2025-12-05,Refrigerated,2025-08-01,B2132,126,Warehouse-10
11288909,Amul Mithai Mate Condensed Milk 400g,Dairy Products,Others,400g,100,138.53,312,193,Potter Group,25,2025-03-25,Frozen,2024-12-12,B9002,103,Warehouse-2
4664321,Amul Buttermilk Masala 200ml,Beverages (New Flavors),Others,200ml,600,737.76,286,940,May Ltd,25,2025-09-25,Hot Storage,2024-11-12,B3508,317,Warehouse-1
16267619,Amul Garlic & Herbs Butter 100g,Butter & Spreads,Others,100g,50,74.87,451,108,"Armstrong, Wong and Mitchell",2,2025-09-27,Room Temperature,2025-07-30,B5604,59,Warehouse-6
71579542,Amul Mystic Mocha Chocolate 150g,Chocolates,Dark Chocolate,150g,30,39.63,464,866,Ellis-Johnson,21,2025-04-02,Cold Storage,2025-03-01,B3698,32,Warehouse-4
33992976,Amul Probiotic Dahi 400g,Probiotic & Health Range,Probiotic Curd,400g,250,363.07,448,804,Miles Inc,4,2025-11-19,Frozen,2025-05-22,B3348,181,Warehouse-3
12571772,Amul Basundi 1L,Specialty Products,Others,1L,400,469.81,169,273,"Ramirez, Porter and Contreras",5,2025-05-09,hot & Cold Storage,2025-04-04,B1363,35,Warehouse-8
82806583,Amul Cheese Tin 500g,Others,Others,500g,500,591.63,425,623,"Hodge, Hicks and Gutierrez",5,2025-06-07,Frozen,2025-01-19,B7537,139,Warehouse-9
14415647,Amul Kool Rose Milk 200ml,Beverages,Others,200ml,120,153.1,354,644,Tran and Sons,15,2025-07-29,Room Temperature,2025-03-12,B3274,139,Warehouse-6
4664321,Amul Buttermilk Masala 200ml,Beverages (New Flavors),Others,200ml,600,880.25,201,184,Williams-Moore,8,2025-01-21,Hot Storage,2024-12-11,B8978,41,Warehouse-4
56068016,Amul Fortified Milk 1L,Health & Nutrition,Others,1L,600,770.21,412,859,"Garcia, Krause and Perry",7,2025-09-03,Refrigerated,2025-08-19,B3331,15,Warehouse-7
31256377,Amul Happy Treats Veggie Stix 400g,Others,Others,400g,500,710.39,158,446,"Hicks, Greene and Crawford",25,2025-09-17,Ambient,2025-03-16,B5264,185,Warehouse-10
48334136,Amul Protein Shake Vanilla 200ml,Health & Nutrition,Others,200ml,600,698.63,271,507,"Henry, Wolfe and Stokes",26,2025-03-01,Ambient,2024-10-25,B6961,127,Warehouse-4
70167474,Amul Frozen Paratha 400g,Bakery & Frozen,Frozen Paratha,400g,250,295.67,342,105,Stanley and Sons,18,2025-01-05,Chilled,2024-09-14,B8683,113,Warehouse-3
14701085,Amul Kool Elaichi Milk 200ml,Beverages,Lassi,200ml,120,179.89,470,847,Martin LLC,11,2025-12-24,Hot Storage,2025-02-20,B3420,307,Warehouse-4
21365294,Amul Greek Yogurt Blueberry 100g,Probiotic & Health Range,Greek Yogurt,100g,245,276.69,249,172,"Macias, Smith and Robertson",16,2025-10-22,Chilled,2025-04-04,B3030,201,Warehouse-8
12571772,Amul Basundi 1L,Specialty Products,Others,1L,400,571.51,308,384,Lee-Hansen,21,2025-04-15,hot & Cold Storage,2024-11-23,B6723,143,Warehouse-10
62232487,Amul Milk Chocolate 150g,Chocolates,Milk Chocolate,150g,115,127.94,285,609,Lamb-Medina,9,2025-09-08,Ambient,2025-05-24,B4974,107,Warehouse-9
13006228,Amul Dark Chocolate Ice Cream 1L,Ice Creams,Premium Ice Cream,1L,300,379.26,381,639,Mendez-Sutton,19,2025-04-26,Hot Storage,2024-11-19,B1390,158,Warehouse-4
69924743,Amul Shrikhand Mango 500g,Specialty Products,Others,500g,400,524.6,423,898,Hopkins-Cox,5,2025-12-25,Ambient,2025-02-27,B3499,301,Warehouse-1
80405061,Amul A2 Cow Milk 1L,Others,Others,1L,500,641.78,172,558,"Williams, Ashley and Brown",1,2026-04-24,Refrigerated,2025-08-18,B6507,249,Warehouse-6
82806583,Amul Cheese Tin 500g,Others,Others,500g,500,603.77,269,614,Bush-David,15,2025-10-22,Frozen,2024-10-26,B2933,361,Warehouse-3
81997831,Amul Cheese Crackers 120g,Snacks & Savories,Others,120g,509,687.63,174,384,Hale PLC,23,2025-06-07,Room Temperature,2025-05-12,B4523,26,Warehouse-4
94900507,Amul Peanut Spread Crunchy 200g,Butter & Spreads,Cheese Spread,200g,100,137.07,274,463,Jimenez PLC,27,2026-04-02,hot & Cold Storage,2025-06-04,B1000,302,Warehouse-1
69924743,Amul Shrikhand Mango 500g,Specialty Products,Others,500g,400,481.16,144,190,Mcbride-Smith,23,2025-12-11,Ambient,2025-06-03,B3837,191,Warehouse-10
21365294,Amul Greek Yogurt Blueberry 100g,Probiotic & Health Range,Greek Yogurt,100g,245,295.76,484,194,Jackson-Martin,11,2024-12-22,Chilled,2024-10-05,B7195,78,Warehouse-7
45319204,Amul Slim UHT Milk 1L,UHT & Long Life,Others,1L,150,201.7,476,493,Bowman-Carter,7,2026-07-06,Hot Storage,2025-08-12,B6315,328,Warehouse-9
28937579,Amul Chocolate Donut 80g,Bakery Items,Others,80g,429,526.9,242,861,"Herrera, Moore and Bass",15,2025-07-26,Refrigerated,2025-06-23,B7011,33,Warehouse-2
94900507,Amul Peanut Spread Crunchy 200g,Butter & Spreads,Cheese Spread,200g,100,110.7,388,491,Rich-Sanford,3,2026-01-04,hot & Cold Storage,2025-03-06,B3795,304,Warehouse-2
206846,Amul Cooking Butter 500g,Ghee & Cooking Essentials,Cooking Ghee,500g,800,934.4,250,673,Moran-Robinson,22,2025-09-03,Hot Storage,2025-04-08,B8693,148,Warehouse-8
70167474,Amul Frozen Paratha 400g,Bakery & Frozen,Frozen Paratha,400g,250,328.04,350,879,Johnson Group,17,2024-10-05,Chilled,2024-08-25,B9818,41,Warehouse-4
57348568,Amul Peanut Spread Creamy 200g,Butter & Spreads,Cheese Spread,200g,51,73.2,289,441,Brown-Gibbs,5,2025-08-22,Refrigerated,2024-11-10,B9201,285,Warehouse-6
83950377,Amul Veggie Sticks 100g,Snacks & Savories,Others,100g,85,108.62,142,466,"Montoya, Leon and Wilson",7,2026-04-06,Refrigerated,2025-06-11,B1039,299,Warehouse-6
69924743,Amul Shrikhand Mango 500g,Specialty Products,Others,500g,400,545.47,162,901,Chapman LLC,1,2025-01-11,Ambient,2024-10-06,B5050,97,Warehouse-8
64335100,Amul Slim & Trim Milk 500ml,Dairy Products,Others,500ml,100,132.93,178,216,"Black, Green and Odonnell",23,2025-12-15,Ambient,2025-01-26,B9918,323,Warehouse-8
64829395,Amul Cream Tetra Pack 250ml,UHT & Long Life,Others,250ml,150,211.25,354,869,Bonilla PLC,7,2025-06-19,hot & Cold Storage,2025-02-24,B3325,115,Warehouse-7
70415490,Amul Frozen Veggie Burger Patty 500g,Bakery & Frozen,Frozen Sweets,500g,250,290.68,161,791,Pollard-Wilson,13,2025-05-26,Room Temperature,2025-04-28,B5237,28,Warehouse-4
91980489,Amul Masala Peanuts 250g,Snacks & Savories,Others,250g,258,332.35,175,616,Cortez-Mendez,19,2025-12-09,Cold Storage,2024-12-21,B6410,353,Warehouse-2
23548091,Amul Chocozoo Kids Pack 250g,Chocolates,Milk Chocolate,250g,150,208.43,496,326,"Wyatt, Caldwell and Wood",14,2025-07-04,Cold Storage,2025-06-13,B6579,21,Warehouse-6
97241768,Amul Chocolate Ice Cream 1L,Ice Creams,Premium Ice Cream,1L,300,399.5,398,951,Rose-Harding,6,2025-10-24,Cold Storage,2025-02-28,B3781,238,Warehouse-5
25444452,Amul Ice Cream Cake 1kg,Others,Others,1kg,500,605.45,412,682,White and Sons,26,2025-10-12,hot & Cold Storage,2025-08-17,B2081,56,Warehouse-9
79195263,Amul Kool Saffron Milk 200ml,Beverages,Others,200ml,120,161.15,149,101,May-Gray,30,2025-12-24,Ambient,2025-04-10,B6212,258,Warehouse-10
11289388,Amul Rasmalai 500g,Specialty Products,Others,500g,400,515.19,372,511,"Wilson, Robinson and Hammond",3,2026-04-15,Frozen,2025-07-17,B2726,272,Warehouse-10
25032666,Amul Gold Milk 1L,Dairy Products,Others,1L,100,111.85,284,909,Hunt LLC,28,2025-09-20,Frozen,2025-07-08,B4126,74,Warehouse-6
40563084,Amul Pure Ghee 500ml,Ghee & Cooking Essentials,Cow Ghee,500ml,411,503.18,412,370,Rose Ltd,14,2025-07-02,Room Temperature,2024-09-07,B1401,298,Warehouse-1
71579542,Amul Mystic Mocha Chocolate 150g,Chocolates,Dark Chocolate,150g,30,34.76,280,823,"Wilson, Carter and Hernandez",21,2025-07-31,Cold Storage,2025-03-29,B7725,124,Warehouse-8
69924743,Amul Shrikhand Mango 500g,Specialty Products,Others,500g,400,546.98,298,155,Chen and Sons,14,2026-03-23,Ambient,2025-06-30,B9193,266,Warehouse-6
14701085,Amul Kool Elaichi Milk 200ml,Beverages,Lassi,200ml,120,172.36,254,529,Flores-Scott,17,2025-10-16,Hot Storage,2024-12-20,B4058,300,Warehouse-10
78916050,Amul Gouda Cheese 200g,Cheese & Cheese Products,Gouda Cheese,200g,500,649.66,358,849,Thomas-Vasquez,17,2025-09-21,Hot Storage,2025-03-18,B1605,187,Warehouse-8
45007361,Amul Vanilla Ice Cream 1L,Ice Creams,Premium Ice Cream,1L,149,211.9,113,831,"Richardson, Winters and Gray",24,2025-06-30,hot & Cold Storage,2025-01-14,B1038,167,Warehouse-3
6094027,Amul Kool Flavoured Milk Bottle 200ml,Beverages,Flavored Milk Drink,200ml,120,151.48,406,288,Williams Ltd,22,2024-10-09,Cold Storage,2024-08-29,B2814,41,Warehouse-8
11071426,Amul Buffalo Ghee 1L,Ghee & Cooking Essentials,Buffalo Ghee,1L,703,968.08,202,805,"Hopkins, Conway and Galloway",19,2025-02-23,Hot Storage,2024-10-25,B7441,121,Warehouse-3
72940877,Amul Butter Cookies 200g,Others,Others,200g,500,595.35,342,483,Parker PLC,11,2024-12-15,Ambient,2024-12-08,B5270,7,Warehouse-6
83184284,Amul Kool Koko 200ml,Beverages,Others,200ml,120,144.59,385,142,"Hampton, Lee and Le",1,2025-07-18,Cold Storage,2025-04-26,B5246,83,Warehouse-7
45319204,Amul Slim UHT Milk 1L,UHT & Long Life,Others,1L,150,207.61,299,762,May-Waller,20,2026-01-28,Hot Storage,2025-07-14,B4661,198,Warehouse-2
4664321,Amul Buttermilk Masala 200ml,Beverages (New Flavors),Others,200ml,600,741.62,265,963,Gonzales-Ayers,4,2025-02-10,Hot Storage,2025-01-11,B7930,30,Warehouse-8
64335100,Amul Slim & Trim Milk 500ml,Dairy Products,Others,500ml,100,114.98,350,173,Anderson Ltd,8,2025-10-22,Ambient,2025-01-02,B3775,293,Warehouse-8
59239307,Amul Mozzarella Cheese 200g,Cheese & Cheese Products,Mozzarella Cheese,200g,500,709.62,461,176,"Herman, Bowman and Nguyen",18,2025-06-15,Room Temperature,2025-05-29,B4839,17,Warehouse-2
41910047,Amul Gold UHT Milk 1L,UHT & Long Life,Others,1L,150,169.88,251,899,Roberts-Morris,23,2025-06-02,Chilled,2024-12-12,B2754,172,Warehouse-1
42543602,Amul Choco Milk 200ml,Beverages (New Flavors),Others,200ml,301,340.65,100,689,Turner-Bryan,12,2025-02-01,hot & Cold Storage,2024-09-14,B6953,140,Warehouse-6
18009972,Amul Organic Ghee 500ml,Others,Others,500ml,500,735.21,245,679,Perez-Bowman,14,2025-05-24,Chilled,2024-11-04,B6282,201,Warehouse-1
83950377,Amul Veggie Sticks 100g,Snacks & Savories,Others,100g,85,126.13,231,466,Morales Group,30,2025-11-16,Refrigerated,2025-05-30,B6928,170,Warehouse-10
206846,Amul Cooking Butter 500g,Ghee & Cooking Essentials,Cooking Ghee,500g,800,1188.48,332,936,"Buck, White and Ali",25,2025-08-18,Hot Storage,2024-10-10,B8848,312,Warehouse-4
78916050,Amul Gouda Cheese 200g,Cheese & Cheese Products,Gouda Cheese,200g,500,593.2,163,660,Smith Ltd,12,2024-12-27,Hot Storage,2024-09-20,B4997,98,Warehouse-8
82147020,Amul Almond Bar 40g,Chocolates,Others,40g,57,84.07,246,758,Jenkins and Sons,30,2025-12-15,Room Temperature,2025-05-06,B7338,223,Warehouse-4
79666428,Amul Pizza Cheese 1kg,Cheese & Cheese Products,Gouda Cheese,1kg,500,683.53,137,851,Lowe-Floyd,29,2025-12-02,Hot Storage,2025-01-25,B8181,311,Warehouse-2
56068016,Amul Fortified Milk 1L,Health & Nutrition,Others,1L,600,673.79,296,295,"Werner, Herman and Stephenson",20,2025-06-30,Refrigerated,2025-04-08,B9905,83,Warehouse-4
206846,Amul Cooking Butter 500g,Ghee & Cooking Essentials,Cooking Ghee,500g,800,1076.37,123,771,"Schultz, Reed and Green",1,2025-01-28,Hot Storage,2024-12-28,B6098,31,Warehouse-7
40523156,Amul Taaza UHT Milk 1L,UHT & Long Life,Others,1L,150,168.06,498,627,Oneill-Huerta,7,2025-04-24,Frozen,2024-11-07,B1072,168,Warehouse-10
84729804,Amul Greek Yogurt Mango 100g,Probiotic & Health Range,Greek Yogurt,100g,178,219.62,364,658,Rodriguez PLC,25,2026-05-15,Room Temperature,2025-07-17,B1805,302,Warehouse-4
70167474,Amul Frozen Paratha 400g,Bakery & Frozen,Frozen Paratha,400g,250,303.0,246,823,"Doyle, Rhodes and Matthews",7,2025-12-05,Chilled,2025-03-06,B1328,274,Warehouse-8
4664321,Amul Buttermilk Masala 200ml,Beverages (New Flavors),Others,200ml,600,759.85,454,774,"Johnson, Moreno and Ross",17,2025-08-06,Hot Storage,2025-03-20,B8975,139,Warehouse-5
79291279,Amul Butter 500g,Butter & Spreads,Salted Butter,500g,200,285.47,280,650,Kemp-Cunningham,1,2026-01-27,Chilled,2025-07-09,B1683,202,Warehouse-8
16267619,Amul Garlic & Herbs Butter 100g,Butter & Spreads,Others,100g,50,64.1,169,373,Hicks-James,21,2025-06-17,Room Temperature,2025-04-28,B4672,50,Warehouse-2
4664321,Amul Buttermilk Masala 200ml,Beverages (New Flavors),Others,200ml,600,827.09,128,606,Nicholson PLC,25,2026-03-16,Hot Storage,2025-08-08,B9372,220,Warehouse-7
16367289,Amul Strawberry Magic 750ml,Ice Creams,Others,750ml,300,449.64,376,755,Huffman and Sons,5,2026-06-16,Ambient,2025-07-13,B4410,338,Warehouse-2
40563084,Amul Pure Ghee 500ml,Ghee & Cooking Essentials,Cow Ghee,500ml,411,608.16,238,457,"Morrow, Friedman and Castaneda",8,2026-06-11,Room Temperature,2025-07-09,B8252,337,Warehouse-9
57937380,Amul Protein Shake Chocolate 200ml,Health & Nutrition,Others,200ml,600,773.75,317,383,"Taylor, Diaz and Woodard",21,2025-11-24,Refrigerated,2025-04-27,B3628,211,Warehouse-6
69924743,Amul Shrikhand Mango 500g,Specialty Products,Others,500g,400,576.14,151,813,Dean LLC,14,2025-12-14,Ambient,2025-07-11,B2108,156,Warehouse-8
21750991,Amul Greek Yogurt Strawberry 100g,Probiotic & Health Range,Greek Yogurt,100g,223,256.64,267,880,Page Group,7,2025-11-21,hot & Cold Storage,2025-04-08,B3739,227,Warehouse-2
81997831,Amul Cheese Crackers 120g,Snacks & Savories,Others,120g,509,585.21,382,488,Compton-Barrett,28,2025-07-10,Room Temperature,2025-04-01,B6970,100,Warehouse-9
69924743,Amul Shrikhand Mango 500g,Specialty Products,Others,500g,400,552.98,178,343,"Mendez, Fox and Alexander",12,2026-06-14,Ambient,2025-08-18,B1578,300,Warehouse-3
26598550,Amul Masti Buttermilk 500ml,Dairy Products,Others,500ml,100,122.96,403,407,Harris Inc,16,2025-10-08,Chilled,2024-10-27,B6931,346,Warehouse-6
81837793,Amul Low Fat Yogurt 100g,Health & Nutrition,Others,100g,436,632.36,414,764,Smith-Arias,6,2025-09-27,Hot Storage,2025-05-11,B7410,139,Warehouse-10
43280889,Amul Malai Paneer 1kg,Dairy Products,Paneer Blocks,1kg,100,124.44,483,214,Johnson LLC,4,2025-12-18,Cold Storage,2025-06-28,B9579,173,Warehouse-5
14921131,Amul Cheesy Corn Puffs 150g,Snacks & Savories,Others,150g,550,684.22,406,966,"Graham, Combs and Cox",8,2026-01-19,Refrigerated,2025-05-01,B2833,263,Warehouse-10
25444452,Amul Ice Cream Cake 1kg,Others,Others,1kg,500,671.16,499,954,Gonzalez-Cox,3,2024-10-27,hot & Cold Storage,2024-09-04,B1288,53,Warehouse-9
70537390,Amul Cheese Spread Red Chilli Flakes 200g,Butter & Spreads,Cheese Spread,200g,68,77.21,302,868,"Robinson, Rodriguez and Graves",27,2025-07-27,hot & Cold Storage,2025-05-11,B6497,77,Warehouse-1
5752287,Amul Camel Milk Chocolate 150g,Others,Others,150g,123,157.22,253,184,"Allen, White and Rivera",21,2026-07-03,hot & Cold Storage,2025-07-08,B8763,360,Warehouse-3
70415490,Amul Frozen Veggie Burger Patty 500g,Bakery & Frozen,Frozen Sweets,500g,250,341.44,120,742,Ortiz-Horn,8,2025-09-07,Room Temperature,2025-05-11,B8710,119,Warehouse-10
97994268,Amul Butter Scotch Ice Cream 1L,Ice Creams,Premium Ice Cream,1L,300,342.66,177,314,"White, Bryan and Hernandez",1,2025-07-04,Cold Storage,2024-10-31,B7437,246,Warehouse-3
31363198,Amul Mango Lassi 250ml,Beverages (New Flavors),Others,250ml,600,891.29,189,134,Waters-Collier,10,2025-11-23,hot & Cold Storage,2025-06-16,B1265,160,Warehouse-9
91503640,Amul Spiced Buttermilk 500ml,Dairy Products,Others,500ml,99,118.44,122,258,Collins Group,24,2025-05-01,Room Temperature,2025-02-20,B3085,70,Warehouse-3
25444452,Amul Ice Cream Cake 1kg,Others,Others,1kg,500,731.29,156,656,Roberts-Smith,7,2025-07-16,hot & Cold Storage,2025-02-09,B3975,157,Warehouse-2
25032666,Amul Gold Milk 1L,Dairy Products,Others,1L,100,142.49,349,299,"Barnes, Bishop and Young",10,2025-02-08,Frozen,2024-10-09,B5050,122,Warehouse-10
91980489,Amul Masala Peanuts 250g,Snacks & Savories,Others,250g,258,325.03,212,138,Brewer and Sons,13,2026-01-22,Cold Storage,2025-03-22,B6704,306,Warehouse-1
36576395,Amul Kool Café Can 250ml,Others,Others,250ml,500,640.66,442,632,Clayton-Durham,25,2025-03-08,Ambient,2025-02-18,B6116,18,Warehouse-8
18315080,Amul Paneer 200g,Dairy Products,Paneer Cubes,200g,61,87.67,431,292,"Chavez, Garcia and Skinner",7,2026-01-06,Hot Storage,2025-01-29,B6964,342,Warehouse-9
25444452,Amul Ice Cream Cake 1kg,Others,Others,1kg,500,610.14,184,228,Ortega Ltd,17,2025-12-18,hot & Cold Storage,2025-02-06,B2596,315,Warehouse-9
18439717,Amul Frozen Cheese Corn Nuggets 400g,Bakery & Frozen,Frozen Sweets,400g,250,334.59,133,751,Adams-Mcdonald,18,2026-01-18,Cold Storage,2025-06-30,B7266,202,Warehouse-5
1148473,Amul Camel Milk 500ml,Others,Others,500ml,500,742.22,182,724,Church-Simmons,13,2025-04-02,Frozen,2025-03-11,B5418,22,Warehouse-10
41910047,Amul Gold UHT Milk 1L,UHT & Long Life,Others,1L,150,221.68,234,498,"Benton, Hawkins and Brown",10,2025-07-30,Chilled,2024-10-14,B5925,289,Warehouse-7
93245593,Amul Multigrain Dahi 200g,Health & Nutrition,Others,200g,158,205.09,474,151,Jackson LLC,12,2025-09-28,Cold Storage,2024-10-06,B6415,357,Warehouse-10
94900507,Amul Peanut Spread Crunchy 200g,Butter & Spreads,Cheese Spread,200g,100,111.41,330,600,Martin-Salinas,20,2026-02-20,hot & Cold Storage,2025-07-01,B6941,234,Warehouse-7
57348568,Amul Peanut Spread Creamy 200g,Butter & Spreads,Cheese Spread,200g,51,70.52,409,608,Reed-Clayton,6,2025-04-17,Refrigerated,2025-03-14,B5192,34,Warehouse-1
23548091,Amul Chocozoo Kids Pack 250g,Chocolates,Milk Chocolate,250g,150,166.88,443,437,Velazquez-Jefferson,11,2025-07-20,Cold Storage,2025-05-24,B2369,57,Warehouse-3
4957799,Amul Masti Dahi 400g,Probiotic & Health Range,Misti Doi,400g,250,291.03,234,480,"Obrien, Gordon and Ramos",13,2025-04-28,Cold Storage,2024-10-05,B3308,205,Warehouse-1
79291279,Amul Butter 500g,Butter & Spreads,Salted Butter,500g,200,269.98,354,958,"Patterson, Carpenter and Villegas",7,2026-08-14,Chilled,2025-08-16,B1277,363,Warehouse-4
69924743,Amul Shrikhand Mango 500g,Specialty Products,Others,500g,400,528.0,181,140,"Thomas, Baker and Fernandez",10,2025-11-13,Ambient,2025-08-05,B7005,100,Warehouse-7
45007361,Amul Vanilla Ice Cream 1L,Ice Creams,Premium Ice Cream,1L,149,214.39,275,154,Carlson-Lane,5,2025-06-06,hot & Cold Storage,2024-11-20,B7973,198,Warehouse-1
21750991,Amul Greek Yogurt Strawberry 100g,Probiotic & Health Range,Greek Yogurt,100g,223,262.03,433,265,"Williams, Wilson and Deleon",5,2025-02-15,hot & Cold Storage,2024-09-18,B7816,150,Warehouse-4
56068016,Amul Fortified Milk 1L,Health & Nutrition,Others,1L,600,727.88,302,704,Burke-Griffin,28,2026-05-20,Refrigerated,2025-08-21,B3145,272,Warehouse-1
83950377,Amul Veggie Sticks 100g,Snacks & Savories,Others,100g,85,94.48,442,337,"Johnson, Gill and Boyd",3,2026-05-26,Refrigerated,2025-05-31,B4807,360,Warehouse-4
14921131,Amul Cheesy Corn Puffs 150g,Snacks & Savories,Others,150g,550,651.36,295,854,"Hernandez, Conner and Bruce",16,2026-01-07,Refrigerated,2025-04-17,B9471,265,Warehouse-10
63607529,Amul Emmental Cheese 200g,Cheese & Cheese Products,Emmental Cheese,200g,500,696.71,470,501,Wagner and Sons,23,2025-09-27,Refrigerated,2025-03-15,B5273,196,Warehouse-7
92496774,Amul Cheese Slices 200g,Cheese & Cheese Products,Cheese Slices,200g,357,460.77,359,515,"Gibson, Cook and Pearson",3,2025-12-06,Frozen,2025-01-16,B5076,324,Warehouse-6
97241768,Amul Chocolate Ice Cream 1L,Ice Creams,Premium Ice Cream,1L,300,447.25,150,148,"Hamilton, Baker and Atkins",3,2025-03-30,Cold Storage,2024-10-29,B6473,152,Warehouse-9
14701085,Amul Kool Elaichi Milk 200ml,Beverages,Lassi,200ml,120,144.18,413,745,Fields-Gutierrez,15,2025-12-03,Hot Storage,2025-01-09,B6839,328,Warehouse-7
51772550,Amul Pizza Base 200g,Bakery & Frozen,Pizza Base,200g,250,335.91,170,635,Pena-Larson,10,2025-01-04,Chilled,2024-08-22,B4573,135,Warehouse-1
57937380,Amul Protein Shake Chocolate 200ml,Health & Nutrition,Others,200ml,600,692.61,252,733,Walton-Smith,29,2025-03-27,Refrigerated,2024-12-11,B3403,106,Warehouse-5
42543602,Amul Choco Milk 200ml,Beverages (New Flavors),Others,200ml,301,423.32,463,299,"Daniels, Contreras and Walton",15,2025-03-06,hot & Cold Storage,2024-11-11,B1147,115,Warehouse-5
37505707,Amul Choco Chips Ice Cream 1L,Ice Creams,Premium Ice Cream,1L,300,445.48,164,207,"House, Davis and Roberts",13,2024-12-22,Cold Storage,2024-08-23,B1335,121,Warehouse-6
14921131,Amul Cheesy Corn Puffs 150g,Snacks & Savories,Others,150g,550,801.8,473,349,"Singh, Griffith and Weaver",6,2026-03-01,Refrigerated,2025-04-30,B2963,305,Warehouse-3
34223963,Amul Vanilla Muffin 90g,Bakery Items,Others,90g,51,72.55,498,401,"Wagner, Martin and Franklin",30,2025-04-19,hot & Cold Storage,2024-11-06,B2113,164,Warehouse-1
21365294,Amul Greek Yogurt Blueberry 100g,Probiotic & Health Range,Greek Yogurt,100g,245,296.43,365,626,Edwards Ltd,22,2026-06-26,Chilled,2025-08-05,B7049,325,Warehouse-8
92496774,Amul Cheese Slices 200g,Cheese & Cheese Products,Cheese Slices,200g,357,469.98,435,876,"Jones, Wilson and Watson",26,2025-10-01,Frozen,2025-06-01,B4787,122,Warehouse-6
91980489,Amul Masala Peanuts 250g,Snacks & Savories,Others,250g,258,306.96,206,207,"Mcdonald, Huynh and Gomez",16,2026-03-28,Cold Storage,2025-06-13,B7591,288,Warehouse-3
74913534,Amul Pro Milk Drink 200g,Beverages,Flavored Milk Drink,200g,120,136.48,309,490,Carroll-Butler,14,2025-08-26,Frozen,2024-10-08,B2094,322,Warehouse-7
70537390,Amul Cheese Spread Red Chilli Flakes 200g,Butter & Spreads,Cheese Spread,200g,68,77.85,135,341,Williams and Sons,20,2025-07-19,hot & Cold Storage,2025-06-30,B4983,19,Warehouse-4
93020688,Amul Cheese Spread Garlic 200g,Butter & Spreads,Cheese Spread,200g,200,239.18,198,517,"Sanchez, Rodriguez and Cox",25,2025-11-17,Refrigerated,2025-04-16,B1727,215,Warehouse-7
97994268,Amul Butter Scotch Ice Cream 1L,Ice Creams,Premium Ice Cream,1L,300,423.81,125,824,Gonzalez LLC,27,2025-10-26,Cold Storage,2025-05-29,B7923,150,Warehouse-1
94900507,Amul Peanut Spread Crunchy 200g,Butter & Spreads,Cheese Spread,200g,100,140.48,426,256,Casey LLC,1,2025-06-13,hot & Cold Storage,2024-12-07,B7730,188,Warehouse-9
14701085,Amul Kool Elaichi Milk 200ml,Beverages,Lassi,200ml,120,153.15,484,685,Jones and Sons,20,2026-03-12,Hot Storage,2025-08-02,B2870,222,Warehouse-8
206846,Amul Cooking Butter 500g,Ghee & Cooking Essentials,Cooking Ghee,500g,800,1088.46,251,995,Nguyen Group,3,2025-04-11,Hot Storage,2024-10-22,B7346,171,Warehouse-3
25444452,Amul Ice Cream Cake 1kg,Others,Others,1kg,500,634.55,274,675,Rodriguez and Sons,2,2025-12-20,hot & Cold Storage,2025-08-19,B9767,123,Warehouse-5
57937380,Amul Protein Shake Chocolate 200ml,Health & Nutrition,Others,200ml,600,893.94,357,368,Perez-Larson,1,2025-04-26,Refrigerated,2025-03-20,B1333,37,Warehouse-5
34223963,Amul Vanilla Muffin 90g,Bakery Items,Others,90g,51,62.61,424,148,George LLC,27,2025-08-12,hot & Cold Storage,2024-10-09,B6112,307,Warehouse-5
4957799,Amul Masti Dahi 400g,Probiotic & Health Range,Misti Doi,400g,250,351.73,134,865,"Oconnor, Montes and Pineda",21,2025-12-01,Cold Storage,2025-08-20,B5372,103,Warehouse-9
62232487,Amul Milk Chocolate 150g,Chocolates,Milk Chocolate,150g,115,170.26,309,612,Kelly Inc,15,2025-12-22,Ambient,2025-08-09,B5686,135,Warehouse-2
54796676,Amul White Butter 500g,Ghee & Cooking Essentials,Others,500g,800,923.03,149,853,Day and Sons,5,2026-03-09,hot & Cold Storage,2025-07-08,B1047,244,Warehouse-6
78916050,Amul Gouda Cheese 200g,Cheese & Cheese Products,Gouda Cheese,200g,500,573.76,114,281,Monroe Group,9,2026-03-11,Hot Storage,2025-05-26,B1052,289,Warehouse-5
5752287,Amul Camel Milk Chocolate 150g,Others,Others,150g,123,177.66,170,374,Perez Inc,29,2026-02-23,hot & Cold Storage,2025-05-28,B7949,271,Warehouse-7
93020688,Amul Cheese Spread Garlic 200g,Butter & Spreads,Cheese Spread,200g,200,282.28,386,736,"Obrien, Holden and Rogers",30,2025-03-07,Refrigerated,2025-01-23,B5004,43,Warehouse-2
18439717,Amul Frozen Cheese Corn Nuggets 400g,Bakery & Frozen,Frozen Sweets,400g,250,364.6,396,664,"Smith, Bond and Gomez",24,2025-11-14,Cold Storage,2025-05-13,B2772,185,Warehouse-7
6094027,Amul Kool Flavoured Milk Bottle 200ml,Beverages,Flavored Milk Drink,200ml,120,157.87,323,461,Miller-Acevedo,23,2025-12-14,Cold Storage,2025-07-23,B9633,144,Warehouse-2
31256377,Amul Happy Treats Veggie Stix 400g,Others,Others,400g,500,560.21,471,867,"Owens, Lewis and Underwood",12,2026-02-10,Ambient,2025-08-08,B9236,186,Warehouse-1
81997831,Amul Cheese Crackers 120g,Snacks & Savories,Others,120g,509,654.55,432,313,"Hopkins, Rivera and Wheeler",23,2026-01-06,Room Temperature,2025-06-05,B6548,215,Warehouse-4
18439717,Amul Frozen Cheese Corn Nuggets 400g,Bakery & Frozen,Frozen Sweets,400g,250,303.31,319,262,Trevino-Randolph,14,2025-06-25,Cold Storage,2025-04-16,B1824,70,Warehouse-9
37505707,Amul Choco Chips Ice Cream 1L,Ice Creams,Premium Ice Cream,1L,300,368.38,377,824,Rosario-Vasquez,22,2025-06-24,Cold Storage,2025-02-10,B5650,134,Warehouse-1
37505707,Amul Choco Chips Ice Cream 1L,Ice Creams,Premium Ice Cream,1L,300,432.4,171,867,Castillo-Campbell,24,2025-12-06,Cold Storage,2025-04-13,B2198,237,Warehouse-10
70415490,Amul Frozen Veggie Burger Patty 500g,Bakery & Frozen,Frozen Sweets,500g,250,327.35,199,694,Jordan PLC,6,2026-02-13,Room Temperature,2025-03-28,B2699,322,Warehouse-7
21365294,Amul Greek Yogurt Blueberry 100g,Probiotic & Health Range,Greek Yogurt,100g,245,321.03,431,920,Haley-Johnson,14,2025-03-18,Chilled,2024-12-17,B9035,91,Warehouse-4
83734632,Amul Cheese Spread Yummy Plain 200g,Butter & Spreads,Cheese Spread,200g,177,219.68,100,419,Reed-Mayo,9,2025-05-11,Ambient,2024-12-24,B1656,138,Warehouse-2
14415647,Amul Kool Rose Milk 200ml,Beverages,Others,200ml,120,173.29,226,341,Willis-Johnson,15,2025-02-09,Room Temperature,2024-10-25,B7591,107,Warehouse-5
51783426,Amul Cold Coffee 200ml,Beverages (New Flavors),Others,200ml,375,513.3,449,253,Brown PLC,19,2026-04-30,Refrigerated,2025-08-20,B8115,253,Warehouse-4
82806583,Amul Cheese Tin 500g,Others,Others,500g,500,558.51,487,205,Roberts Inc,20,2025-11-25,Frozen,2024-12-07,B3759,353,Warehouse-8
79195263,Amul Kool Saffron Milk 200ml,Beverages,Others,200ml,120,158.39,312,581,"Nguyen, Peterson and Freeman",18,2025-08-19,Ambient,2025-03-02,B6463,170,Warehouse-9
81997831,Amul Cheese Crackers 120g,Snacks & Savories,Others,120g,509,755.55,185,322,"Campbell, Mcdaniel and Sherman",4,2025-12-31,Room Temperature,2025-01-20,B9648,345,Warehouse-6
63607529,Amul Emmental Cheese 200g,Cheese & Cheese Products,Emmental Cheese,200g,500,688.58,443,308,Baker and Sons,6,2025-11-16,Refrigerated,2024-12-23,B8659,328,Warehouse-7
25444452,Amul Ice Cream Cake 1kg,Others,Others,1kg,500,657.97,108,883,Beltran-Gonzales,4,2026-02-10,hot & Cold Storage,2025-02-16,B6928,359,Warehouse-5
16443921,Amul Fruit & Nut Chocolate 150g,Chocolates,Fruit & Nut Chocolate,150g,150,181.81,118,945,Jackson and Sons,3,2025-07-04,hot & Cold Storage,2024-10-02,B3993,275,Warehouse-3
16994393,Amul Taaza Milk 1L,Dairy Products,Others,1L,100,122.29,398,988,Le-Lopez,18,2026-03-02,Hot Storage,2025-05-03,B9178,303,Warehouse-6
71235158,Amul Strawberry Lassi 250ml,Beverages (New Flavors),Others,250ml,600,844.64,280,198,"Howard, Dunlap and Hatfield",26,2025-07-03,Refrigerated,2024-09-24,B8172,282,Warehouse-10
41910047,Amul Gold UHT Milk 1L,UHT & Long Life,Others,1L,150,217.22,360,134,"Casey, Owens and Williams",10,2025-09-04,Chilled,2024-12-31,B4084,247,Warehouse-5
14921131,Amul Cheesy Corn Puffs 150g,Snacks & Savories,Others,150g,550,659.98,158,992,Williams Ltd,13,2026-02-12,Refrigerated,2025-03-15,B4986,334,Warehouse-9
83184284,Amul Kool Koko 200ml,Beverages,Others,200ml,120,146.86,414,691,"Smith, Jenkins and Leonard",26,2025-07-20,Cold Storage,2024-08-30,B3728,324,Warehouse-5
12571772,Amul Basundi 1L,Specialty Products,Others,1L,400,528.61,410,598,Robinson-Bell,9,2026-02-14,hot & Cold Storage,2025-06-09,B8488,250,Warehouse-5
82806583,Amul Cheese Tin 500g,Others,Others,500g,500,675.28,235,303,Berry Ltd,29,2025-04-09,Frozen,2024-12-24,B8314,106,Warehouse-6
43280889,Amul Malai Paneer 1kg,Dairy Products,Paneer Blocks,1kg,100,141.45,449,960,Zuniga Group,25,2025-06-02,Cold Storage,2025-01-05,B1961,148,Warehouse-9
84729804,Amul Greek Yogurt Mango 100g,Probiotic & Health Range,Greek Yogurt,100g,178,227.69,108,192,Williamson PLC,26,2025-06-02,Room Temperature,2025-05-08,B6434,25,Warehouse-6
74913534,Amul Pro Milk Drink 200g,Beverages,Flavored Milk Drink,200g,120,139.14,354,854,"York, Arnold and Miranda",5,2024-11-23,Frozen,2024-08-22,B4624,93,Warehouse-3
63607529,Amul Emmental Cheese 200g,Cheese & Cheese Products,Emmental Cheese,200g,500,567.05,205,352,"Perry, Meyer and Miller",2,2026-05-01,Refrigerated,2025-05-13,B4579,353,Warehouse-2
21365294,Amul Greek Yogurt Blueberry 100g,Probiotic & Health Range,Greek Yogurt,100g,245,289.25,270,500,Chase and Sons,1,2025-09-26,Chilled,2025-03-01,B6508,209,Warehouse-6
41910047,Amul Gold UHT Milk 1L,UHT & Long Life,Others,1L,150,177.78,163,332,"Long, Howard and Brown",24,2025-06-23,Chilled,2024-10-18,B8479,248,Warehouse-1
91980489,Amul Masala Peanuts 250g,Snacks & Savories,Others,250g,258,328.47,486,353,"Griffin, Dominguez and Shields",24,2025-12-27,Cold Storage,2025-01-08,B7711,353,Warehouse-7
18439717,Amul Frozen Cheese Corn Nuggets 400g,Bakery & Frozen,Frozen Sweets,400g,250,315.8,388,885,Mclaughlin-Peterson,19,2026-01-07,Cold Storage,2025-08-09,B5456,151,Warehouse-6
40523156,Amul Taaza UHT Milk 1L,UHT & Long Life,Others,1L,150,197.01,456,896,Perez-Lindsey,22,2025-11-16,Frozen,2024-12-23,B9318,328,Warehouse-10
14909382,Amul Cassata Slice 120ml,Ice Creams,Others,120ml,56,72.42,282,702,Harrison-Ross,19,2025-11-22,hot & Cold Storage,2025-01-30,B7259,296,Warehouse-10
70549300,Amul Dark Chocolate 150g,Chocolates,Dark Chocolate,150g,114,145.11,297,861,Patel-Manning,7,2025-05-26,hot & Cold Storage,2025-01-11,B8931,135,Warehouse-1
25444452,Amul Ice Cream Cake 1kg,Others,Others,1kg,500,634.41,422,668,"Carter, Foster and Wolfe",26,2025-02-03,hot & Cold Storage,2025-01-10,B3423,24,Warehouse-7
11289388,Amul Rasmalai 500g,Specialty Products,Others,500g,400,491.2,320,631,"Thornton, Johnson and Buck",24,2025-08-16,Frozen,2025-01-07,B7472,221,Warehouse-8
83950377,Amul Veggie Sticks 100g,Snacks & Savories,Others,100g,85,107.65,193,655,Vance PLC,5,2025-08-25,Refrigerated,2025-05-24,B2919,93,Warehouse-10
64829395,Amul Cream Tetra Pack 250ml,UHT & Long Life,Others,250ml,150,191.69,101,530,Roth PLC,23,2025-09-24,hot & Cold Storage,2025-04-16,B5626,161,Warehouse-3
1148473,Amul Camel Milk 500ml,Others,Others,500ml,500,606.44,398,175,Rodriguez Ltd,13,2025-12-09,Frozen,2025-03-01,B5418,283,Warehouse-5
36576395,Amul Kool Café Can 250ml,Others,Others,250ml,500,728.02,140,345,Schmitt Inc,30,2025-06-12,Ambient,2024-11-18,B7085,206,Warehouse-4
14909382,Amul Cassata Slice 120ml,Ice Creams,Others,120ml,56,78.79,399,421,King Group,11,2025-01-27,hot & Cold Storage,2024-11-14,B6252,74,Warehouse-9
78916050,Amul Gouda Cheese 200g,Cheese & Cheese Products,Gouda Cheese,200g,500,659.99,336,183,Hernandez Ltd,6,2025-09-12,Hot Storage,2024-12-31,B4968,255,Warehouse-9
61133075,Amul Butter Croissant 80g,Bakery Items,Others,80g,187,264.99,351,328,Ryan Ltd,28,2025-05-21,Hot Storage,2024-09-28,B5066,235,Warehouse-4
206846,Amul Cooking Butter 500g,Ghee & Cooking Essentials,Cooking Ghee,500g,800,1070.4,198,712,"Klein, Owen and Patel",7,2025-10-08,Hot Storage,2025-08-08,B6411,61,Warehouse-2
71579542,Amul Mystic Mocha Chocolate 150g,Chocolates,Dark Chocolate,150g,30,34.16,417,222,Walters-Mathews,5,2025-07-08,Cold Storage,2024-10-23,B5738,258,Warehouse-1
21750991,Amul Greek Yogurt Strawberry 100g,Probiotic & Health Range,Greek Yogurt,100g,223,266.21,350,560,Hartman PLC,14,2025-12-06,hot & Cold Storage,2025-06-27,B2733,162,Warehouse-9
4664321,Amul Buttermilk Masala 200ml,Beverages (New Flavors),Others,200ml,600,711.57,118,618,Franklin-Rivera,2,2025-06-07,Hot Storage,2024-12-02,B1833,187,Warehouse-8
71235158,Amul Strawberry Lassi 250ml,Beverages (New Flavors),Others,250ml,600,784.64,299,151,Berry Group,10,2025-10-20,Refrigerated,2025-08-06,B1275,75,Warehouse-4
16367289,Amul Strawberry Magic 750ml,Ice Creams,Others,750ml,300,447.82,366,185,Mayer PLC,14,2025-03-14,Ambient,2025-01-10,B5498,63,Warehouse-6
33992976,Amul Probiotic Dahi 400g,Probiotic & Health Range,Probiotic Curd,400g,250,328.5,456,404,"Frazier, Vasquez and Zhang",2,2025-07-18,Frozen,2024-10-17,B6679,274,Warehouse-8
28937579,Amul Chocolate Donut 80g,Bakery Items,Others,80g,429,492.17,260,975,"Finley, Huff and White",5,2025-05-12,Refrigerated,2024-10-10,B9379,214,Warehouse-5
1148473,Amul Camel Milk 500ml,Others,Others,500ml,500,669.63,441,425,Hanna PLC,11,2025-10-05,Frozen,2025-05-27,B2637,131,Warehouse-8
78916050,Amul Gouda Cheese 200g,Cheese & Cheese Products,Gouda Cheese,200g,500,696.29,217,160,"Bennett, Young and Green",7,2026-05-17,Hot Storage,2025-06-25,B9295,326,Warehouse-4
24078757,Amul Kesar Pista Ice Cream 1L,Ice Creams,Premium Ice Cream,1L,300,446.34,157,353,Schwartz PLC,20,2025-03-14,hot & Cold Storage,2024-09-08,B1546,187,Warehouse-6
91017437,Amul Lactose-Free Milk 1L,Dairy Products,Others,1L,100,110.29,454,372,Hall-Fischer,29,2025-11-08,Frozen,2025-05-11,B1069,181,Warehouse-9
25444452,Amul Ice Cream Cake 1kg,Others,Others,1kg,500,622.21,443,365,Gibson-Mendoza,18,2025-09-29,hot & Cold Storage,2025-04-10,B7928,172,Warehouse-10
21365294,Amul Greek Yogurt Blueberry 100g,Probiotic & Health Range,Greek Yogurt,100g,245,290.67,205,755,"Chen, Rogers and Collins",6,2026-05-07,Chilled,2025-06-03,B1990,338,Warehouse-10
37505707,Amul Choco Chips Ice Cream 1L,Ice Creams,Premium Ice Cream,1L,300,436.55,324,233,"Johnson, Williams and Vance",5,2026-02-06,Cold Storage,2025-05-01,B6294,281,Warehouse-9
88384214,Amul Lite Spread 250g,Butter & Spreads,Cheese Spread,250g,54,69.18,238,257,"Bates, Garcia and Allen",15,2025-10-18,Frozen,2025-02-01,B1560,259,Warehouse-5
63607529,Amul Emmental Cheese 200g,Cheese & Cheese Products,Emmental Cheese,200g,500,713.25,165,655,Reed-Fitzpatrick,23,2025-05-13,Refrigerated,2025-04-29,B8630,14,Warehouse-5
83950377,Amul Veggie Sticks 100g,Snacks & Savories,Others,100g,85,98.18,269,222,"Stephens, Olson and Leonard",28,2026-05-01,Refrigerated,2025-06-11,B3729,324,Warehouse-8
78916050,Amul Gouda Cheese 200g,Cheese & Cheese Products,Gouda Cheese,200g,500,630.49,446,199,Rodriguez Ltd,3,2026-06-20,Hot Storage,2025-07-06,B6165,349,Warehouse-5
82806583,Amul Cheese Tin 500g,Others,Others,500g,500,660.76,283,246,Wright PLC,19,2025-05-26,Frozen,2024-10-18,B2419,220,Warehouse-5
83950377,Amul Veggie Sticks 100g,Snacks & Savories,Others,100g,85,118.29,184,626,Davis Ltd,22,2025-10-23,Refrigerated,2024-11-16,B6339,341,Warehouse-2
14921131,Amul Cheesy Corn Puffs 150g,Snacks & Savories,Others,150g,550,760.82,280,357,Williamson-Miller,30,2025-10-16,Refrigerated,2025-03-16,B3454,214,Warehouse-10
43280889,Amul Malai Paneer 1kg,Dairy Products,Paneer Blocks,1kg,100,110.56,236,180,Jackson-Brown,21,2025-11-18,Cold Storage,2024-12-31,B9362,322,Warehouse-3
16443921,Amul Fruit & Nut Chocolate 150g,Chocolates,Fruit & Nut Chocolate,150g,150,169.78,277,226,Stevens-Lindsey,17,2026-02-26,hot & Cold Storage,2025-05-15,B5803,287,Warehouse-4
21750991,Amul Greek Yogurt Strawberry 100g,Probiotic & Health Range,Greek Yogurt,100g,223,283.7,209,381,"Powell, Sanders and Ruiz",4,2025-08-20,hot & Cold Storage,2024-12-12,B9000,251,Warehouse-9
78916050,Amul Gouda Cheese 200g,Cheese & Cheese Products,Gouda Cheese,200g,500,572.21,391,318,"Rose, Mcclure and Holmes",8,2025-06-24,Hot Storage,2025-03-01,B6713,115,Warehouse-1
78916050,Amul Gouda Cheese 200g,Cheese & Cheese Products,Gouda Cheese,200g,500,650.27,367,506,Suarez-Thompson,26,2025-09-28,Hot Storage,2025-05-28,B2605,123,Warehouse-5
63607529,Amul Emmental Cheese 200g,Cheese & Cheese Products,Emmental Cheese,200g,500,594.47,438,810,Walker Ltd,10,2025-04-02,Refrigerated,2024-10-09,B9563,175,Warehouse-8
18315080,Amul Paneer 200g,Dairy Products,Paneer Cubes,200g,61,85.36,216,698,Miller LLC,12,2025-09-12,Hot Storage,2024-09-15,B9079,362,Warehouse-8
24078757,Amul Kesar Pista Ice Cream 1L,Ice Creams,Premium Ice Cream,1L,300,406.21,111,326,"Roach, Morris and Bishop",25,2026-05-09,hot & Cold Storage,2025-06-04,B9240,339,Warehouse-5
18798487,Amul Cheese Danish 120g,Bakery Items,Others,120g,53,75.32,186,120,Guerrero Group,12,2025-07-20,Cold Storage,2025-04-01,B9892,110,Warehouse-2
12337385,Amul Shrikhand Elaichi 500g,Specialty Products,Others,500g,400,594.89,398,429,Pratt-Hernandez,16,2025-07-29,Ambient,2024-11-23,B3813,248,Warehouse-8
82147020,Amul Almond Bar 40g,Chocolates,Others,40g,57,68.19,325,586,Moreno Inc,8,2026-01-04,Room Temperature,2025-06-01,B4447,217,Warehouse-6
59239307,Amul Mozzarella Cheese 200g,Cheese & Cheese Products,Mozzarella Cheese,200g,500,620.55,202,365,Harper and Sons,21,2026-03-19,Room Temperature,2025-05-15,B9321,308,Warehouse-2
14415647,Amul Kool Rose Milk 200ml,Beverages,Others,200ml,120,160.83,294,536,King-Morris,6,2024-12-31,Room Temperature,2024-09-18,B2089,104,Warehouse-10
26598550,Amul Masti Buttermilk 500ml,Dairy Products,Others,500ml,100,144.79,292,167,Thompson and Sons,7,2025-07-06,Chilled,2025-04-06,B1332,91,Warehouse-1
79291279,Amul Butter 500g,Butter & Spreads,Salted Butter,500g,200,263.46,180,866,Walters and Sons,3,2025-12-20,Chilled,2025-06-10,B2500,193,Warehouse-4
25444452,Amul Ice Cream Cake 1kg,Others,Others,1kg,500,666.75,137,253,"Daugherty, Taylor and Moore",29,2025-06-30,hot & Cold Storage,2024-11-18,B1290,224,Warehouse-2
34223963,Amul Vanilla Muffin 90g,Bakery Items,Others,90g,51,76.1,434,117,"Lewis, Watkins and Williams",25,2026-01-17,hot & Cold Storage,2025-01-17,B6267,365,Warehouse-7
37245757,Amul Spicy Potato Chips 200g,Snacks & Savories,Others,200g,54,64.22,265,945,"Lee, Watson and Mann",19,2025-08-28,Frozen,2024-12-13,B6270,258,Warehouse-8
64829395,Amul Cream Tetra Pack 250ml,UHT & Long Life,Others,250ml,150,215.01,303,175,Fernandez-Whitaker,6,2025-05-04,hot & Cold Storage,2024-10-27,B2377,189,Warehouse-3
36576395,Amul Kool Café Can 250ml,Others,Others,250ml,500,612.64,283,874,"Mayer, Hayes and Anderson",3,2025-12-16,Ambient,2025-03-22,B6078,269,Warehouse-4
25032666,Amul Gold Milk 1L,Dairy Products,Others,1L,100,118.62,397,193,Phillips-White,30,2025-06-20,Frozen,2024-12-05,B7228,197,Warehouse-5
63607529,Amul Emmental Cheese 200g,Cheese & Cheese Products,Emmental Cheese,200g,500,689.27,281,730,"Bradley, Larsen and Phillips",15,2025-08-25,Refrigerated,2024-09-23,B6313,336,Warehouse-4
37505707,Amul Choco Chips Ice Cream 1L,Ice Creams,Premium Ice Cream,1L,300,442.63,378,460,Rodriguez-Li,1,2024-10-29,Cold Storage,2024-10-03,B5014,26,Warehouse-8
71235158,Amul Strawberry Lassi 250ml,Beverages (New Flavors),Others,250ml,600,887.16,213,509,Richardson and Sons,9,2025-07-11,Refrigerated,2025-03-08,B9893,125,Warehouse-5
83734632,Amul Cheese Spread Yummy Plain 200g,Butter & Spreads,Cheese Spread,200g,177,215.05,389,916,Fuller PLC,28,2026-03-28,Ambient,2025-06-14,B4093,287,Warehouse-8
48334136,Amul Protein Shake Vanilla 200ml,Health & Nutrition,Others,200ml,600,672.31,322,652,"Jackson, Hunter and Higgins",28,2025-11-04,Ambient,2025-06-27,B1461,130,Warehouse-5
97719922,Amul Cheese Block 500g,Cheese & Cheese Products,Cream Cheese,500g,500,701.76,337,787,Miller-Lucero,30,2026-01-18,Room Temperature,2025-03-24,B5418,300,Warehouse-2
16443921,Amul Fruit & Nut Chocolate 150g,Chocolates,Fruit & Nut Chocolate,150g,150,178.41,401,971,Cole-Bray,8,2025-08-13,hot & Cold Storage,2025-03-03,B9190,163,Warehouse-3
68137847,Amul Kulfi 60ml,Ice Creams,Kulfi,60ml,107,123.2,109,472,Wallace-Moon,15,2025-08-07,Room Temperature,2025-04-13,B5511,116,Warehouse-8
21365294,Amul Greek Yogurt Blueberry 100g,Probiotic & Health Range,Greek Yogurt,100g,245,327.86,437,114,Rodriguez-Smith,19,2025-02-26,Chilled,2024-11-06,B9180,112,Warehouse-8
62232487,Amul Milk Chocolate 150g,Chocolates,Milk Chocolate,150g,115,129.92,365,712,Buck Inc,13,2025-05-20,Ambient,2025-01-10,B2052,130,Warehouse-5
70537390,Amul Cheese Spread Red Chilli Flakes 200g,Butter & Spreads,Cheese Spread,200g,68,82.52,320,495,Lawrence-Bowers,30,2025-12-22,hot & Cold Storage,2025-01-07,B2613,349,Warehouse-4
57348568,Amul Peanut Spread Creamy 200g,Butter & Spreads,Cheese Spread,200g,51,75.92,108,221,Roach Inc,30,2025-03-14,Refrigerated,2024-11-15,B3276,119,Warehouse-3
16443921,Amul Fruit & Nut Chocolate 150g,Chocolates,Fruit & Nut Chocolate,150g,150,186.85,170,427,Ward-Erickson,5,2025-09-15,hot & Cold Storage,2025-03-08,B9181,191,Warehouse-7
21365294,Amul Greek Yogurt Blueberry 100g,Probiotic & Health Range,Greek Yogurt,100g,245,366.25,354,745,Peters LLC,2,2025-05-17,Chilled,2025-02-04,B3038,102,Warehouse-6
74913534,Amul Pro Milk Drink 200g,Beverages,Flavored Milk Drink,200g,120,138.02,108,548,"Simpson, Rodriguez and Ortiz",23,2025-02-21,Frozen,2024-12-08,B3352,75,Warehouse-1
70537390,Amul Cheese Spread Red Chilli Flakes 200g,Butter & Spreads,Cheese Spread,200g,68,91.01,479,318,Page-Wade,7,2026-06-23,hot & Cold Storage,2025-08-05,B7781,322,Warehouse-1
16443921,Amul Fruit & Nut Chocolate 150g,Chocolates,Fruit & Nut Chocolate,150g,150,190.36,249,948,Macias PLC,19,2025-02-22,hot & Cold Storage,2024-11-11,B8074,103,Warehouse-9
24078757,Amul Kesar Pista Ice Cream 1L,Ice Creams,Premium Ice Cream,1L,300,426.55,395,180,Griffith-Duncan,16,2025-07-19,hot & Cold Storage,2025-01-26,B2720,174,Warehouse-10
18439717,Amul Frozen Cheese Corn Nuggets 400g,Bakery & Frozen,Frozen Sweets,400g,250,291.42,428,236,Davis-Walker,24,2025-09-27,Cold Storage,2025-01-21,B8524,249,Warehouse-5
45319204,Amul Slim UHT Milk 1L,UHT & Long Life,Others,1L,150,224.04,493,242,"Roman, Mitchell and Mitchell",3,2024-11-19,Hot Storage,2024-11-02,B8510,17,Warehouse-9
64829395,Amul Cream Tetra Pack 250ml,UHT & Long Life,Others,250ml,150,218.15,297,228,Riddle-Graves,24,2025-12-17,hot & Cold Storage,2025-04-29,B7353,232,Warehouse-9
71235158,Amul Strawberry Lassi 250ml,Beverages (New Flavors),Others,250ml,600,684.95,377,540,Roach-Scott,30,2024-10-19,Refrigerated,2024-10-06,B6618,13,Warehouse-9
16367289,Amul Strawberry Magic 750ml,Ice Creams,Others,750ml,300,388.29,477,659,"Peters, Reyes and Powell",10,2024-11-07,Ambient,2024-09-08,B1253,60,Warehouse-5
91017437,Amul Lactose-Free Milk 1L,Dairy Products,Others,1L,100,117.02,218,495,"Ray, Frye and Mullins",21,2025-05-10,Frozen,2024-10-22,B8829,200,Warehouse-1
74913534,Amul Pro Milk Drink 200g,Beverages,Flavored Milk Drink,200g,120,147.37,414,355,Rodriguez PLC,7,2025-08-25,Frozen,2025-04-10,B3286,137,Warehouse-5
14909382,Amul Cassata Slice 120ml,Ice Creams,Others,120ml,56,82.68,368,209,Cunningham and Sons,13,2025-01-26,hot & Cold Storage,2024-10-31,B1643,87,Warehouse-4
70415490,Amul Frozen Veggie Burger Patty 500g,Bakery & Frozen,Frozen Sweets,500g,250,303.87,198,721,"Sanchez, Combs and Manning",30,2025-09-07,Room Temperature,2024-10-03,B9138,339,Warehouse-4
68165390,Amul Kool Café 200ml,Beverages,Others,200ml,51,68.03,346,335,"Meyers, Nunez and Peters",5,2026-02-07,Cold Storage,2025-02-26,B9393,346,Warehouse-6
61133075,Amul Butter Croissant 80g,Bakery Items,Others,80g,187,252.7,467,338,Baldwin Group,29,2026-02-08,Hot Storage,2025-04-13,B9613,301,Warehouse-7
80405061,Amul A2 Cow Milk 1L,Others,Others,1L,500,709.52,461,790,Walker-Delacruz,17,2026-08-17,Refrigerated,2025-08-20,B5346,362,Warehouse-2
34223963,Amul Vanilla Muffin 90g,Bakery Items,Others,90g,51,62.24,416,606,Anderson-Jimenez,22,2024-12-16,hot & Cold Storage,2024-09-07,B7398,100,Warehouse-2
70549300,Amul Dark Chocolate 150g,Chocolates,Dark Chocolate,150g,114,167.36,221,330,Ryan-Osborn,2,2026-03-15,hot & Cold Storage,2025-07-15,B3430,243,Warehouse-5
56068016,Amul Fortified Milk 1L,Health & Nutrition,Others,1L,600,899.62,425,501,"White, Lowery and Garcia",9,2026-04-11,Refrigerated,2025-06-11,B1578,304,Warehouse-5
18009972,Amul Organic Ghee 500ml,Others,Others,500ml,500,637.42,478,605,Wolfe-Adkins,12,2024-11-24,Chilled,2024-09-10,B9092,75,Warehouse-9
14415647,Amul Kool Rose Milk 200ml,Beverages,Others,200ml,120,178.42,444,550,Ryan Inc,14,2025-08-14,Room Temperature,2024-11-22,B5310,265,Warehouse-4
44564353,Amul Fresh Cream 250ml,Dairy Products,Others,250ml,100,129.01,411,977,"Bryant, Simpson and Donovan",2,2024-12-09,Room Temperature,2024-09-13,B8276,87,Warehouse-8
25444452,Amul Ice Cream Cake 1kg,Others,Others,1kg,500,580.94,109,303,"Matthews, Richards and Brown",6,2025-08-17,hot & Cold Storage,2025-07-28,B2418,20,Warehouse-6
6094027,Amul Kool Flavoured Milk Bottle 200ml,Beverages,Flavored Milk Drink,200ml,120,176.5,295,239,Willis-Bernard,12,2025-05-02,Cold Storage,2024-10-17,B3460,197,Warehouse-5
13006228,Amul Dark Chocolate Ice Cream 1L,Ice Creams,Premium Ice Cream,1L,300,380.1,265,202,Brown-Alvarez,24,2025-09-22,Hot Storage,2024-12-05,B3577,291,Warehouse-5
79195263,Amul Kool Saffron Milk 200ml,Beverages,Others,200ml,120,162.74,325,779,"Martinez, Gates and Davis",29,2025-12-01,Ambient,2025-04-12,B6935,233,Warehouse-1
16443921,Amul Fruit & Nut Chocolate 150g,Chocolates,Fruit & Nut Chocolate,150g,150,205.51,111,385,"Hines, Griffith and Cox",13,2025-07-16,hot & Cold Storage,2024-11-20,B9327,238,Warehouse-4
69924743,Amul Shrikhand Mango 500g,Specialty Products,Others,500g,400,503.09,252,391,Barnes LLC,13,2025-09-18,Ambient,2025-04-20,B5060,151,Warehouse-1
68137847,Amul Kulfi 60ml,Ice Creams,Kulfi,60ml,107,121.76,333,458,Austin LLC,20,2025-07-09,Room Temperature,2024-11-16,B2114,235,Warehouse-7
93245593,Amul Multigrain Dahi 200g,Health & Nutrition,Others,200g,158,213.34,318,352,Fitzgerald-Jackson,28,2025-11-24,Cold Storage,2025-03-15,B3321,254,Warehouse-5
16367289,Amul Strawberry Magic 750ml,Ice Creams,Others,750ml,300,431.23,381,145,"Kelly, Carson and Bruce",27,2025-06-12,Ambient,2024-12-03,B6199,191,Warehouse-2
59239307,Amul Mozzarella Cheese 200g,Cheese & Cheese Products,Mozzarella Cheese,200g,500,736.53,361,105,"Mclaughlin, Dunn and Barrera",17,2026-01-28,Room Temperature,2025-03-27,B2163,307,Warehouse-6
7241154,Amul Rajbhog Ice Cream 1L,Ice Creams,Premium Ice Cream,1L,300,331.62,269,344,"Reid, Mann and Taylor",21,2025-07-29,Room Temperature,2025-04-10,B5035,110,Warehouse-5
31256377,Amul Happy Treats Veggie Stix 400g,Others,Others,400g,500,742.29,154,544,Carroll LLC,20,2026-03-25,Ambient,2025-03-29,B4399,361,Warehouse-3
43280889,Amul Malai Paneer 1kg,Dairy Products,Paneer Blocks,1kg,100,124.11,482,820,Sanchez-Mcclure,19,2025-02-14,Cold Storage,2024-11-10,B6300,96,Warehouse-3
79666428,Amul Pizza Cheese 1kg,Cheese & Cheese Products,Gouda Cheese,1kg,500,644.86,419,207,"Davis, Smith and Clark",27,2025-02-14,Hot Storage,2025-01-05,B8110,40,Warehouse-7
64935768,Amul Mithai Gulab Jamun Tin 1kg,Specialty Products,Others,1kg,400,515.63,372,561,Pearson-Hudson,18,2025-11-19,Room Temperature,2025-05-31,B5368,172,Warehouse-3
43726257,Amul Shrikhand Kesar 500g,Specialty Products,Others,500g,400,452.66,290,672,Schneider-Simmons,13,2025-08-17,Room Temperature,2025-01-19,B8204,210,Warehouse-5
45319204,Amul Slim UHT Milk 1L,UHT & Long Life,Others,1L,150,212.84,335,621,"Scott, Tanner and Williams",23,2026-02-24,Hot Storage,2025-08-21,B8671,187,Warehouse-8
24078757,Amul Kesar Pista Ice Cream 1L,Ice Creams,Premium Ice Cream,1L,300,336.99,168,201,Ware Group,26,2025-10-04,hot & Cold Storage,2025-04-16,B3727,171,Warehouse-10
18315080,Amul Paneer 200g,Dairy Products,Paneer Cubes,200g,61,69.37,398,319,Callahan Ltd,13,2025-02-19,Hot Storage,2024-11-30,B1277,81,Warehouse-5
26980737,Amul Tru Orange Juice 200ml,Beverages,Juice,200ml,116,153.57,326,874,"Moore, Byrd and Krueger",18,2025-08-18,Hot Storage,2025-08-05,B4022,13,Warehouse-7
31256377,Amul Happy Treats Veggie Stix 400g,Others,Others,400g,500,567.26,485,412,"Murillo, Davis and Edwards",17,2025-06-24,Ambient,2025-03-07,B1070,109,Warehouse-6
206846,Amul Cooking Butter 500g,Ghee & Cooking Essentials,Cooking Ghee,500g,800,907.62,328,985,Durham Inc,29,2025-10-01,Hot Storage,2025-06-17,B7878,106,Warehouse-3
91503640,Amul Spiced Buttermilk 500ml,Dairy Products,Others,500ml,99,126.52,262,308,Dougherty PLC,21,2025-01-11,Room Temperature,2024-11-10,B8840,62,Warehouse-2
11288909,Amul Mithai Mate Condensed Milk 400g,Dairy Products,Others,400g,100,114.11,323,191,"Mata, Rhodes and Howell",29,2025-04-16,Frozen,2024-12-24,B4380,113,Warehouse-9
92496774,Amul Cheese Slices 200g,Cheese & Cheese Products,Cheese Slices,200g,357,471.2,332,790,Jones-Conner,11,2026-03-11,Frozen,2025-03-28,B8213,348,Warehouse-7
63607529,Amul Emmental Cheese 200g,Cheese & Cheese Products,Emmental Cheese,200g,500,551.51,239,932,Edwards-Jones,11,2025-06-16,Refrigerated,2025-06-09,B4531,7,Warehouse-7
14701085,Amul Kool Elaichi Milk 200ml,Beverages,Lassi,200ml,120,137.46,255,829,Hill-Crane,4,2025-09-10,Hot Storage,2025-07-08,B6038,64,Warehouse-2
18798487,Amul Cheese Danish 120g,Bakery Items,Others,120g,53,78.41,128,638,Hayes-Alvarez,6,2026-01-16,Cold Storage,2025-08-07,B7199,162,Warehouse-2
16267619,Amul Garlic & Herbs Butter 100g,Butter & Spreads,Others,100g,50,72.57,139,138,Barnes and Sons,3,2025-08-15,Room Temperature,2025-05-01,B2365,106,Warehouse-2
42543602,Amul Choco Milk 200ml,Beverages (New Flavors),Others,200ml,301,399.47,254,121,Hall Group,21,2024-11-18,hot & Cold Storage,2024-09-03,B1384,76,Warehouse-7
18439717,Amul Frozen Cheese Corn Nuggets 400g,Bakery & Frozen,Frozen Sweets,400g,250,336.35,185,777,"Ferrell, Lynch and Bowman",30,2025-10-23,Cold Storage,2025-01-14,B1258,282,Warehouse-2
83184284,Amul Kool Koko 200ml,Beverages,Others,200ml,120,175.21,318,702,Banks Ltd,30,2025-01-11,Cold Storage,2024-11-24,B6350,48,Warehouse-10
12337385,Amul Shrikhand Elaichi 500g,Specialty Products,Others,500g,400,470.52,173,734,Mendoza-Thomas,13,2025-09-06,Ambient,2025-01-21,B8498,228,Warehouse-8
82147020,Amul Almond Bar 40g,Chocolates,Others,40g,57,67.24,380,797,Hopkins PLC,3,2025-11-02,Room Temperature,2024-11-03,B6200,364,Warehouse-7
41910047,Amul Gold UHT Milk 1L,UHT & Long Life,Others,1L,150,215.02,131,794,Sims-Burns,24,2026-01-13,Chilled,2025-02-08,B1964,339,Warehouse-6
74913534,Amul Pro Milk Drink 200g,Beverages,Flavored Milk Drink,200g,120,158.14,346,347,"Mckenzie, Baker and Hunter",14,2025-05-19,Frozen,2024-09-20,B7293,241,Warehouse-6
18439717,Amul Frozen Cheese Corn Nuggets 400g,Bakery & Frozen,Frozen Sweets,400g,250,294.21,186,461,Oneal and Sons,14,2026-03-18,Cold Storage,2025-05-28,B1655,294,Warehouse-8
70549300,Amul Dark Chocolate 150g,Chocolates,Dark Chocolate,150g,114,137.09,483,745,Liu PLC,24,2025-05-02,hot & Cold Storage,2024-10-02,B3249,212,Warehouse-8
91017437,Amul Lactose-Free Milk 1L,Dairy Products,Others,1L,100,115.94,318,569,Romero Ltd,12,2026-05-21,Frozen,2025-08-10,B4026,284,Warehouse-9
14909382,Amul Cassata Slice 120ml,Ice Creams,Others,120ml,56,79.5,440,237,Guzman-Diaz,28,2025-10-12,hot & Cold Storage,2025-01-12,B4721,273,Warehouse-5
18009972,Amul Organic Ghee 500ml,Others,Others,500ml,500,730.78,370,101,George and Sons,6,2024-11-02,Chilled,2024-09-07,B1258,56,Warehouse-2
24078757,Amul Kesar Pista Ice Cream 1L,Ice Creams,Premium Ice Cream,1L,300,391.0,214,324,"Harris, Mitchell and Owen",29,2026-02-26,hot & Cold Storage,2025-08-11,B7937,199,Warehouse-5
56068016,Amul Fortified Milk 1L,Health & Nutrition,Others,1L,600,693.98,287,899,Sanchez-Bradford,9,2025-09-28,Refrigerated,2025-07-23,B1525,67,Warehouse-9
12337385,Amul Shrikhand Elaichi 500g,Specialty Products,Others,500g,400,486.51,278,590,Fox-Kennedy,20,2026-03-26,Ambient,2025-03-26,B2993,365,Warehouse-7
79195263,Amul Kool Saffron Milk 200ml,Beverages,Others,200ml,120,145.55,354,427,Wright-Friedman,3,2025-10-18,Ambient,2024-11-15,B4794,337,Warehouse-3
11288909,Amul Mithai Mate Condensed Milk 400g,Dairy Products,Others,400g,100,145.87,456,886,House LLC,6,2025-12-03,Frozen,2025-08-20,B1638,105,Warehouse-1
43280889,Amul Malai Paneer 1kg,Dairy Products,Paneer Blocks,1kg,100,139.78,252,123,Hughes Ltd,10,2025-05-02,Cold Storage,2025-03-24,B4217,39,Warehouse-9
11289388,Amul Rasmalai 500g,Specialty Products,Others,500g,400,537.14,477,361,Stewart-Mills,12,2025-11-13,Frozen,2025-05-27,B5772,170,Warehouse-4
70167474,Amul Frozen Paratha 400g,Bakery & Frozen,Frozen Paratha,400g,250,363.64,156,887,"Burke, Adams and Hernandez",11,2025-06-23,Chilled,2025-04-11,B1982,73,Warehouse-4
16367289,Amul Strawberry Magic 750ml,Ice Creams,Others,750ml,300,416.63,167,451,"Welch, Chambers and Howe",2,2025-05-19,Ambient,2024-09-15,B2757,246,Warehouse-6
64335100,Amul Slim & Trim Milk 500ml,Dairy Products,Others,500ml,100,146.37,500,420,Nash Ltd,28,2025-04-15,Ambient,2025-03-26,B6875,20,Warehouse-9
71235158,Amul Strawberry Lassi 250ml,Beverages (New Flavors),Others,250ml,600,664.03,194,563,"Jimenez, Walker and Daniel",24,2026-01-02,Refrigerated,2025-01-30,B3795,337,Warehouse-9
78916050,Amul Gouda Cheese 200g,Cheese & Cheese Products,Gouda Cheese,200g,500,654.32,377,236,Coleman-Pham,24,2025-05-06,Hot Storage,2024-12-16,B4728,141,Warehouse-5
54796676,Amul White Butter 500g,Ghee & Cooking Essentials,Others,500g,800,1116.63,116,474,"Hernandez, Bailey and Murray",18,2025-10-21,hot & Cold Storage,2025-01-08,B1403,286,Warehouse-10
80016687,Amul Butter 100g,Butter & Spreads,Salted Butter,100g,198,224.66,279,301,Greene-Logan,7,2026-03-05,Refrigerated,2025-04-22,B5999,317,Warehouse-1
56068016,Amul Fortified Milk 1L,Health & Nutrition,Others,1L,600,870.98,154,871,Carter-Price,14,2025-12-29,Refrigerated,2025-07-28,B8196,154,Warehouse-3
71579542,Amul Mystic Mocha Chocolate 150g,Chocolates,Dark Chocolate,150g,30,43.06,286,437,"Williams, Hall and Graves",6,2025-04-19,Cold Storage,2025-01-30,B8890,79,Warehouse-8
16443921,Amul Fruit & Nut Chocolate 150g,Chocolates,Fruit & Nut Chocolate,150g,150,197.92,374,196,"Barnett, Medina and Gibson",6,2025-04-29,hot & Cold Storage,2024-12-21,B8832,129,Warehouse-5
78916050,Amul Gouda Cheese 200g,Cheese & Cheese Products,Gouda Cheese,200g,500,684.31,406,560,Stafford-Rodgers,12,2026-05-30,Hot Storage,2025-06-11,B1755,353,Warehouse-6
36576395,Amul Kool Café Can 250ml,Others,Others,250ml,500,630.38,401,845,"Graham, Yang and Casey",23,2025-10-26,Ambient,2025-05-07,B3181,172,Warehouse-2
43280889,Amul Malai Paneer 1kg,Dairy Products,Paneer Blocks,1kg,100,135.95,173,651,Garcia-Swanson,8,2025-09-25,Cold Storage,2024-10-01,B5205,359,Warehouse-6
79195263,Amul Kool Saffron Milk 200ml,Beverages,Others,200ml,120,140.52,239,500,"Bryant, Stevens and Fischer",1,2025-06-30,Ambient,2025-01-02,B5005,179,Warehouse-1
70537390,Amul Cheese Spread Red Chilli Flakes 200g,Butter & Spreads,Cheese Spread,200g,68,97.43,422,526,"Wood, Rios and Mccoy",11,2025-04-18,hot & Cold Storage,2024-12-08,B5474,131,Warehouse-10
64335100,Amul Slim & Trim Milk 500ml,Dairy Products,Others,500ml,100,119.03,248,402,Sutton Inc,3,2026-06-25,Ambient,2025-08-14,B7113,315,Warehouse-5
69924743,Amul Shrikhand Mango 500g,Specialty Products,Others,500g,400,519.31,476,429,Dixon PLC,27,2025-09-10,Ambient,2024-09-30,B4745,345,Warehouse-6
93020688,Amul Cheese Spread Garlic 200g,Butter & Spreads,Cheese Spread,200g,200,295.58,364,296,Burton-Williams,19,2025-11-23,Refrigerated,2025-07-05,B3186,141,Warehouse-9
62882309,Amul Frozen Paneer Tikka 500g,Bakery & Frozen,Frozen Paratha,500g,250,318.42,459,714,Morrison and Sons,10,2025-07-16,Hot Storage,2024-09-26,B8873,293,Warehouse-5
70134094,Amul Tru Apple Juice 200ml,Beverages,Juice,200ml,74,108.66,100,138,"Smith, Wilcox and Santiago",28,2024-12-19,Room Temperature,2024-09-02,B7581,108,Warehouse-2
206846,Amul Cooking Butter 500g,Ghee & Cooking Essentials,Cooking Ghee,500g,800,1077.3,116,351,Carlson-Jones,19,2025-05-12,Hot Storage,2024-11-04,B7029,189,Warehouse-1
80405061,Amul A2 Cow Milk 1L,Others,Others,1L,500,712.95,372,587,Wallace PLC,21,2026-01-07,Refrigerated,2025-06-20,B6509,201,Warehouse-2
12337385,Amul Shrikhand Elaichi 500g,Specialty Products,Others,500g,400,467.62,373,534,Deleon Ltd,19,2025-12-05,Ambient,2025-06-28,B3584,160,Warehouse-7
11288909,Amul Mithai Mate Condensed Milk 400g,Dairy Products,Others,400g,100,126.18,355,725,Welch-Flynn,14,2025-09-14,Frozen,2025-04-01,B6376,166,Warehouse-3
16994393,Amul Taaza Milk 1L,Dairy Products,Others,1L,100,143.37,141,400,"Bowman, Rodriguez and Allen",25,2025-10-06,Hot Storage,2025-06-13,B3435,115,Warehouse-7
14701085,Amul Kool Elaichi Milk 200ml,Beverages,Lassi,200ml,120,154.68,382,498,"Perez, Compton and Rodriguez",25,2025-03-24,Hot Storage,2024-08-25,B4434,211,Warehouse-3
11288909,Amul Mithai Mate Condensed Milk 400g,Dairy Products,Others,400g,100,111.44,324,616,Cunningham-Dickson,4,2025-01-21,Frozen,2024-11-07,B5158,75,Warehouse-5
6094027,Amul Kool Flavoured Milk Bottle 200ml,Beverages,Flavored Milk Drink,200ml,120,174.92,214,978,"Lowery, Brown and Spence",9,2025-06-01,Cold Storage,2024-11-17,B8091,196,Warehouse-6
13006228,Amul Dark Chocolate Ice Cream 1L,Ice Creams,Premium Ice Cream,1L,300,446.7,496,712,"Pollard, Martinez and Bowen",13,2026-01-10,Hot Storage,2025-06-08,B4858,216,Warehouse-3
33992976,Amul Probiotic Dahi 400g,Probiotic & Health Range,Probiotic Curd,400g,250,349.87,205,379,Thompson-Brown,11,2025-05-04,Frozen,2024-09-02,B7681,244,Warehouse-1
24078757,Amul Kesar Pista Ice Cream 1L,Ice Creams,Premium Ice Cream,1L,300,380.32,453,620,Williams-Morales,2,2025-08-25,hot & Cold Storage,2024-08-29,B4467,361,Warehouse-9
79666428,Amul Pizza Cheese 1kg,Cheese & Cheese Products,Gouda Cheese,1kg,500,638.16,334,835,Jones and Sons,8,2025-10-19,Hot Storage,2025-01-28,B9585,264,Warehouse-8
18439717,Amul Frozen Cheese Corn Nuggets 400g,Bakery & Frozen,Frozen Sweets,400g,250,300.71,100,176,Chavez-Cook,29,2026-03-15,Cold Storage,2025-05-16,B6292,303,Warehouse-4
41910047,Amul Gold UHT Milk 1L,UHT & Long Life,Others,1L,150,206.96,371,775,Rojas-Duncan,16,2025-09-25,Chilled,2024-11-09,B7448,320,Warehouse-10
14909382,Amul Cassata Slice 120ml,Ice Creams,Others,120ml,56,81.0,111,277,Kaiser-Vincent,30,2025-06-19,hot & Cold Storage,2025-03-23,B6128,88,Warehouse-7
82147020,Amul Almond Bar 40g,Chocolates,Others,40g,57,64.81,379,588,Sanchez Ltd,3,2026-02-13,Room Temperature,2025-04-11,B8147,308,Warehouse-1
97994268,Amul Butter Scotch Ice Cream 1L,Ice Creams,Premium Ice Cream,1L,300,337.03,482,157,"Martinez, Johnson and Bentley",12,2026-04-17,Cold Storage,2025-05-31,B1584,321,Warehouse-4
70549300,Amul Dark Chocolate 150g,Chocolates,Dark Chocolate,150g,114,166.95,428,703,Davis Inc,26,2025-03-17,hot & Cold Storage,2024-08-22,B6796,207,Warehouse-2
37505707,Amul Choco Chips Ice Cream 1L,Ice Creams,Premium Ice Cream,1L,300,425.47,385,848,"Brady, Khan and Cox",20,2026-03-15,Cold Storage,2025-05-01,B5154,318,Warehouse-6
23548091,Amul Chocozoo Kids Pack 250g,Chocolates,Milk Chocolate,250g,150,224.41,496,181,Baker-Caldwell,16,2026-01-07,Cold Storage,2025-03-02,B5368,311,Warehouse-9
40563084,Amul Pure Ghee 500ml,Ghee & Cooking Essentials,Cow Ghee,500ml,411,595.1,261,504,"Mccann, Myers and Brown",11,2025-10-18,Room Temperature,2025-07-13,B7512,97,Warehouse-4
78916050,Amul Gouda Cheese 200g,Cheese & Cheese Products,Gouda Cheese,200g,500,632.72,265,582,Duran-Goodman,4,2026-01-01,Hot Storage,2025-06-12,B3760,203,Warehouse-1
57937380,Amul Protein Shake Chocolate 200ml,Health & Nutrition,Others,200ml,600,687.63,236,186,"Carter, Ross and Jenkins",17,2025-06-04,Refrigerated,2024-09-13,B7736,264,Warehouse-4
71579542,Amul Mystic Mocha Chocolate 150g,Chocolates,Dark Chocolate,150g,30,38.72,382,695,"Browning, Burke and Roberts",16,2025-06-03,Cold Storage,2025-02-25,B5400,98,Warehouse-5
14701085,Amul Kool Elaichi Milk 200ml,Beverages,Lassi,200ml,120,165.74,457,435,Huang-Miller,15,2025-02-21,Hot Storage,2024-09-28,B5179,146,Warehouse-5
18315080,Amul Paneer 200g,Dairy Products,Paneer Cubes,200g,61,82.54,199,736,Mason Ltd,23,2025-11-12,Hot Storage,2025-01-31,B6229,285,Warehouse-4
11071426,Amul Buffalo Ghee 1L,Ghee & Cooking Essentials,Buffalo Ghee,1L,703,895.42,472,614,"Jones, Lee and Chen",24,2026-02-06,Hot Storage,2025-02-20,B9418,351,Warehouse-2
14415647,Amul Kool Rose Milk 200ml,Beverages,Others,200ml,120,132.65,331,111,Mahoney-Maxwell,25,2025-02-20,Room Temperature,2024-09-13,B9169,160,Warehouse-6
82147020,Amul Almond Bar 40g,Chocolates,Others,40g,57,68.15,458,444,"Hale, Reed and Howard",23,2025-06-24,Room Temperature,2024-12-03,B8403,203,Warehouse-3
97994268,Amul Butter Scotch Ice Cream 1L,Ice Creams,Premium Ice Cream,1L,300,390.94,341,811,Harris-Leonard,12,2026-02-06,Cold Storage,2025-08-18,B1052,172,Warehouse-10
81997831,Amul Cheese Crackers 120g,Snacks & Savories,Others,120g,509,737.51,311,541,Smith-Ryan,21,2025-07-22,Room Temperature,2024-12-27,B2676,207,Warehouse-5
97241768,Amul Chocolate Ice Cream 1L,Ice Creams,Premium Ice Cream,1L,300,422.74,164,764,Fry-Ross,11,2025-06-27,Cold Storage,2024-12-19,B1013,190,Warehouse-3
40563084,Amul Pure Ghee 500ml,Ghee & Cooking Essentials,Cow Ghee,500ml,411,542.58,497,414,Reid Group,30,2026-01-09,Room Temperature,2025-05-14,B3143,240,Warehouse-2
58937020,Amul Chocolate Brownie 100g,Bakery Items,Others,100g,218,244.77,163,435,Hays-Johnson,3,2025-10-31,Refrigerated,2025-05-28,B2874,156,Warehouse-5
74913534,Amul Pro Milk Drink 200g,Beverages,Flavored Milk Drink,200g,120,179.23,328,429,"Gross, Jones and Bullock",9,2025-03-29,Frozen,2024-12-08,B5706,111,Warehouse-5
25444452,Amul Ice Cream Cake 1kg,Others,Others,1kg,500,664.96,474,344,Campbell-Wilkinson,12,2024-09-24,hot & Cold Storage,2024-09-17,B6831,7,Warehouse-10
81837793,Amul Low Fat Yogurt 100g,Health & Nutrition,Others,100g,436,621.16,376,790,Jenkins and Sons,25,2025-06-12,Hot Storage,2025-03-07,B6539,97,Warehouse-6
41910047,Amul Gold UHT Milk 1L,UHT & Long Life,Others,1L,150,216.1,311,304,"Vincent, Hudson and Lopez",12,2025-03-05,Chilled,2025-01-21,B1343,43,Warehouse-3
7241154,Amul Rajbhog Ice Cream 1L,Ice Creams,Premium Ice Cream,1L,300,348.27,195,871,Howell-Smith,29,2025-11-06,Room Temperature,2025-02-22,B2506,257,Warehouse-2
93020688,Amul Cheese Spread Garlic 200g,Butter & Spreads,Cheese Spread,200g,200,261.37,314,470,Jones Group,7,2026-03-14,Refrigerated,2025-06-09,B2090,278,Warehouse-5
42543602,Amul Choco Milk 200ml,Beverages (New Flavors),Others,200ml,301,379.44,166,902,"Moore, Strickland and Camacho",10,2025-06-08,hot & Cold Storage,2024-09-23,B5851,258,Warehouse-6
40563084,Amul Pure Ghee 500ml,Ghee & Cooking Essentials,Cow Ghee,500ml,411,610.6,421,987,"Brock, Gonzalez and Gardner",19,2026-06-13,Room Temperature,2025-08-13,B9844,304,Warehouse-10
64335100,Amul Slim & Trim Milk 500ml,Dairy Products,Others,500ml,100,121.33,249,229,Joseph Inc,2,2025-05-02,Ambient,2024-12-19,B9584,134,Warehouse-2
64829395,Amul Cream Tetra Pack 250ml,UHT & Long Life,Others,250ml,150,188.66,164,821,Willis-Zimmerman,12,2025-10-12,hot & Cold Storage,2025-07-13,B9308,91,Warehouse-4
31363198,Amul Mango Lassi 250ml,Beverages (New Flavors),Others,250ml,600,859.49,199,524,Mullen Group,14,2025-05-22,hot & Cold Storage,2025-03-17,B5735,66,Warehouse-5
21750991,Amul Greek Yogurt Strawberry 100g,Probiotic & Health Range,Greek Yogurt,100g,223,324.98,297,822,Strickland-Ramirez,5,2025-08-20,hot & Cold Storage,2024-09-07,B3988,347,Warehouse-6
78916050,Amul Gouda Cheese 200g,Cheese & Cheese Products,Gouda Cheese,200g,500,572.71,282,282,Arnold-Kane,4,2025-06-02,Hot Storage,2024-10-11,B7520,234,Warehouse-5
206846,Amul Cooking Butter 500g,Ghee & Cooking Essentials,Cooking Ghee,500g,800,1028.05,383,655,Jimenez-Johnson,24,2025-09-05,Hot Storage,2025-04-14,B6212,144,Warehouse-1
45007361,Amul Vanilla Ice Cream 1L,Ice Creams,Premium Ice Cream,1L,149,164.82,188,200,Snyder Group,23,2025-08-13,hot & Cold Storage,2025-05-22,B6055,83,Warehouse-2
57348568,Amul Peanut Spread Creamy 200g,Butter & Spreads,Cheese Spread,200g,51,73.04,142,753,Ortiz Group,20,2025-12-03,Refrigerated,2025-06-17,B7946,169,Warehouse-6
4957799,Amul Masti Dahi 400g,Probiotic & Health Range,Misti Doi,400g,250,346.17,466,872,Bell Ltd,9,2025-04-14,Cold Storage,2024-08-23,B9634,234,Warehouse-2
31363198,Amul Mango Lassi 250ml,Beverages (New Flavors),Others,250ml,600,669.62,386,347,Olsen PLC,12,2025-11-06,hot & Cold Storage,2025-03-09,B3358,242,Warehouse-9
37245757,Amul Spicy Potato Chips 200g,Snacks & Savories,Others,200g,54,68.86,275,612,Monroe Group,3,2026-04-09,Frozen,2025-07-28,B3713,255,Warehouse-9
91980489,Amul Masala Peanuts 250g,Snacks & Savories,Others,250g,258,354.41,290,866,"Miller, Cooper and Bell",28,2025-11-22,Cold Storage,2024-12-15,B7717,342,Warehouse-5
64335100,Amul Slim & Trim Milk 500ml,Dairy Products,Others,500ml,100,121.98,315,742,Lopez-Lane,23,2025-09-03,Ambient,2025-06-19,B3137,76,Warehouse-8
83734632,Amul Cheese Spread Yummy Plain 200g,Butter & Spreads,Cheese Spread,200g,177,242.6,423,220,Dennis-Peterson,7,2025-05-20,Ambient,2025-03-21,B9929,60,Warehouse-6
25444452,Amul Ice Cream Cake 1kg,Others,Others,1kg,500,652.18,214,792,"Maynard, Lopez and Wilson",1,2025-12-07,hot & Cold Storage,2025-06-26,B5531,164,Warehouse-3
21750991,Amul Greek Yogurt Strawberry 100g,Probiotic & Health Range,Greek Yogurt,100g,223,245.93,175,744,Watson-Finley,1,2025-09-26,hot & Cold Storage,2025-04-07,B5292,172,Warehouse-7
25444452,Amul Ice Cream Cake 1kg,Others,Others,1kg,500,727.47,197,729,Baker Group,6,2025-09-10,hot & Cold Storage,2025-05-19,B8333,114,Warehouse-5
63607529,Amul Emmental Cheese 200g,Cheese & Cheese Products,Emmental Cheese,200g,500,697.34,405,761,Hines-Johnson,4,2025-02-03,Refrigerated,2024-08-26,B2176,161,Warehouse-2
13006228,Amul Dark Chocolate Ice Cream 1L,Ice Creams,Premium Ice Cream,1L,300,375.83,482,648,Carr-Drake,15,2025-09-03,Hot Storage,2024-10-31,B3291,307,Warehouse-7
11288909,Amul Mithai Mate Condensed Milk 400g,Dairy Products,Others,400g,100,136.52,111,598,Smith Ltd,15,2025-10-08,Frozen,2024-12-14,B5937,298,Warehouse-7
64829395,Amul Cream Tetra Pack 250ml,UHT & Long Life,Others,250ml,150,201.33,465,585,Mendoza Group,5,2025-10-17,hot & Cold Storage,2024-11-18,B8451,333,Warehouse-2
25032666,Amul Gold Milk 1L,Dairy Products,Others,1L,100,120.23,118,417,Acosta-Campbell,22,2025-10-16,Frozen,2024-12-04,B4680,316,Warehouse-5
37505707,Amul Choco Chips Ice Cream 1L,Ice Creams,Premium Ice Cream,1L,300,357.95,407,339,Harvey-Mosley,10,2025-03-31,Cold Storage,2025-03-22,B2145,9,Warehouse-1
70134094,Amul Tru Apple Juice 200ml,Beverages,Juice,200ml,74,87.64,151,529,Flores-Sherman,17,2025-09-07,Room Temperature,2024-11-23,B6917,288,Warehouse-10
48334136,Amul Protein Shake Vanilla 200ml,Health & Nutrition,Others,200ml,600,695.79,267,724,Taylor and Sons,14,2025-08-10,Ambient,2024-12-23,B8461,230,Warehouse-2
25444452,Amul Ice Cream Cake 1kg,Others,Others,1kg,500,602.48,486,503,"Salinas, Woods and Roberts",30,2025-05-31,hot & Cold Storage,2025-05-21,B5699,10,Warehouse-2
34223963,Amul Vanilla Muffin 90g,Bakery Items,Others,90g,51,57.83,413,976,Brown-Scott,23,2025-10-17,hot & Cold Storage,2025-02-05,B5466,254,Warehouse-5
78916050,Amul Gouda Cheese 200g,Cheese & Cheese Products,Gouda Cheese,200g,500,642.35,379,863,Price and Sons,24,2025-12-27,Hot Storage,2025-04-03,B7881,268,Warehouse-8
79291279,Amul Butter 500g,Butter & Spreads,Salted Butter,500g,200,233.89,351,798,Shannon and Sons,28,2025-03-03,Chilled,2025-02-17,B3388,14,Warehouse-5
64829395,Amul Cream Tetra Pack 250ml,UHT & Long Life,Others,250ml,150,213.24,403,471,Harrison-Scott,12,2025-03-06,hot & Cold Storage,2025-02-15,B8358,19,Warehouse-2
97241768,Amul Chocolate Ice Cream 1L,Ice Creams,Premium Ice Cream,1L,300,342.75,211,525,"Anderson, Maldonado and Fox",27,2026-07-01,Cold Storage,2025-08-07,B9467,328,Warehouse-6
70537390,Amul Cheese Spread Red Chilli Flakes 200g,Butter & Spreads,Cheese Spread,200g,68,99.76,363,353,Phillips Inc,8,2024-12-30,hot & Cold Storage,2024-11-21,B4182,39,Warehouse-7
64935768,Amul Mithai Gulab Jamun Tin 1kg,Specialty Products,Others,1kg,400,444.89,330,708,Perkins Inc,4,2025-06-13,Room Temperature,2024-09-12,B4942,274,Warehouse-10
91017437,Amul Lactose-Free Milk 1L,Dairy Products,Others,1L,100,122.95,250,438,"Schroeder, Mejia and Miller",13,2026-01-22,Frozen,2025-04-04,B5036,293,Warehouse-3
25032666,Amul Gold Milk 1L,Dairy Products,Others,1L,100,120.84,144,455,Burnett LLC,24,2025-01-22,Frozen,2024-11-23,B6108,60,Warehouse-5
70167474,Amul Frozen Paratha 400g,Bakery & Frozen,Frozen Paratha,400g,250,357.61,238,273,Jimenez PLC,8,2025-05-02,Chilled,2024-12-04,B3983,149,Warehouse-1
12571772,Amul Basundi 1L,Specialty Products,Others,1L,400,576.82,409,865,"Johnson, Mcdonald and Moore",18,2026-04-13,hot & Cold Storage,2025-04-13,B9276,365,Warehouse-4
81837793,Amul Low Fat Yogurt 100g,Health & Nutrition,Others,100g,436,650.65,377,550,Smith-Glenn,27,2025-09-21,Hot Storage,2025-07-19,B6502,64,Warehouse-10
7241154,Amul Rajbhog Ice Cream 1L,Ice Creams,Premium Ice Cream,1L,300,427.42,431,632,Lawrence PLC,6,2025-08-25,Room Temperature,2025-04-23,B9294,124,Warehouse-1
41910047,Amul Gold UHT Milk 1L,UHT & Long Life,Others,1L,150,195.36,306,767,Walker-Smith,22,2025-09-23,Chilled,2025-03-06,B8593,201,Warehouse-4
83184284,Amul Kool Koko 200ml,Beverages,Others,200ml,120,138.92,180,959,Zimmerman-Cardenas,30,2025-06-02,Cold Storage,2024-10-28,B7088,217,Warehouse-10
70415490,Amul Frozen Veggie Burger Patty 500g,Bakery & Frozen,Frozen Sweets,500g,250,336.64,174,846,Zimmerman-Deleon,15,2025-07-11,Room Temperature,2024-10-10,B5209,274,Warehouse-3
68165390,Amul Kool Café 200ml,Beverages,Others,200ml,51,74.71,158,489,"Prince, Brown and Pratt",17,2026-06-05,Cold Storage,2025-07-13,B5945,327,Warehouse-5
79195263,Amul Kool Saffron Milk 200ml,Beverages,Others,200ml,120,165.62,385,102,Mendoza-Harris,2,2026-04-16,Ambient,2025-07-13,B2608,277,Warehouse-10
4664321,Amul Buttermilk Masala 200ml,Beverages (New Flavors),Others,200ml,600,828.4,275,675,"Stewart, Nielsen and Roberts",30,2026-03-17,Hot Storage,2025-07-30,B8855,230,Warehouse-1
91503640,Amul Spiced Buttermilk 500ml,Dairy Products,Others,500ml,99,142.88,400,474,May Group,26,2025-12-21,Room Temperature,2025-05-26,B6925,209,Warehouse-8
70167474,Amul Frozen Paratha 400g,Bakery & Frozen,Frozen Paratha,400g,250,332.96,278,883,Miller-Lee,10,2025-07-08,Chilled,2024-10-19,B6601,262,Warehouse-3
78916050,Amul Gouda Cheese 200g,Cheese & Cheese Products,Gouda Cheese,200g,500,654.06,237,990,Dougherty-Moore,5,2025-11-13,Hot Storage,2025-05-24,B1502,173,Warehouse-1
79291279,Amul Butter 500g,Butter & Spreads,Salted Butter,500g,200,288.89,453,693,"Maddox, Mcfarland and Wiggins",14,2026-07-03,Chilled,2025-07-09,B4644,359,Warehouse-9
35651383,Amul India Twilight Tryst 150g,Chocolates,Others,150g,150,205.09,374,1000,Crawford PLC,8,2025-05-02,Hot Storage,2025-01-31,B9682,91,Warehouse-9
37505707,Amul Choco Chips Ice Cream 1L,Ice Creams,Premium Ice Cream,1L,300,355.98,283,992,Higgins LLC,13,2026-01-10,Cold Storage,2025-01-16,B1552,359,Warehouse-6
5752287,Amul Camel Milk Chocolate 150g,Others,Others,150g,123,141.27,307,335,"Chen, Hernandez and Larson",15,2025-04-03,hot & Cold Storage,2024-11-26,B7707,128,Warehouse-10
48334136,Amul Protein Shake Vanilla 200ml,Health & Nutrition,Others,200ml,600,736.53,397,118,"Simpson, Johnson and Wong",27,2025-09-19,Ambient,2024-11-07,B6475,316,Warehouse-3
40563084,Amul Pure Ghee 500ml,Ghee & Cooking Essentials,Cow Ghee,500ml,411,480.27,283,858,"Walters, Davis and Torres",11,2025-12-02,Room Temperature,2025-05-17,B1663,199,Warehouse-10
40563084,Amul Pure Ghee 500ml,Ghee & Cooking Essentials,Cow Ghee,500ml,411,459.97,497,360,Johnson Ltd,8,2025-08-31,Room Temperature,2025-07-09,B4428,53,Warehouse-2
53074058,Amul Cheddar Cheese 200g,Cheese & Cheese Products,Cheddar Cheese,200g,500,661.78,411,786,Francis-Meadows,9,2026-05-14,Cold Storage,2025-06-03,B6498,345,Warehouse-9
35651383,Amul India Twilight Tryst 150g,Chocolates,Others,150g,150,195.07,428,524,"Burke, Campbell and Merritt",28,2025-06-20,Hot Storage,2024-10-20,B3304,243,Warehouse-2
18439717,Amul Frozen Cheese Corn Nuggets 400g,Bakery & Frozen,Frozen Sweets,400g,250,310.6,341,846,Smith-Andrade,16,2025-09-29,Cold Storage,2025-07-08,B5724,83,Warehouse-10
37245757,Amul Spicy Potato Chips 200g,Snacks & Savories,Others,200g,54,65.1,474,222,Moore-Webb,6,2025-10-26,Frozen,2025-03-02,B8227,238,Warehouse-3
36576395,Amul Kool Café Can 250ml,Others,Others,250ml,500,718.93,400,910,Warren-Ruiz,24,2025-05-22,Ambient,2025-03-11,B4754,72,Warehouse-4
40563084,Amul Pure Ghee 500ml,Ghee & Cooking Essentials,Cow Ghee,500ml,411,517.42,168,542,Adams-Smith,11,2025-05-18,Room Temperature,2025-04-05,B3101,43,Warehouse-10
35651383,Amul India Twilight Tryst 150g,Chocolates,Others,150g,150,179.54,485,648,"Miller, Welch and Diaz",2,2025-07-04,Hot Storage,2025-02-21,B4806,133,Warehouse-7
88384214,Amul Lite Spread 250g,Butter & Spreads,Cheese Spread,250g,54,72.7,116,164,"Rodgers, Stanley and Huang",18,2025-11-10,Frozen,2024-11-19,B4769,356,Warehouse-9
91017437,Amul Lactose-Free Milk 1L,Dairy Products,Others,1L,100,138.04,304,485,"Brown, Rodriguez and Santana",6,2025-07-06,Frozen,2024-10-30,B3799,249,Warehouse-7
70537390,Amul Cheese Spread Red Chilli Flakes 200g,Butter & Spreads,Cheese Spread,200g,68,95.3,461,363,"Johnson, Curry and Martin",15,2026-01-27,hot & Cold Storage,2025-02-22,B7020,339,Warehouse-6
31256377,Amul Happy Treats Veggie Stix 400g,Others,Others,400g,500,649.87,151,630,"Dean, Marshall and Giles",30,2025-04-18,Ambient,2025-03-19,B9231,30,Warehouse-7
25032666,Amul Gold Milk 1L,Dairy Products,Others,1L,100,146.76,492,266,"Sanchez, Smith and Tran",16,2025-09-27,Frozen,2025-01-17,B2200,253,Warehouse-5
51783426,Amul Cold Coffee 200ml,Beverages (New Flavors),Others,200ml,375,421.78,293,244,Greer-Esparza,24,2025-12-04,Refrigerated,2025-05-24,B1589,194,Warehouse-2
91017437,Amul Lactose-Free Milk 1L,Dairy Products,Others,1L,100,144.28,432,673,"Johnson, Mitchell and Duncan",9,2025-01-13,Frozen,2024-10-06,B6532,99,Warehouse-10
13006228,Amul Dark Chocolate Ice Cream 1L,Ice Creams,Premium Ice Cream,1L,300,443.28,239,386,Foster LLC,12,2025-07-13,Hot Storage,2024-12-07,B8448,218,Warehouse-7
97719922,Amul Cheese Block 500g,Cheese & Cheese Products,Cream Cheese,500g,500,745.75,145,564,"Haas, Roberts and Moore",17,2025-04-20,Room Temperature,2024-12-28,B6767,113,Warehouse-5
45319204,Amul Slim UHT Milk 1L,UHT & Long Life,Others,1L,150,170.16,462,346,"Hodge, Davies and Rice",7,2025-09-10,Hot Storage,2025-02-23,B3363,199,Warehouse-1
69924743,Amul Shrikhand Mango 500g,Specialty Products,Others,500g,400,584.49,320,985,Hensley-Sandoval,18,2025-11-11,Ambient,2025-07-20,B2800,114,Warehouse-5
51772550,Amul Pizza Base 200g,Bakery & Frozen,Pizza Base,200g,250,339.04,145,315,Neal Group,3,2025-01-27,Chilled,2024-11-27,B3824,61,Warehouse-1
40563084,Amul Pure Ghee 500ml,Ghee & Cooking Essentials,Cow Ghee,500ml,411,520.52,283,591,Brown and Sons,5,2026-01-29,Room Temperature,2025-02-12,B1243,351,Warehouse-7
11288909,Amul Mithai Mate Condensed Milk 400g,Dairy Products,Others,400g,100,111.62,271,344,Cox-Ortiz,26,2025-12-23,Frozen,2025-07-09,B9963,167,Warehouse-4
26980737,Amul Tru Orange Juice 200ml,Beverages,Juice,200ml,116,131.91,340,494,Brown-Hansen,30,2025-10-14,Hot Storage,2025-05-01,B2909,166,Warehouse-2
82147020,Amul Almond Bar 40g,Chocolates,Others,40g,57,70.32,456,387,Cardenas-Johnson,1,2025-01-12,Room Temperature,2024-09-24,B5679,110,Warehouse-3
45007361,Amul Vanilla Ice Cream 1L,Ice Creams,Premium Ice Cream,1L,149,197.09,417,498,Wilson and Sons,13,2025-05-11,hot & Cold Storage,2025-02-04,B8328,96,Warehouse-3
83184284,Amul Kool Koko 200ml,Beverages,Others,200ml,120,142.01,118,733,Church Ltd,2,2025-06-03,Cold Storage,2025-01-20,B4918,134,Warehouse-5
37505707,Amul Choco Chips Ice Cream 1L,Ice Creams,Premium Ice Cream,1L,300,380.37,161,746,"Mendoza, Jackson and Allen",19,2025-06-22,Cold Storage,2025-01-17,B5830,156,Warehouse-6
36576395,Amul Kool Café Can 250ml,Others,Others,250ml,500,699.6,403,505,Hall-Francis,16,2025-04-01,Ambient,2024-09-13,B3554,200,Warehouse-10
94900507,Amul Peanut Spread Crunchy 200g,Butter & Spreads,Cheese Spread,200g,100,145.51,306,678,Howard-Long,23,2026-03-25,hot & Cold Storage,2025-07-17,B5122,251,Warehouse-9
43726257,Amul Shrikhand Kesar 500g,Specialty Products,Others,500g,400,447.78,231,256,Jacobson-Thompson,2,2025-08-24,Room Temperature,2024-12-01,B6952,266,Warehouse-9
83950377,Amul Veggie Sticks 100g,Snacks & Savories,Others,100g,85,98.59,215,912,Perez PLC,3,2025-05-22,Refrigerated,2025-04-08,B4702,44,Warehouse-8
79666428,Amul Pizza Cheese 1kg,Cheese & Cheese Products,Gouda Cheese,1kg,500,732.79,247,187,Jennings Ltd,19,2025-06-11,Hot Storage,2025-05-30,B1198,12,Warehouse-6
91503640,Amul Spiced Buttermilk 500ml,Dairy Products,Others,500ml,99,138.39,369,106,Harrell PLC,14,2025-10-21,Room Temperature,2025-04-19,B5557,185,Warehouse-1
21750991,Amul Greek Yogurt Strawberry 100g,Probiotic & Health Range,Greek Yogurt,100g,223,257.03,138,865,Gomez Group,20,2025-11-13,hot & Cold Storage,2024-12-16,B4502,332,Warehouse-1
64335100,Amul Slim & Trim Milk 500ml,Dairy Products,Others,500ml,100,139.73,325,422,Gallegos-Anderson,13,2025-06-17,Ambient,2025-03-15,B6006,94,Warehouse-3
45007361,Amul Vanilla Ice Cream 1L,Ice Creams,Premium Ice Cream,1L,149,170.45,438,844,"Thompson, Krause and Shaw",10,2025-04-22,hot & Cold Storage,2024-12-07,B5915,136,Warehouse-8
25032666,Amul Gold Milk 1L,Dairy Products,Others,1L,100,148.17,471,277,"Finley, Hernandez and Baker",10,2026-01-28,Frozen,2025-01-29,B4539,364,Warehouse-10
71930565,Amul Cow Ghee 1L,Ghee & Cooking Essentials,Cow Ghee,1L,800,1095.04,149,609,Jenkins-Boyle,30,2025-09-27,Chilled,2025-05-19,B8421,131,Warehouse-4
14415647,Amul Kool Rose Milk 200ml,Beverages,Others,200ml,120,145.99,440,999,"Ortiz, Hampton and Jordan",1,2026-06-28,Room Temperature,2025-07-12,B6539,351,Warehouse-5
21750991,Amul Greek Yogurt Strawberry 100g,Probiotic & Health Range,Greek Yogurt,100g,223,287.93,297,428,Arias-Cochran,12,2025-09-23,hot & Cold Storage,2025-06-30,B7367,85,Warehouse-4
51783426,Amul Cold Coffee 200ml,Beverages (New Flavors),Others,200ml,375,530.64,383,543,Reynolds PLC,16,2025-10-06,Refrigerated,2025-03-14,B8309,206,Warehouse-9
93020688,Amul Cheese Spread Garlic 200g,Butter & Spreads,Cheese Spread,200g,200,249.74,140,571,Coleman Inc,6,2025-05-26,Refrigerated,2025-03-07,B4045,80,Warehouse-9
78916050,Amul Gouda Cheese 200g,Cheese & Cheese Products,Gouda Cheese,200g,500,617.6,500,155,Sanchez Ltd,24,2026-01-17,Hot Storage,2025-03-15,B3088,308,Warehouse-9
79291279,Amul Butter 500g,Butter & Spreads,Salted Butter,500g,200,237.83,142,270,Mcintyre-Dean,8,2026-03-06,Chilled,2025-03-27,B1105,344,Warehouse-8
18315080,Amul Paneer 200g,Dairy Products,Paneer Cubes,200g,61,89.54,319,542,Garcia-Williams,27,2025-11-29,Hot Storage,2025-01-20,B5777,313,Warehouse-3
45007361,Amul Vanilla Ice Cream 1L,Ice Creams,Premium Ice Cream,1L,149,175.85,343,349,Stewart-George,11,2025-01-08,hot & Cold Storage,2024-11-05,B4656,64,Warehouse-8
97719922,Amul Cheese Block 500g,Cheese & Cheese Products,Cream Cheese,500g,500,581.15,161,883,Stewart PLC,27,2025-10-18,Room Temperature,2024-11-05,B3063,347,Warehouse-1
45007361,Amul Vanilla Ice Cream 1L,Ice Creams,Premium Ice Cream,1L,149,171.38,379,246,Andrade Group,16,2025-03-12,hot & Cold Storage,2024-11-04,B8745,128,Warehouse-10
64935768,Amul Mithai Gulab Jamun Tin 1kg,Specialty Products,Others,1kg,400,566.27,442,585,"Castillo, Thompson and Miller",15,2025-08-13,Room Temperature,2024-09-05,B1352,342,Warehouse-3
34223963,Amul Vanilla Muffin 90g,Bakery Items,Others,90g,51,66.11,129,133,Haley-Jones,24,2026-01-06,hot & Cold Storage,2025-07-23,B4992,167,Warehouse-3
7241154,Amul Rajbhog Ice Cream 1L,Ice Creams,Premium Ice Cream,1L,300,437.6,219,959,Parks Ltd,16,2026-01-17,Room Temperature,2025-02-17,B8760,334,Warehouse-4
41910047,Amul Gold UHT Milk 1L,UHT & Long Life,Others,1L,150,210.4,306,647,Dillon LLC,15,2026-02-28,Chilled,2025-07-10,B5416,233,Warehouse-5
11288909,Amul Mithai Mate Condensed Milk 400g,Dairy Products,Others,400g,100,143.21,464,605,Hunt and Sons,26,2026-03-04,Frozen,2025-06-23,B7260,254,Warehouse-5
7241154,Amul Rajbhog Ice Cream 1L,Ice Creams,Premium Ice Cream,1L,300,430.0,127,951,Torres Group,27,2024-11-06,Room Temperature,2024-10-15,B6236,22,Warehouse-10
25444452,Amul Ice Cream Cake 1kg,Others,Others,1kg,500,664.32,460,381,Trujillo Group,23,2025-05-20,hot & Cold Storage,2025-05-11,B2034,9,Warehouse-1
14701085,Amul Kool Elaichi Milk 200ml,Beverages,Lassi,200ml,120,176.67,226,973,Marsh and Sons,18,2025-10-12,Hot Storage,2025-06-10,B4847,124,Warehouse-5
71235158,Amul Strawberry Lassi 250ml,Beverages (New Flavors),Others,250ml,600,846.18,346,290,Garcia Inc,24,2025-08-19,Refrigerated,2025-07-10,B2236,40,Warehouse-1
13006228,Amul Dark Chocolate Ice Cream 1L,Ice Creams,Premium Ice Cream,1L,300,415.07,385,692,Wade PLC,16,2024-11-02,Hot Storage,2024-09-02,B2974,61,Warehouse-1
14909382,Amul Cassata Slice 120ml,Ice Creams,Others,120ml,56,72.68,302,126,"Stephens, Vazquez and Hayes",28,2026-03-27,hot & Cold Storage,2025-07-06,B5960,264,Warehouse-9
64829395,Amul Cream Tetra Pack 250ml,UHT & Long Life,Others,250ml,150,218.66,124,533,Armstrong LLC,6,2025-10-03,hot & Cold Storage,2024-12-14,B8305,293,Warehouse-4
31256377,Amul Happy Treats Veggie Stix 400g,Others,Others,400g,500,627.37,478,937,Kim-Ellis,24,2025-06-04,Ambient,2024-12-15,B7885,171,Warehouse-10
70549300,Amul Dark Chocolate 150g,Chocolates,Dark Chocolate,150g,114,126.05,411,912,Powers LLC,1,2025-05-20,hot & Cold Storage,2025-01-19,B7970,121,Warehouse-9
41910047,Amul Gold UHT Milk 1L,UHT & Long Life,Others,1L,150,191.23,175,938,Roberts-Carr,18,2025-12-24,Chilled,2025-01-11,B4710,347,Warehouse-5
18009972,Amul Organic Ghee 500ml,Others,Others,500ml,500,575.29,312,249,Barnes Inc,8,2024-11-02,Chilled,2024-08-31,B7258,63,Warehouse-5
70134094,Amul Tru Apple Juice 200ml,Beverages,Juice,200ml,74,98.78,207,846,"Martin, Harris and Stuart",19,2025-03-18,Room Temperature,2025-02-23,B7409,23,Warehouse-9
57937380,Amul Protein Shake Chocolate 200ml,Health & Nutrition,Others,200ml,600,738.94,247,530,Robinson and Sons,22,2025-06-02,Refrigerated,2024-08-27,B7857,279,Warehouse-3
80016687,Amul Butter 100g,Butter & Spreads,Salted Butter,100g,198,281.76,380,746,"Diaz, Smith and Vasquez",1,2025-08-12,Refrigerated,2024-11-26,B7196,259,Warehouse-3
62232487,Amul Milk Chocolate 150g,Chocolates,Milk Chocolate,150g,115,135.3,275,924,Davies LLC,26,2026-04-02,Ambient,2025-08-10,B9944,235,Warehouse-1
82806583,Amul Cheese Tin 500g,Others,Others,500g,500,574.0,209,756,Thompson-Alexander,19,2025-07-01,Frozen,2024-09-17,B9131,287,Warehouse-8
16443921,Amul Fruit & Nut Chocolate 150g,Chocolates,Fruit & Nut Chocolate,150g,150,220.29,302,438,George-Jones,5,2025-10-05,hot & Cold Storage,2025-08-02,B6161,64,Warehouse-5
79291279,Amul Butter 500g,Butter & Spreads,Salted Butter,500g,200,229.63,423,148,"Morales, Trujillo and Snyder",21,2026-01-15,Chilled,2025-05-03,B5894,257,Warehouse-5
37245757,Amul Spicy Potato Chips 200g,Snacks & Savories,Others,200g,54,76.07,130,626,"Walker, Lawrence and Wilson",19,2025-12-05,Frozen,2025-04-17,B8679,232,Warehouse-2
70167474,Amul Frozen Paratha 400g,Bakery & Frozen,Frozen Paratha,400g,250,324.42,128,256,"Holden, Mckenzie and Benson",3,2024-10-09,Chilled,2024-09-18,B6967,21,Warehouse-8
41910047,Amul Gold UHT Milk 1L,UHT & Long Life,Others,1L,150,183.16,456,757,"Taylor, Mccoy and Evans",2,2024-09-22,Chilled,2024-09-10,B3275,12,Warehouse-10
31363198,Amul Mango Lassi 250ml,Beverages (New Flavors),Others,250ml,600,851.62,123,978,"Santiago, Moreno and Mayer",6,2025-09-03,hot & Cold Storage,2025-07-24,B8419,41,Warehouse-5
83734632,Amul Cheese Spread Yummy Plain 200g,Butter & Spreads,Cheese Spread,200g,177,215.18,125,336,"Morgan, Brown and Lewis",11,2025-09-29,Ambient,2025-07-30,B6691,61,Warehouse-2
11071426,Amul Buffalo Ghee 1L,Ghee & Cooking Essentials,Buffalo Ghee,1L,703,999.52,159,515,"Miller, Harmon and Martinez",30,2025-08-18,Hot Storage,2025-02-28,B4970,171,Warehouse-6
45007361,Amul Vanilla Ice Cream 1L,Ice Creams,Premium Ice Cream,1L,149,189.67,165,205,Green-King,3,2025-06-14,hot & Cold Storage,2024-12-29,B8529,167,Warehouse-5
84729804,Amul Greek Yogurt Mango 100g,Probiotic & Health Range,Greek Yogurt,100g,178,235.44,321,365,Garrison PLC,2,2026-01-04,Room Temperature,2025-05-30,B7221,219,Warehouse-1
206846,Amul Cooking Butter 500g,Ghee & Cooking Essentials,Cooking Ghee,500g,800,1190.02,113,457,Morris-Levine,13,2025-10-14,Hot Storage,2025-08-02,B8954,73,Warehouse-7
84729804,Amul Greek Yogurt Mango 100g,Probiotic & Health Range,Greek Yogurt,100g,178,217.19,307,216,"Williams, Carpenter and Medina",16,2026-05-19,Room Temperature,2025-08-12,B8676,280,Warehouse-4
4664321,Amul Buttermilk Masala 200ml,Beverages (New Flavors),Others,200ml,600,814.64,471,175,Murillo PLC,16,2026-04-15,Hot Storage,2025-06-26,B1463,293,Warehouse-1
33992976,Amul Probiotic Dahi 400g,Probiotic & Health Range,Probiotic Curd,400g,250,304.85,144,858,Patrick-Carpenter,6,2024-10-16,Frozen,2024-09-07,B3505,39,Warehouse-1
79666428,Amul Pizza Cheese 1kg,Cheese & Cheese Products,Gouda Cheese,1kg,500,718.17,384,464,Garcia Ltd,1,2026-01-04,Hot Storage,2025-01-26,B3865,343,Warehouse-10
11288909,Amul Mithai Mate Condensed Milk 400g,Dairy Products,Others,400g,100,143.88,227,735,Gibson-Adams,28,2026-03-16,Frozen,2025-07-21,B4626,238,Warehouse-5
81997831,Amul Cheese Crackers 120g,Snacks & Savories,Others,120g,509,722.56,207,271,Garcia and Sons,9,2026-04-01,Room Temperature,2025-07-19,B6599,256,Warehouse-7
44564353,Amul Fresh Cream 250ml,Dairy Products,Others,250ml,100,122.3,497,336,"White, Smith and Rowland",4,2025-08-31,Room Temperature,2024-09-02,B8895,363,Warehouse-3
24078757,Amul Kesar Pista Ice Cream 1L,Ice Creams,Premium Ice Cream,1L,300,367.23,219,294,Perez-Nolan,20,2025-09-11,hot & Cold Storage,2025-05-21,B5536,113,Warehouse-4
26980737,Amul Tru Orange Juice 200ml,Beverages,Juice,200ml,116,151.28,187,651,Hoffman-Oconnor,19,2025-09-14,Hot Storage,2025-01-06,B2079,251,Warehouse-2
59239307,Amul Mozzarella Cheese 200g,Cheese & Cheese Products,Mozzarella Cheese,200g,500,646.16,437,306,"Kennedy, Collins and Arellano",26,2025-10-09,Room Temperature,2024-11-18,B1691,325,Warehouse-10
35651383,Amul India Twilight Tryst 150g,Chocolates,Others,150g,150,218.26,351,257,"Baker, Steele and King",18,2025-03-07,Hot Storage,2025-02-21,B9718,14,Warehouse-7
40523156,Amul Taaza UHT Milk 1L,UHT & Long Life,Others,1L,150,176.92,450,965,Holden LLC,3,2025-09-19,Frozen,2025-01-16,B8059,246,Warehouse-5
64335100,Amul Slim & Trim Milk 500ml,Dairy Products,Others,500ml,100,124.69,209,421,Parker-Holt,22,2026-04-07,Ambient,2025-06-06,B7619,305,Warehouse-8
41910047,Amul Gold UHT Milk 1L,UHT & Long Life,Others,1L,150,197.26,227,876,Wade Inc,4,2025-07-21,Chilled,2025-02-21,B8504,150,Warehouse-9
21750991,Amul Greek Yogurt Strawberry 100g,Probiotic & Health Range,Greek Yogurt,100g,223,254.61,407,763,Jefferson PLC,3,2025-11-10,hot & Cold Storage,2025-01-21,B5448,293,Warehouse-10
18315080,Amul Paneer 200g,Dairy Products,Paneer Cubes,200g,61,80.6,466,168,Mitchell-White,27,2025-10-07,Hot Storage,2025-03-30,B7813,191,Warehouse-4
24078757,Amul Kesar Pista Ice Cream 1L,Ice Creams,Premium Ice Cream,1L,300,342.44,467,356,"Kelly, Zamora and Jones",6,2024-12-20,hot & Cold Storage,2024-09-12,B6479,99,Warehouse-8
74913534,Amul Pro Milk Drink 200g,Beverages,Flavored Milk Drink,200g,120,136.15,169,451,Schmidt-Lopez,9,2025-04-07,Frozen,2024-09-12,B5424,207,Warehouse-5
40523156,Amul Taaza UHT Milk 1L,UHT & Long Life,Others,1L,150,213.71,313,930,Rich-Li,17,2025-04-01,Frozen,2025-01-08,B4326,83,Warehouse-5
80016687,Amul Butter 100g,Butter & Spreads,Salted Butter,100g,198,283.16,109,102,Franco-Russell,21,2025-04-12,Refrigerated,2024-08-31,B5302,224,Warehouse-3
21365294,Amul Greek Yogurt Blueberry 100g,Probiotic & Health Range,Greek Yogurt,100g,245,313.74,447,573,Shelton-Mann,29,2025-06-01,Chilled,2025-05-03,B3075,29,Warehouse-3
63607529,Amul Emmental Cheese 200g,Cheese & Cheese Products,Emmental Cheese,200g,500,554.26,291,654,Wood Group,2,2025-12-08,Refrigerated,2025-02-11,B1150,300,Warehouse-5
18009972,Amul Organic Ghee 500ml,Others,Others,500ml,500,728.78,230,470,Thomas LLC,4,2025-07-22,Chilled,2025-03-31,B8910,113,Warehouse-4
34223963,Amul Vanilla Muffin 90g,Bakery Items,Others,90g,51,64.17,397,566,Stephens and Sons,4,2025-10-11,hot & Cold Storage,2025-01-10,B3610,274,Warehouse-9
61133075,Amul Butter Croissant 80g,Bakery Items,Others,80g,187,210.75,277,257,Martinez-Ortiz,9,2025-09-29,Hot Storage,2024-10-19,B1604,345,Warehouse-7
74913534,Amul Pro Milk Drink 200g,Beverages,Flavored Milk Drink,200g,120,145.28,298,163,Yu Inc,12,2025-01-13,Frozen,2024-09-22,B4961,113,Warehouse-7
44564353,Amul Fresh Cream 250ml,Dairy Products,Others,250ml,100,142.38,405,136,"Rojas, Ward and Hancock",24,2025-10-16,Room Temperature,2025-01-03,B5556,286,Warehouse-1
64335100,Amul Slim & Trim Milk 500ml,Dairy Products,Others,500ml,100,127.02,255,302,Bernard-Campos,17,2025-02-25,Ambient,2024-12-12,B8161,75,Warehouse-6
11289388,Amul Rasmalai 500g,Specialty Products,Others,500g,400,541.31,245,261,Moody-Lee,19,2025-03-28,Frozen,2024-09-28,B9675,181,Warehouse-1
88384214,Amul Lite Spread 250g,Butter & Spreads,Cheese Spread,250g,54,70.94,405,163,Wolfe-Howard,21,2026-02-12,Frozen,2025-04-01,B3249,317,Warehouse-6
4957799,Amul Masti Dahi 400g,Probiotic & Health Range,Misti Doi,400g,250,301.18,493,357,"Burns, Clarke and Perkins",28,2025-06-06,Cold Storage,2024-11-25,B7270,193,Warehouse-8
91980489,Amul Masala Peanuts 250g,Snacks & Savories,Others,250g,258,380.29,393,926,Dickerson-Webster,9,2025-06-04,Cold Storage,2025-05-24,B5461,11,Warehouse-6
80405061,Amul A2 Cow Milk 1L,Others,Others,1L,500,733.27,314,485,"Parker, Murphy and Hamilton",23,2026-01-14,Refrigerated,2025-02-28,B7109,320,Warehouse-2
12337385,Amul Shrikhand Elaichi 500g,Specialty Products,Others,500g,400,461.11,359,731,Robinson Inc,4,2026-01-10,Ambient,2025-04-14,B6495,271,Warehouse-1
21750991,Amul Greek Yogurt Strawberry 100g,Probiotic & Health Range,Greek Yogurt,100g,223,309.63,489,588,Cole Ltd,18,2025-04-05,hot & Cold Storage,2025-01-02,B8942,93,Warehouse-4
93684965,Amul Mithai Mate UHT 200g,UHT & Long Life,Others,200g,150,197.01,428,299,Singh PLC,24,2025-09-25,hot & Cold Storage,2024-10-11,B6529,349,Warehouse-5
34223963,Amul Vanilla Muffin 90g,Bakery Items,Others,90g,51,59.14,159,407,Le-Osborn,14,2025-10-27,hot & Cold Storage,2025-07-02,B9171,117,Warehouse-4
11071426,Amul Buffalo Ghee 1L,Ghee & Cooking Essentials,Buffalo Ghee,1L,703,804.13,355,327,Jenkins-Goodwin,22,2024-11-07,Hot Storage,2024-09-17,B2658,51,Warehouse-4
45319204,Amul Slim UHT Milk 1L,UHT & Long Life,Others,1L,150,193.52,110,437,"Bautista, Smith and Cruz",3,2025-11-24,Hot Storage,2025-06-10,B5392,167,Warehouse-10
81837793,Amul Low Fat Yogurt 100g,Health & Nutrition,Others,100g,436,585.83,157,710,Schultz-Morrison,16,2025-09-21,Hot Storage,2025-05-27,B7577,117,Warehouse-7
58937020,Amul Chocolate Brownie 100g,Bakery Items,Others,100g,218,264.04,168,996,Adams Ltd,23,2025-02-10,Refrigerated,2024-09-12,B9302,151,Warehouse-4
40523156,Amul Taaza UHT Milk 1L,UHT & Long Life,Others,1L,150,182.2,285,101,King Inc,2,2025-09-08,Frozen,2025-01-09,B5655,242,Warehouse-6
74913534,Amul Pro Milk Drink 200g,Beverages,Flavored Milk Drink,200g,120,138.61,219,470,"Morales, Patrick and Wilson",18,2026-05-03,Frozen,2025-06-17,B6356,320,Warehouse-7
206846,Amul Cooking Butter 500g,Ghee & Cooking Essentials,Cooking Ghee,500g,800,886.92,484,208,"Ochoa, Cox and Lyons",27,2025-08-07,Hot Storage,2025-02-15,B4513,173,Warehouse-7
64935768,Amul Mithai Gulab Jamun Tin 1kg,Specialty Products,Others,1kg,400,574.44,196,591,Rosario-Ford,13,2024-10-28,Room Temperature,2024-09-23,B9800,35,Warehouse-8
88384214,Amul Lite Spread 250g,Butter & Spreads,Cheese Spread,250g,54,75.47,361,363,"Lopez, Rangel and Browning",22,2025-05-15,Frozen,2025-02-06,B3765,98,Warehouse-4
64335100,Amul Slim & Trim Milk 500ml,Dairy Products,Others,500ml,100,143.87,286,171,Hansen Ltd,10,2025-09-22,Ambient,2025-05-09,B9110,136,Warehouse-3
53074058,Amul Cheddar Cheese 200g,Cheese & Cheese Products,Cheddar Cheese,200g,500,609.55,223,529,"Velazquez, Vazquez and Smith",19,2025-11-19,Cold Storage,2024-12-09,B1090,345,Warehouse-5
46612151,Amul Processed Cheese Cube 200g,Cheese & Cheese Products,Processed Cheese,200g,238,312.05,371,776,"Taylor, Morris and Rodriguez",24,2025-01-04,Refrigerated,2024-10-02,B5666,94,Warehouse-5
43280889,Amul Malai Paneer 1kg,Dairy Products,Paneer Blocks,1kg,100,110.69,381,809,Suarez Inc,7,2025-09-28,Cold Storage,2025-05-21,B5891,130,Warehouse-8
62232487,Amul Milk Chocolate 150g,Chocolates,Milk Chocolate,150g,115,155.18,429,947,"Alvarez, Dunn and Bean",18,2025-07-23,Ambient,2024-12-08,B3719,227,Warehouse-4
14701085,Amul Kool Elaichi Milk 200ml,Beverages,Lassi,200ml,120,157.08,321,198,Bruce-Norman,14,2025-12-28,Hot Storage,2025-03-19,B2006,284,Warehouse-1
58937020,Amul Chocolate Brownie 100g,Bakery Items,Others,100g,218,320.01,287,129,"Huff, Rivera and Carter",28,2025-08-03,Refrigerated,2025-03-11,B7209,145,Warehouse-3
81997831,Amul Cheese Crackers 120g,Snacks & Savories,Others,120g,509,672.3,169,335,Johnson-Ward,13,2026-06-19,Room Temperature,2025-06-24,B4268,360,Warehouse-4
14701085,Amul Kool Elaichi Milk 200ml,Beverages,Lassi,200ml,120,133.17,360,219,"Larson, Evans and Alvarez",14,2025-02-10,Hot Storage,2024-11-30,B5346,72,Warehouse-10
42543602,Amul Choco Milk 200ml,Beverages (New Flavors),Others,200ml,301,447.26,418,458,Williams PLC,8,2025-02-11,hot & Cold Storage,2024-09-20,B5362,144,Warehouse-8
70549300,Amul Dark Chocolate 150g,Chocolates,Dark Chocolate,150g,114,155.3,388,637,"Morrison, Middleton and Salazar",9,2025-06-14,hot & Cold Storage,2025-01-18,B7015,147,Warehouse-3
91503640,Amul Spiced Buttermilk 500ml,Dairy Products,Others,500ml,99,136.16,190,669,"Malone, Meyer and Evans",27,2025-07-15,Room Temperature,2024-12-11,B7843,216,Warehouse-1
70167474,Amul Frozen Paratha 400g,Bakery & Frozen,Frozen Paratha,400g,250,371.72,405,265,"Cohen, Garcia and Horton",27,2025-09-01,Chilled,2025-06-30,B4989,63,Warehouse-9
69924743,Amul Shrikhand Mango 500g,Specialty Products,Others,500g,400,489.07,469,309,Ibarra Group,23,2024-12-29,Ambient,2024-11-12,B4204,47,Warehouse-4
7241154,Amul Rajbhog Ice Cream 1L,Ice Creams,Premium Ice Cream,1L,300,443.69,422,563,Payne LLC,8,2025-07-24,Room Temperature,2025-06-08,B6834,46,Warehouse-5
26980737,Amul Tru Orange Juice 200ml,Beverages,Juice,200ml,116,173.22,473,678,Cabrera Ltd,18,2024-11-14,Hot Storage,2024-09-19,B1471,56,Warehouse-9
97241768,Amul Chocolate Ice Cream 1L,Ice Creams,Premium Ice Cream,1L,300,354.45,468,685,Brown and Sons,30,2025-11-22,Cold Storage,2025-02-20,B9153,275,Warehouse-6
88384214,Amul Lite Spread 250g,Butter & Spreads,Cheese Spread,250g,54,67.89,233,236,Hernandez LLC,5,2025-03-26,Frozen,2024-11-22,B5602,124,Warehouse-1
31256377,Amul Happy Treats Veggie Stix 400g,Others,Others,400g,500,699.68,101,488,"Phillips, Guzman and Wilson",10,2025-12-12,Ambient,2024-12-31,B1820,346,Warehouse-5
58937020,Amul Chocolate Brownie 100g,Bakery Items,Others,100g,218,240.59,242,980,Meadows Group,27,2025-09-17,Refrigerated,2025-03-01,B1341,200,Warehouse-1
70134094,Amul Tru Apple Juice 200ml,Beverages,Juice,200ml,74,95.26,269,287,Wheeler Ltd,4,2025-03-18,Room Temperature,2024-12-18,B4684,90,Warehouse-9
91017437,Amul Lactose-Free Milk 1L,Dairy Products,Others,1L,100,141.66,466,282,Chase and Sons,12,2026-03-03,Frozen,2025-08-17,B1243,198,Warehouse-4
69924743,Amul Shrikhand Mango 500g,Specialty Products,Others,500g,400,568.11,250,997,Kelly-Wong,14,2026-01-13,Ambient,2025-01-15,B5613,363,Warehouse-2
206846,Amul Cooking Butter 500g,Ghee & Cooking Essentials,Cooking Ghee,500g,800,1013.7,163,703,Garcia PLC,11,2025-12-26,Hot Storage,2025-02-15,B7721,314,Warehouse-1
18798487,Amul Cheese Danish 120g,Bakery Items,Others,120g,53,68.13,189,494,"Rodriguez, Hurley and Simmons",16,2025-05-09,Cold Storage,2025-02-05,B1270,93,Warehouse-5
71579542,Amul Mystic Mocha Chocolate 150g,Chocolates,Dark Chocolate,150g,30,41.59,420,200,Francis Ltd,4,2026-02-18,Cold Storage,2025-03-18,B7252,337,Warehouse-3
62882309,Amul Frozen Paneer Tikka 500g,Bakery & Frozen,Frozen Paratha,500g,250,361.95,324,946,Wagner-Osborne,28,2026-03-31,Hot Storage,2025-07-31,B7335,243,Warehouse-3
91017437,Amul Lactose-Free Milk 1L,Dairy Products,Others,1L,100,114.19,108,318,Clayton Inc,20,2025-05-18,Frozen,2024-12-18,B7489,151,Warehouse-5
25032666,Amul Gold Milk 1L,Dairy Products,Others,1L,100,149.08,259,642,Ramirez-Burch,7,2025-06-25,Frozen,2024-09-10,B2968,288,Warehouse-9
58937020,Amul Chocolate Brownie 100g,Bakery Items,Others,100g,218,264.12,428,553,Oliver PLC,2,2025-05-05,Refrigerated,2025-01-17,B6230,108,Warehouse-9
18009972,Amul Organic Ghee 500ml,Others,Others,500ml,500,744.75,172,611,Tran Group,18,2025-05-31,Chilled,2025-04-23,B6185,38,Warehouse-9
46612151,Amul Processed Cheese Cube 200g,Cheese & Cheese Products,Processed Cheese,200g,238,268.1,397,279,"Martin, Higgins and Anderson",17,2026-04-09,Refrigerated,2025-07-21,B6393,262,Warehouse-10
14921131,Amul Cheesy Corn Puffs 150g,Snacks & Savories,Others,150g,550,632.39,411,940,Hampton Inc,18,2026-03-29,Refrigerated,2025-04-28,B9859,335,Warehouse-4
51772550,Amul Pizza Base 200g,Bakery & Frozen,Pizza Base,200g,250,370.74,453,319,"Lambert, Hinton and Davis",10,2025-04-12,Chilled,2025-02-04,B2600,67,Warehouse-8
206846,Amul Cooking Butter 500g,Ghee & Cooking Essentials,Cooking Ghee,500g,800,1114.57,278,906,"Dunlap, Manning and Martin",23,2025-05-02,Hot Storage,2024-08-27,B1762,248,Warehouse-5
37505707,Amul Choco Chips Ice Cream 1L,Ice Creams,Premium Ice Cream,1L,300,349.89,245,681,Cole-Craig,22,2026-07-03,Cold Storage,2025-07-20,B5146,348,Warehouse-7
25444452,Amul Ice Cream Cake 1kg,Others,Others,1kg,500,603.01,293,438,Simpson and Sons,5,2025-08-13,hot & Cold Storage,2025-05-23,B4975,82,Warehouse-1
34223963,Amul Vanilla Muffin 90g,Bakery Items,Others,90g,51,56.75,380,307,"Ewing, Anderson and Garza",10,2025-08-24,hot & Cold Storage,2024-11-13,B1994,284,Warehouse-2
71579542,Amul Mystic Mocha Chocolate 150g,Chocolates,Dark Chocolate,150g,30,44.42,127,990,Jones-Gray,1,2025-08-07,Cold Storage,2025-03-26,B1634,134,Warehouse-9
33992976,Amul Probiotic Dahi 400g,Probiotic & Health Range,Probiotic Curd,400g,250,283.66,275,224,Miller LLC,7,2025-05-07,Frozen,2025-01-11,B5769,116,Warehouse-10
79291279,Amul Butter 500g,Butter & Spreads,Salted Butter,500g,200,232.61,230,589,Sanchez and Sons,22,2025-07-05,Chilled,2025-01-26,B7022,160,Warehouse-8
83184284,Amul Kool Koko 200ml,Beverages,Others,200ml,120,172.35,310,930,Nguyen and Sons,30,2025-04-03,Cold Storage,2024-09-13,B7653,202,Warehouse-7
25444452,Amul Ice Cream Cake 1kg,Others,Others,1kg,500,693.25,181,641,Estrada LLC,20,2025-08-26,hot & Cold Storage,2025-06-06,B3867,81,Warehouse-5
72940877,Amul Butter Cookies 200g,Others,Others,200g,500,614.92,476,530,Dougherty-Walker,27,2025-10-01,Ambient,2025-08-10,B4222,52,Warehouse-10
83734632,Amul Cheese Spread Yummy Plain 200g,Butter & Spreads,Cheese Spread,200g,177,258.78,349,369,Gates-Fuller,6,2024-10-12,Ambient,2024-09-15,B4749,27,Warehouse-9
21750991,Amul Greek Yogurt Strawberry 100g,Probiotic & Health Range,Greek Yogurt,100g,223,290.68,316,261,"Lowery, Turner and Diaz",25,2024-09-27,hot & Cold Storage,2024-09-04,B7571,23,Warehouse-6
18439717,Amul Frozen Cheese Corn Nuggets 400g,Bakery & Frozen,Frozen Sweets,400g,250,363.47,488,321,"Lewis, Davis and Roman",14,2026-01-05,Cold Storage,2025-07-01,B3343,188,Warehouse-4
83184284,Amul Kool Koko 200ml,Beverages,Others,200ml,120,147.5,350,896,"Ewing, Donaldson and Gates",29,2026-02-14,Cold Storage,2025-05-05,B7830,285,Warehouse-8
13006228,Amul Dark Chocolate Ice Cream 1L,Ice Creams,Premium Ice Cream,1L,300,393.53,198,999,"Heath, Rivers and Maddox",25,2025-09-23,Hot Storage,2024-12-14,B4728,283,Warehouse-5
80405061,Amul A2 Cow Milk 1L,Others,Others,1L,500,678.3,387,714,Simmons-Jones,13,2025-01-13,Refrigerated,2024-11-06,B7594,68,Warehouse-6
12571772,Amul Basundi 1L,Specialty Products,Others,1L,400,442.65,306,206,Adams PLC,1,2026-05-25,hot & Cold Storage,2025-05-29,B5873,361,Warehouse-8
45007361,Amul Vanilla Ice Cream 1L,Ice Creams,Premium Ice Cream,1L,149,208.83,388,740,Robinson-Moore,13,2025-11-28,hot & Cold Storage,2025-03-04,B6354,269,Warehouse-3
18439717,Amul Frozen Cheese Corn Nuggets 400g,Bakery & Frozen,Frozen Sweets,400g,250,340.18,321,427,Jefferson-Reynolds,5,2026-02-08,Cold Storage,2025-05-15,B4625,269,Warehouse-3
81837793,Amul Low Fat Yogurt 100g,Health & Nutrition,Others,100g,436,501.77,320,663,Wood Ltd,26,2024-12-23,Hot Storage,2024-11-25,B7826,28,Warehouse-7
80016687,Amul Butter 100g,Butter & Spreads,Salted Butter,100g,198,226.98,217,184,Schwartz-Jones,22,2025-01-03,Refrigerated,2024-09-13,B9159,112,Warehouse-7
41910047,Amul Gold UHT Milk 1L,UHT & Long Life,Others,1L,150,194.44,428,287,King-Houston,10,2025-09-30,Chilled,2025-04-25,B3341,158,Warehouse-4
54796676,Amul White Butter 500g,Ghee & Cooking Essentials,Others,500g,800,973.4,404,716,Hall Group,1,2026-02-11,hot & Cold Storage,2025-06-28,B9461,228,Warehouse-3
84729804,Amul Greek Yogurt Mango 100g,Probiotic & Health Range,Greek Yogurt,100g,178,244.56,334,454,Simpson-Wagner,13,2025-07-20,Room Temperature,2025-06-05,B1985,45,Warehouse-10
28937579,Amul Chocolate Donut 80g,Bakery Items,Others,80g,429,629.55,430,736,Baker Ltd,20,2025-07-27,Refrigerated,2024-12-15,B5563,224,Warehouse-5
4664321,Amul Buttermilk Masala 200ml,Beverages (New Flavors),Others,200ml,600,671.55,443,374,"Berry, Martinez and Cooper",29,2025-12-24,Hot Storage,2025-04-15,B4936,253,Warehouse-2
91503640,Amul Spiced Buttermilk 500ml,Dairy Products,Others,500ml,99,117.85,196,959,"Robinson, Cooper and Bean",19,2025-08-31,Room Temperature,2025-08-07,B2698,24,Warehouse-4
18798487,Amul Cheese Danish 120g,Bakery Items,Others,120g,53,68.02,282,193,Jackson Group,30,2025-06-02,Cold Storage,2025-03-15,B1113,79,Warehouse-7
12337385,Amul Shrikhand Elaichi 500g,Specialty Products,Others,500g,400,597.01,171,262,"Cannon, Lang and Morgan",25,2025-05-24,Ambient,2024-08-26,B4473,271,Warehouse-9
71235158,Amul Strawberry Lassi 250ml,Beverages (New Flavors),Others,250ml,600,892.71,280,390,Gray-Gray,20,2026-03-13,Refrigerated,2025-07-11,B7111,245,Warehouse-9
59239307,Amul Mozzarella Cheese 200g,Cheese & Cheese Products,Mozzarella Cheese,200g,500,689.92,239,792,Campbell Inc,26,2025-11-04,Room Temperature,2025-05-08,B6615,180,Warehouse-7
64335100,Amul Slim & Trim Milk 500ml,Dairy Products,Others,500ml,100,116.12,344,415,Wilkerson-Myers,28,2025-02-26,Ambient,2025-01-04,B1857,53,Warehouse-6
82806583,Amul Cheese Tin 500g,Others,Others,500g,500,555.79,202,923,Gonzales-Joseph,29,2025-02-18,Frozen,2024-09-11,B5851,160,Warehouse-5
81837793,Amul Low Fat Yogurt 100g,Health & Nutrition,Others,100g,436,484.58,105,530,White-Bernard,8,2025-04-16,Hot Storage,2025-01-25,B2463,81,Warehouse-2
70134094,Amul Tru Apple Juice 200ml,Beverages,Juice,200ml,74,92.86,331,526,"Cantrell, Knight and Robinson",29,2025-06-11,Room Temperature,2024-10-30,B1670,224,Warehouse-1
91503640,Amul Spiced Buttermilk 500ml,Dairy Products,Others,500ml,99,113.01,461,754,Fischer LLC,15,2025-08-27,Room Temperature,2025-07-20,B9410,38,Warehouse-7
62232487,Amul Milk Chocolate 150g,Chocolates,Milk Chocolate,150g,115,162.32,446,756,"Johnson, Ortiz and Dillon",9,2025-11-27,Ambient,2025-03-03,B2547,269,Warehouse-3
82147020,Amul Almond Bar 40g,Chocolates,Others,40g,57,65.16,447,954,Moreno-Flores,28,2025-09-04,Room Temperature,2025-01-10,B7720,237,Warehouse-3
11289388,Amul Rasmalai 500g,Specialty Products,Others,500g,400,586.98,147,346,Franklin PLC,9,2025-06-08,Frozen,2024-10-26,B2336,225,Warehouse-4
97241768,Amul Chocolate Ice Cream 1L,Ice Creams,Premium Ice Cream,1L,300,383.32,400,960,"Moore, Smith and Wilson",24,2026-03-12,Cold Storage,2025-03-22,B9982,355,Warehouse-2
72940877,Amul Butter Cookies 200g,Others,Others,200g,500,554.33,187,361,"York, Haas and Mendez",6,2025-11-12,Ambient,2025-08-12,B7828,92,Warehouse-10
18009972,Amul Organic Ghee 500ml,Others,Others,500ml,500,638.21,489,985,"Williams, Williams and Wolf",14,2024-12-10,Chilled,2024-09-15,B3837,86,Warehouse-10
26598550,Amul Masti Buttermilk 500ml,Dairy Products,Others,500ml,100,137.39,246,513,Johnson LLC,5,2025-03-19,Chilled,2024-08-25,B2160,206,Warehouse-1
42543602,Amul Choco Milk 200ml,Beverages (New Flavors),Others,200ml,301,364.23,241,873,Hogan-Ortega,17,2025-07-19,hot & Cold Storage,2025-03-23,B9972,118,Warehouse-5
16994393,Amul Taaza Milk 1L,Dairy Products,Others,1L,100,113.44,298,948,"Mata, Rojas and Martinez",11,2025-09-23,Hot Storage,2025-02-05,B8746,230,Warehouse-4
93245593,Amul Multigrain Dahi 200g,Health & Nutrition,Others,200g,158,212.28,154,545,"Park, Schultz and Jones",1,2025-06-23,Cold Storage,2024-10-06,B9228,260,Warehouse-3
13006228,Amul Dark Chocolate Ice Cream 1L,Ice Creams,Premium Ice Cream,1L,300,424.64,317,682,Nguyen and Sons,20,2025-02-07,Hot Storage,2024-12-26,B3633,43,Warehouse-4
71235158,Amul Strawberry Lassi 250ml,Beverages (New Flavors),Others,250ml,600,767.72,150,893,"Coleman, Andrews and Smith",19,2025-11-14,Refrigerated,2025-08-01,B7629,105,Warehouse-2
36576395,Amul Kool Café Can 250ml,Others,Others,250ml,500,713.69,173,814,Foster Ltd,3,2025-08-02,Ambient,2025-01-02,B8845,212,Warehouse-4
68165390,Amul Kool Café 200ml,Beverages,Others,200ml,51,66.48,340,768,Garcia-Conway,5,2024-12-16,Cold Storage,2024-11-19,B3775,27,Warehouse-6
18315080,Amul Paneer 200g,Dairy Products,Paneer Cubes,200g,61,88.6,217,857,"Mosley, Johnson and Gallegos",16,2025-03-05,Hot Storage,2024-09-18,B7079,168,Warehouse-4
43726257,Amul Shrikhand Kesar 500g,Specialty Products,Others,500g,400,450.71,104,149,Hines-Mason,5,2024-12-31,Room Temperature,2024-10-26,B4452,66,Warehouse-3
57348568,Amul Peanut Spread Creamy 200g,Butter & Spreads,Cheese Spread,200g,51,58.5,268,624,Larson PLC,4,2025-03-10,Refrigerated,2025-01-29,B3206,40,Warehouse-1
23548091,Amul Chocozoo Kids Pack 250g,Chocolates,Milk Chocolate,250g,150,204.36,206,878,"Kelley, Rodriguez and Salazar",5,2026-02-06,Cold Storage,2025-08-07,B5593,183,Warehouse-3
54796676,Amul White Butter 500g,Ghee & Cooking Essentials,Others,500g,800,1115.42,154,399,Murphy LLC,6,2025-09-29,hot & Cold Storage,2025-05-28,B1588,124,Warehouse-10
18315080,Amul Paneer 200g,Dairy Products,Paneer Cubes,200g,61,78.57,297,494,"Jackson, May and Morrison",22,2025-08-26,Hot Storage,2025-01-03,B8222,235,Warehouse-6
41910047,Amul Gold UHT Milk 1L,UHT & Long Life,Others,1L,150,215.0,169,970,Meyers-Graves,11,2026-01-29,Chilled,2025-05-28,B2348,246,Warehouse-5
18798487,Amul Cheese Danish 120g,Bakery Items,Others,120g,53,68.4,246,473,Lane-Wood,28,2025-02-13,Cold Storage,2024-10-27,B7451,109,Warehouse-1
64335100,Amul Slim & Trim Milk 500ml,Dairy Products,Others,500ml,100,133.5,201,259,"Fowler, Hall and Rowe",17,2024-12-28,Ambient,2024-11-22,B2047,36,Warehouse-9
69924743,Amul Shrikhand Mango 500g,Specialty Products,Others,500g,400,545.97,372,515,"Horn, Klein and Gonzalez",11,2026-01-14,Ambient,2025-07-23,B5808,175,Warehouse-7
61133075,Amul Butter Croissant 80g,Bakery Items,Others,80g,187,237.14,333,614,Key Ltd,8,2025-10-24,Hot Storage,2025-01-27,B1770,270,Warehouse-7
34223963,Amul Vanilla Muffin 90g,Bakery Items,Others,90g,51,75.19,460,776,Sheppard PLC,11,2025-10-10,hot & Cold Storage,2025-03-04,B3565,220,Warehouse-7
44564353,Amul Fresh Cream 250ml,Dairy Products,Others,250ml,100,125.0,212,383,Williams PLC,16,2025-08-19,Room Temperature,2025-02-17,B2945,183,Warehouse-5
62882309,Amul Frozen Paneer Tikka 500g,Bakery & Frozen,Frozen Paratha,500g,250,279.06,448,883,"Wallace, Gonzalez and Johnson",29,2025-07-26,Hot Storage,2025-06-02,B9552,54,Warehouse-1
24078757,Amul Kesar Pista Ice Cream 1L,Ice Creams,Premium Ice Cream,1L,300,391.34,152,584,Rasmussen-Welch,20,2026-05-29,hot & Cold Storage,2025-06-02,B7815,361,Warehouse-9
70549300,Amul Dark Chocolate 150g,Chocolates,Dark Chocolate,150g,114,152.9,499,430,Jones Inc,16,2025-06-01,hot & Cold Storage,2025-02-16,B8653,105,Warehouse-10
35651383,Amul India Twilight Tryst 150g,Chocolates,Others,150g,150,186.23,252,535,Sanchez-Brown,9,2025-12-20,Hot Storage,2025-07-03,B9766,170,Warehouse-3
69924743,Amul Shrikhand Mango 500g,Specialty Products,Others,500g,400,563.37,342,911,"Johnson, Rodriguez and Watson",12,2025-07-04,Ambient,2024-12-05,B7947,211,Warehouse-10
64935768,Amul Mithai Gulab Jamun Tin 1kg,Specialty Products,Others,1kg,400,549.69,174,310,Bennett Ltd,29,2025-11-20,Room Temperature,2025-02-16,B5047,277,Warehouse-1
23548091,Amul Chocozoo Kids Pack 250g,Chocolates,Milk Chocolate,250g,150,204.3,339,957,Riggs PLC,13,2026-01-11,Cold Storage,2025-07-11,B9350,184,Warehouse-6
11071426,Amul Buffalo Ghee 1L,Ghee & Cooking Essentials,Buffalo Ghee,1L,703,1033.08,282,127,Maxwell-Powell,25,2025-02-04,Hot Storage,2025-01-24,B5541,11,Warehouse-4
51783426,Amul Cold Coffee 200ml,Beverages (New Flavors),Others,200ml,375,513.84,195,226,"Gordon, Parsons and Shaw",15,2025-03-22,Refrigerated,2024-10-29,B4731,144,Warehouse-3
16367289,Amul Strawberry Magic 750ml,Ice Creams,Others,750ml,300,414.02,159,444,Montoya-Johnson,1,2025-05-13,Ambient,2024-08-25,B2867,261,Warehouse-10
57348568,Amul Peanut Spread Creamy 200g,Butter & Spreads,Cheese Spread,200g,51,70.18,325,768,Young Inc,9,2026-03-16,Refrigerated,2025-05-28,B4435,292,Warehouse-10
93020688,Amul Cheese Spread Garlic 200g,Butter & Spreads,Cheese Spread,200g,200,263.11,269,495,Williams Inc,13,2025-05-31,Refrigerated,2024-11-27,B1177,185,Warehouse-9
24078757,Amul Kesar Pista Ice Cream 1L,Ice Creams,Premium Ice Cream,1L,300,337.17,492,920,Cruz-Davis,19,2025-07-06,hot & Cold Storage,2025-04-19,B9622,78,Warehouse-10
53074058,Amul Cheddar Cheese 200g,Cheese & Cheese Products,Cheddar Cheese,200g,500,673.14,278,686,Martin Inc,23,2025-10-15,Cold Storage,2024-11-25,B3507,324,Warehouse-10
69924743,Amul Shrikhand Mango 500g,Specialty Products,Others,500g,400,499.22,422,140,"Coleman, Johnson and Brown",6,2026-04-12,Ambient,2025-06-23,B1080,293,Warehouse-8
6094027,Amul Kool Flavoured Milk Bottle 200ml,Beverages,Flavored Milk Drink,200ml,120,148.46,409,740,Wright-Vega,3,2025-11-09,Cold Storage,2025-05-22,B2348,171,Warehouse-6
14415647,Amul Kool Rose Milk 200ml,Beverages,Others,200ml,120,137.15,212,626,Morrison-Turner,11,2026-02-28,Room Temperature,2025-08-14,B6134,198,Warehouse-1
93684965,Amul Mithai Mate UHT 200g,UHT & Long Life,Others,200g,150,192.99,292,823,"Salazar, Ruiz and Tucker",3,2025-10-10,hot & Cold Storage,2025-02-09,B1608,243,Warehouse-5
81997831,Amul Cheese Crackers 120g,Snacks & Savories,Others,120g,509,633.79,490,434,"Price, Evans and Knight",8,2025-11-16,Room Temperature,2025-01-29,B5944,291,Warehouse-7
51783426,Amul Cold Coffee 200ml,Beverages (New Flavors),Others,200ml,375,415.3,490,281,"Schroeder, Hobbs and Perry",11,2025-06-23,Refrigerated,2025-03-26,B9130,89,Warehouse-8
82147020,Amul Almond Bar 40g,Chocolates,Others,40g,57,84.04,159,175,"Jennings, Ryan and Vang",8,2026-04-07,Room Temperature,2025-07-14,B9029,267,Warehouse-3
62232487,Amul Milk Chocolate 150g,Chocolates,Milk Chocolate,150g,115,152.52,261,357,Scott-Crawford,22,2025-05-03,Ambient,2025-02-07,B8922,85,Warehouse-7
16443921,Amul Fruit & Nut Chocolate 150g,Chocolates,Fruit & Nut Chocolate,150g,150,209.77,130,329,"Patterson, Smith and Shepherd",6,2025-12-09,hot & Cold Storage,2025-01-03,B5102,340,Warehouse-1
46612151,Amul Processed Cheese Cube 200g,Cheese & Cheese Products,Processed Cheese,200g,238,272.18,434,713,Morton-Drake,6,2025-10-11,Refrigerated,2025-07-01,B5490,102,Warehouse-7
83184284,Amul Kool Koko 200ml,Beverages,Others,200ml,120,179.16,420,613,Harrell-Shelton,16,2025-09-28,Cold Storage,2025-04-27,B6399,154,Warehouse-9
88384214,Amul Lite Spread 250g,Butter & Spreads,Cheese Spread,250g,54,61.21,461,192,"Peterson, Reyes and Mays",16,2025-10-03,Frozen,2024-11-03,B7016,334,Warehouse-6
36576395,Amul Kool Café Can 250ml,Others,Others,250ml,500,643.3,184,395,Figueroa-Griffin,16,2025-07-26,Ambient,2025-04-07,B4209,110,Warehouse-4
81997831,Amul Cheese Crackers 120g,Snacks & Savories,Others,120g,509,692.26,159,925,Allen Inc,5,2026-04-01,Room Temperature,2025-04-18,B3642,348,Warehouse-6
1148473,Amul Camel Milk 500ml,Others,Others,500ml,500,712.88,406,739,Cook Inc,19,2025-04-14,Frozen,2024-11-19,B9458,146,Warehouse-10
93020688,Amul Cheese Spread Garlic 200g,Butter & Spreads,Cheese Spread,200g,200,246.15,467,261,"Price, Compton and King",29,2025-07-18,Refrigerated,2025-02-04,B4008,164,Warehouse-6
43280889,Amul Malai Paneer 1kg,Dairy Products,Paneer Blocks,1kg,100,132.4,347,313,"Jensen, Parker and Johnson",5,2025-07-04,Cold Storage,2024-11-18,B4191,228,Warehouse-2
46612151,Amul Processed Cheese Cube 200g,Cheese & Cheese Products,Processed Cheese,200g,238,319.18,350,383,Anderson PLC,16,2025-09-13,Refrigerated,2024-10-18,B5581,330,Warehouse-1
18315080,Amul Paneer 200g,Dairy Products,Paneer Cubes,200g,61,90.67,206,655,Ortiz-Johnston,25,2025-07-26,Hot Storage,2025-04-12,B4460,105,Warehouse-5
11288909,Amul Mithai Mate Condensed Milk 400g,Dairy Products,Others,400g,100,128.08,116,142,"Wiggins, Webb and Powell",6,2025-01-25,Frozen,2024-12-20,B9727,36,Warehouse-10
31256377,Amul Happy Treats Veggie Stix 400g,Others,Others,400g,500,605.3,182,837,Cortez Group,15,2025-08-27,Ambient,2025-03-26,B1735,154,Warehouse-7
33992976,Amul Probiotic Dahi 400g,Probiotic & Health Range,Probiotic Curd,400g,250,358.76,342,156,Henry-Williams,3,2025-02-23,Frozen,2024-11-09,B6088,106,Warehouse-6
68137847,Amul Kulfi 60ml,Ice Creams,Kulfi,60ml,107,122.7,152,651,Curry-Andrews,8,2026-02-17,Room Temperature,2025-08-02,B5457,199,Warehouse-2
61133075,Amul Butter Croissant 80g,Bakery Items,Others,80g,187,257.1,118,640,Cunningham Ltd,8,2025-02-18,Hot Storage,2025-01-09,B6693,40,Warehouse-3
81837793,Amul Low Fat Yogurt 100g,Health & Nutrition,Others,100g,436,630.59,345,159,Long-Long,27,2024-11-14,Hot Storage,2024-08-31,B3638,75,Warehouse-3
14909382,Amul Cassata Slice 120ml,Ice Creams,Others,120ml,56,78.38,138,201,Hicks-Sheppard,27,2025-10-14,hot & Cold Storage,2025-05-23,B4614,144,Warehouse-5
5752287,Amul Camel Milk Chocolate 150g,Others,Others,150g,123,160.22,449,191,Rodriguez-Lynn,2,2025-04-18,hot & Cold Storage,2024-12-23,B1657,116,Warehouse-7
70415490,Amul Frozen Veggie Burger Patty 500g,Bakery & Frozen,Frozen Sweets,500g,250,337.01,191,816,"Stephenson, Reese and Hall",11,2025-10-19,Room Temperature,2025-05-27,B1947,145,Warehouse-8
7241154,Amul Rajbhog Ice Cream 1L,Ice Creams,Premium Ice Cream,1L,300,365.31,287,872,Moody Inc,6,2025-07-30,Room Temperature,2024-12-26,B6718,216,Warehouse-8
18009972,Amul Organic Ghee 500ml,Others,Others,500ml,500,564.49,144,518,"Campbell, Howe and Ruiz",8,2025-12-24,Chilled,2025-08-07,B9787,139,Warehouse-6
45007361,Amul Vanilla Ice Cream 1L,Ice Creams,Premium Ice Cream,1L,149,210.84,416,150,Friedman PLC,13,2025-08-20,hot & Cold Storage,2024-09-11,B7596,343,Warehouse-8
13006228,Amul Dark Chocolate Ice Cream 1L,Ice Creams,Premium Ice Cream,1L,300,404.02,150,503,Perez Ltd,19,2025-06-17,Hot Storage,2025-04-12,B8673,66,Warehouse-7
91980489,Amul Masala Peanuts 250g,Snacks & Savories,Others,250g,258,355.69,317,403,"Dickson, Peterson and Ingram",20,2026-01-18,Cold Storage,2025-06-07,B4581,225,Warehouse-4
25444452,Amul Ice Cream Cake 1kg,Others,Others,1kg,500,635.82,287,411,Miller-Clark,15,2025-09-11,hot & Cold Storage,2024-12-02,B4301,283,Warehouse-5
68137847,Amul Kulfi 60ml,Ice Creams,Kulfi,60ml,107,144.31,337,421,Douglas-Peterson,5,2026-01-10,Room Temperature,2025-07-03,B6209,191,Warehouse-1
81837793,Amul Low Fat Yogurt 100g,Health & Nutrition,Others,100g,436,525.88,345,805,Hill-Morgan,28,2024-12-20,Hot Storage,2024-10-07,B8496,74,Warehouse-8
4957799,Amul Masti Dahi 400g,Probiotic & Health Range,Misti Doi,400g,250,338.4,124,640,Hurst Group,29,2025-11-18,Cold Storage,2025-03-23,B7759,240,Warehouse-5
26598550,Amul Masti Buttermilk 500ml,Dairy Products,Others,500ml,100,130.37,233,808,"Lewis, Owens and Johnson",16,2025-02-22,Chilled,2024-08-26,B1685,180,Warehouse-4
79291279,Amul Butter 500g,Butter & Spreads,Salted Butter,500g,200,286.23,366,504,"Rodriguez, Wallace and Wilson",14,2025-10-31,Chilled,2025-05-05,B8081,179,Warehouse-7
45007361,Amul Vanilla Ice Cream 1L,Ice Creams,Premium Ice Cream,1L,149,188.79,183,592,"Rodriguez, Kirk and Miller",9,2025-12-11,hot & Cold Storage,2025-05-28,B4515,197,Warehouse-1
13006228,Amul Dark Chocolate Ice Cream 1L,Ice Creams,Premium Ice Cream,1L,300,419.78,338,748,Summers-Ball,10,2025-10-13,Hot Storage,2025-06-27,B2759,108,Warehouse-7
70167474,Amul Frozen Paratha 400g,Bakery & Frozen,Frozen Paratha,400g,250,301.09,104,965,"Sanchez, Baker and Calderon",3,2024-11-01,Chilled,2024-10-24,B7455,8,Warehouse-9
53074058,Amul Cheddar Cheese 200g,Cheese & Cheese Products,Cheddar Cheese,200g,500,744.95,286,514,Harris-Hunter,29,2025-07-17,Cold Storage,2025-01-13,B1084,185,Warehouse-5
16994393,Amul Taaza Milk 1L,Dairy Products,Others,1L,100,127.21,169,986,Brown-Meadows,14,2025-11-16,Hot Storage,2025-03-23,B5900,238,Warehouse-2
80405061,Amul A2 Cow Milk 1L,Others,Others,1L,500,568.4,482,752,"Barber, Merritt and Tran",10,2025-07-06,Refrigerated,2025-01-15,B5101,172,Warehouse-3
81997831,Amul Cheese Crackers 120g,Snacks & Savories,Others,120g,509,670.63,248,619,"Wyatt, Watson and Shepherd",10,2025-09-13,Room Temperature,2025-02-06,B9756,219,Warehouse-10
11071426,Amul Buffalo Ghee 1L,Ghee & Cooking Essentials,Buffalo Ghee,1L,703,851.89,192,835,"Carpenter, Combs and Whitney",7,2024-10-20,Hot Storage,2024-10-13,B2862,7,Warehouse-6
41910047,Amul Gold UHT Milk 1L,UHT & Long Life,Others,1L,150,198.22,441,984,Griffin-Johnson,5,2025-06-06,Chilled,2024-12-14,B8794,174,Warehouse-4
71579542,Amul Mystic Mocha Chocolate 150g,Chocolates,Dark Chocolate,150g,30,37.04,337,256,"Miles, Burnett and Cooper",11,2026-04-18,Cold Storage,2025-07-24,B3213,268,Warehouse-1
5752287,Amul Camel Milk Chocolate 150g,Others,Others,150g,123,165.04,109,707,Smith PLC,9,2026-03-09,hot & Cold Storage,2025-07-23,B3246,229,Warehouse-3
33992976,Amul Probiotic Dahi 400g,Probiotic & Health Range,Probiotic Curd,400g,250,320.49,127,919,Huff-Clark,27,2025-12-08,Frozen,2025-08-20,B6870,110,Warehouse-2
45007361,Amul Vanilla Ice Cream 1L,Ice Creams,Premium Ice Cream,1L,149,187.17,129,774,"Jackson, Rodriguez and Long",9,2025-08-24,hot & Cold Storage,2025-08-07,B1511,17,Warehouse-8
70549300,Amul Dark Chocolate 150g,Chocolates,Dark Chocolate,150g,114,138.98,325,169,Bartlett-Nunez,19,2025-08-28,hot & Cold Storage,2025-08-05,B1541,23,Warehouse-5
97241768,Amul Chocolate Ice Cream 1L,Ice Creams,Premium Ice Cream,1L,300,437.4,108,695,Simpson-Cervantes,21,2025-09-11,Cold Storage,2025-06-28,B8452,75,Warehouse-4
26980737,Amul Tru Orange Juice 200ml,Beverages,Juice,200ml,116,153.8,480,164,Freeman Inc,8,2026-02-26,Hot Storage,2025-04-02,B9459,330,Warehouse-6
63607529,Amul Emmental Cheese 200g,Cheese & Cheese Products,Emmental Cheese,200g,500,569.12,389,330,"Herrera, Nichols and Potter",28,2025-04-19,Refrigerated,2025-01-23,B8507,86,Warehouse-3
62882309,Amul Frozen Paneer Tikka 500g,Bakery & Frozen,Frozen Paratha,500g,250,367.84,474,214,"Brown, Long and Roberts",15,2025-07-21,Hot Storage,2025-03-05,B1231,138,Warehouse-6
41910047,Amul Gold UHT Milk 1L,UHT & Long Life,Others,1L,150,186.58,294,477,Cabrera Inc,5,2025-11-10,Chilled,2025-02-16,B8741,267,Warehouse-8
40563084,Amul Pure Ghee 500ml,Ghee & Cooking Essentials,Cow Ghee,500ml,411,523.7,323,336,"Jackson, Brown and Ayala",19,2025-07-20,Room Temperature,2025-04-28,B8699,83,Warehouse-7
23548091,Amul Chocozoo Kids Pack 250g,Chocolates,Milk Chocolate,250g,150,210.75,294,381,"Young, Berg and Thomas",8,2025-09-11,Cold Storage,2025-04-15,B6536,149,Warehouse-2
40563084,Amul Pure Ghee 500ml,Ghee & Cooking Essentials,Cow Ghee,500ml,411,559.63,474,703,White PLC,21,2025-06-24,Room Temperature,2024-09-03,B1156,294,Warehouse-10
26598550,Amul Masti Buttermilk 500ml,Dairy Products,Others,500ml,100,125.36,106,149,"Whitaker, Burgess and Robinson",9,2026-02-01,Chilled,2025-02-10,B9683,356,Warehouse-9
56068016,Amul Fortified Milk 1L,Health & Nutrition,Others,1L,600,746.23,412,294,Ray Group,25,2026-01-10,Refrigerated,2025-04-18,B6062,267,Warehouse-7
70537390,Amul Cheese Spread Red Chilli Flakes 200g,Butter & Spreads,Cheese Spread,200g,68,78.41,300,724,"Whitaker, Galloway and Calhoun",8,2026-05-05,hot & Cold Storage,2025-08-15,B3727,263,Warehouse-4
25444452,Amul Ice Cream Cake 1kg,Others,Others,1kg,500,681.01,289,652,"Evans, Thompson and Phillips",24,2026-05-31,hot & Cold Storage,2025-08-13,B5968,291,Warehouse-3
16267619,Amul Garlic & Herbs Butter 100g,Butter & Spreads,Others,100g,50,63.2,453,540,Ross-Gilbert,29,2026-01-28,Room Temperature,2025-03-01,B9180,333,Warehouse-9
46612151,Amul Processed Cheese Cube 200g,Cheese & Cheese Products,Processed Cheese,200g,238,314.94,371,889,Gonzalez Inc,10,2025-09-16,Refrigerated,2025-04-16,B3616,153,Warehouse-10
70167474,Amul Frozen Paratha 400g,Bakery & Frozen,Frozen Paratha,400g,250,344.57,445,480,"Rivers, Morse and Garza",16,2025-09-06,Chilled,2025-06-05,B9649,93,Warehouse-5
64829395,Amul Cream Tetra Pack 250ml,UHT & Long Life,Others,250ml,150,186.79,115,175,Alexander-Carey,19,2025-12-15,hot & Cold Storage,2025-03-03,B7428,287,Warehouse-4
79291279,Amul Butter 500g,Butter & Spreads,Salted Butter,500g,200,286.07,140,760,Lester-Park,27,2026-03-03,Chilled,2025-03-10,B9478,358,Warehouse-7
25444452,Amul Ice Cream Cake 1kg,Others,Others,1kg,500,711.48,495,131,Liu Inc,30,2026-01-04,hot & Cold Storage,2025-05-10,B3274,239,Warehouse-10
62232487,Amul Milk Chocolate 150g,Chocolates,Milk Chocolate,150g,115,140.58,251,303,Hill and Sons,17,2026-02-12,Ambient,2025-02-23,B5300,354,Warehouse-5
70549300,Amul Dark Chocolate 150g,Chocolates,Dark Chocolate,150g,114,129.52,434,504,Wright-Rivas,10,2025-09-19,hot & Cold Storage,2025-07-04,B8589,77,Warehouse-9
16443921,Amul Fruit & Nut Chocolate 150g,Chocolates,Fruit & Nut Chocolate,150g,150,215.54,428,768,Mason-Gonzalez,27,2025-10-10,hot & Cold Storage,2025-01-01,B5829,282,Warehouse-3
82147020,Amul Almond Bar 40g,Chocolates,Others,40g,57,63.29,234,751,Williams-Kim,25,2025-10-14,Room Temperature,2025-04-11,B4886,186,Warehouse-10
70167474,Amul Frozen Paratha 400g,Bakery & Frozen,Frozen Paratha,400g,250,341.44,373,927,"Mitchell, Garcia and Morgan",14,2025-08-17,Chilled,2024-08-23,B6823,359,Warehouse-5
31363198,Amul Mango Lassi 250ml,Beverages (New Flavors),Others,250ml,600,665.47,298,567,Munoz-Rodriguez,16,2025-03-21,hot & Cold Storage,2024-09-25,B8847,177,Warehouse-6
16267619,Amul Garlic & Herbs Butter 100g,Butter & Spreads,Others,100g,50,58.26,121,587,Whitney-Webb,18,2025-07-16,Room Temperature,2024-12-28,B9889,200,Warehouse-4
34223963,Amul Vanilla Muffin 90g,Bakery Items,Others,90g,51,61.51,457,296,"Lewis, Taylor and Becker",24,2025-12-30,hot & Cold Storage,2025-05-28,B3828,216,Warehouse-9
78916050,Amul Gouda Cheese 200g,Cheese & Cheese Products,Gouda Cheese,200g,500,616.53,272,917,"Wilson, Harrington and Pearson",23,2025-12-19,Hot Storage,2025-06-24,B4076,178,Warehouse-10
41910047,Amul Gold UHT Milk 1L,UHT & Long Life,Others,1L,150,166.35,282,179,Mcclure Inc,27,2025-05-19,Chilled,2024-10-03,B8492,228,Warehouse-8
82806583,Amul Cheese Tin 500g,Others,Others,500g,500,595.1,286,739,Cisneros-Bridges,10,2025-08-30,Frozen,2024-09-07,B4605,357,Warehouse-8
91503640,Amul Spiced Buttermilk 500ml,Dairy Products,Others,500ml,99,130.53,410,394,"Beck, Lewis and Rodriguez",2,2026-01-29,Room Temperature,2025-07-03,B5129,210,Warehouse-7
4957799,Amul Masti Dahi 400g,Probiotic & Health Range,Misti Doi,400g,250,323.96,357,603,"Gomez, Perez and Ramirez",3,2026-01-07,Cold Storage,2025-04-01,B8716,281,Warehouse-2
37245757,Amul Spicy Potato Chips 200g,Snacks & Savories,Others,200g,54,71.58,398,159,"Mcdonald, Martinez and Obrien",19,2025-05-14,Frozen,2024-11-16,B4332,179,Warehouse-2
42543602,Amul Choco Milk 200ml,Beverages (New Flavors),Others,200ml,301,397.12,383,718,Vance-Perez,13,2026-01-27,hot & Cold Storage,2025-05-13,B1295,259,Warehouse-4
43726257,Amul Shrikhand Kesar 500g,Specialty Products,Others,500g,400,515.14,244,641,"Ramirez, Lee and Robbins",30,2025-10-01,Room Temperature,2025-05-17,B1338,137,Warehouse-9
16367289,Amul Strawberry Magic 750ml,Ice Creams,Others,750ml,300,342.92,449,509,"Fritz, Carter and Stewart",30,2025-03-19,Ambient,2024-10-26,B7723,144,Warehouse-7
25444452,Amul Ice Cream Cake 1kg,Others,Others,1kg,500,678.51,329,109,"Jackson, Rice and Hill",13,2025-08-07,hot & Cold Storage,2025-06-08,B5469,60,Warehouse-4
92496774,Amul Cheese Slices 200g,Cheese & Cheese Products,Cheese Slices,200g,357,509.83,323,598,Black-Ortega,2,2025-10-04,Frozen,2025-02-25,B5237,221,Warehouse-9
4957799,Amul Masti Dahi 400g,Probiotic & Health Range,Misti Doi,400g,250,333.7,207,182,"Olson, Campbell and Miller",7,2025-10-31,Cold Storage,2025-02-11,B3078,262,Warehouse-3
82147020,Amul Almond Bar 40g,Chocolates,Others,40g,57,73.76,265,870,Acevedo Inc,8,2025-07-25,Room Temperature,2024-10-04,B2322,294,Warehouse-3
70537390,Amul Cheese Spread Red Chilli Flakes 200g,Butter & Spreads,Cheese Spread,200g,68,76.25,358,571,Wilcox and Sons,12,2025-07-06,hot & Cold Storage,2025-05-04,B7205,63,Warehouse-10
84729804,Amul Greek Yogurt Mango 100g,Probiotic & Health Range,Greek Yogurt,100g,178,224.94,139,165,Taylor PLC,23,2024-12-23,Room Temperature,2024-12-08,B6050,15,Warehouse-4
71930565,Amul Cow Ghee 1L,Ghee & Cooking Essentials,Cow Ghee,1L,800,1083.99,224,553,Lane-Lee,1,2025-02-05,Chilled,2024-11-01,B2127,96,Warehouse-3
53074058,Amul Cheddar Cheese 200g,Cheese & Cheese Products,Cheddar Cheese,200g,500,566.56,328,913,Duncan Ltd,10,2026-03-27,Cold Storage,2025-03-30,B4749,362,Warehouse-6
83184284,Amul Kool Koko 200ml,Beverages,Others,200ml,120,147.27,255,567,Wong-Warren,15,2024-11-28,Cold Storage,2024-11-07,B1380,21,Warehouse-10
13006228,Amul Dark Chocolate Ice Cream 1L,Ice Creams,Premium Ice Cream,1L,300,433.23,439,282,Hull Ltd,19,2025-08-09,Hot Storage,2025-02-20,B9007,170,Warehouse-3
33992976,Amul Probiotic Dahi 400g,Probiotic & Health Range,Probiotic Curd,400g,250,328.32,476,822,Morgan Group,1,2026-03-29,Frozen,2025-05-13,B7116,320,Warehouse-10
26598550,Amul Masti Buttermilk 500ml,Dairy Products,Others,500ml,100,144.19,171,856,Garcia-Keith,7,2026-02-18,Chilled,2025-06-21,B8437,242,Warehouse-4
16267619,Amul Garlic & Herbs Butter 100g,Butter & Spreads,Others,100g,50,60.85,298,523,Lopez Inc,3,2025-06-11,Room Temperature,2024-12-08,B7117,185,Warehouse-1
45319204,Amul Slim UHT Milk 1L,UHT & Long Life,Others,1L,150,168.08,115,143,Fuentes Group,15,2025-08-02,Hot Storage,2024-10-10,B4860,296,Warehouse-5
81837793,Amul Low Fat Yogurt 100g,Health & Nutrition,Others,100g,436,599.84,253,158,Malone PLC,4,2025-06-08,Hot Storage,2025-03-23,B9676,77,Warehouse-10
97994268,Amul Butter Scotch Ice Cream 1L,Ice Creams,Premium Ice Cream,1L,300,343.24,308,155,"Lopez, Villanueva and Merritt",24,2025-05-13,Cold Storage,2024-11-10,B4089,184,Warehouse-1
13006228,Amul Dark Chocolate Ice Cream 1L,Ice Creams,Premium Ice Cream,1L,300,386.5,425,298,Pacheco-Matthews,21,2025-08-05,Hot Storage,2024-10-23,B7279,286,Warehouse-2
63607529,Amul Emmental Cheese 200g,Cheese & Cheese Products,Emmental Cheese,200g,500,685.24,321,374,Gonzalez Ltd,17,2025-05-17,Refrigerated,2024-09-24,B2245,235,Warehouse-10
57937380,Amul Protein Shake Chocolate 200ml,Health & Nutrition,Others,200ml,600,709.1,153,915,Jimenez PLC,2,2025-02-12,Refrigerated,2024-09-10,B3011,155,Warehouse-9
81997831,Amul Cheese Crackers 120g,Snacks & Savories,Others,120g,509,735.01,324,846,White LLC,11,2026-02-01,Room Temperature,2025-07-25,B1776,191,Warehouse-10
57937380,Amul Protein Shake Chocolate 200ml,Health & Nutrition,Others,200ml,600,680.32,203,514,"Skinner, Martin and Huynh",11,2024-09-21,Refrigerated,2024-08-30,B4833,22,Warehouse-7
82147020,Amul Almond Bar 40g,Chocolates,Others,40g,57,80.98,445,821,Boyd PLC,11,2026-02-12,Room Temperature,2025-05-21,B4875,267,Warehouse-3
33992976,Amul Probiotic Dahi 400g,Probiotic & Health Range,Probiotic Curd,400g,250,324.04,476,224,Goodman-Camacho,6,2025-09-11,Frozen,2024-12-12,B3327,273,Warehouse-9
5752287,Amul Camel Milk Chocolate 150g,Others,Others,150g,123,160.32,294,454,Fuentes-Hamilton,1,2025-10-07,hot & Cold Storage,2024-12-30,B2868,281,Warehouse-10
72940877,Amul Butter Cookies 200g,Others,Others,200g,500,568.55,157,216,"Smith, Schaefer and Smith",22,2026-07-31,Ambient,2025-08-22,B6194,343,Warehouse-3
45319204,Amul Slim UHT Milk 1L,UHT & Long Life,Others,1L,150,211.46,384,592,"Robinson, Gaines and Torres",2,2025-10-16,Hot Storage,2025-07-10,B9028,98,Warehouse-7
94900507,Amul Peanut Spread Crunchy 200g,Butter & Spreads,Cheese Spread,200g,100,134.46,162,604,Wheeler-Joseph,12,2025-09-12,hot & Cold Storage,2025-03-09,B2209,187,Warehouse-5
64829395,Amul Cream Tetra Pack 250ml,UHT & Long Life,Others,250ml,150,174.95,243,322,Moore and Sons,27,2025-08-19,hot & Cold Storage,2024-11-04,B7709,288,Warehouse-2
70134094,Amul Tru Apple Juice 200ml,Beverages,Juice,200ml,74,108.03,113,314,Williams PLC,22,2025-04-23,Room Temperature,2025-03-09,B5649,45,Warehouse-5
46612151,Amul Processed Cheese Cube 200g,Cheese & Cheese Products,Processed Cheese,200g,238,342.89,190,414,Alvarez PLC,7,2025-05-19,Refrigerated,2024-10-16,B4242,215,Warehouse-5
41910047,Amul Gold UHT Milk 1L,UHT & Long Life,Others,1L,150,181.72,123,794,Peters-Hill,7,2025-01-17,Chilled,2024-11-01,B4370,77,Warehouse-8
61133075,Amul Butter Croissant 80g,Bakery Items,Others,80g,187,227.67,427,468,Thompson Group,1,2025-07-12,Hot Storage,2025-04-24,B3358,79,Warehouse-5
14921131,Amul Cheesy Corn Puffs 150g,Snacks & Savories,Others,150g,550,770.96,464,902,"Hernandez, Griffith and Scott",27,2025-07-06,Refrigerated,2025-01-25,B1403,162,Warehouse-7
70415490,Amul Frozen Veggie Burger Patty 500g,Bakery & Frozen,Frozen Sweets,500g,250,310.05,307,436,Fitzpatrick-Medina,3,2025-05-27,Room Temperature,2025-03-23,B8930,65,Warehouse-9
91503640,Amul Spiced Buttermilk 500ml,Dairy Products,Others,500ml,99,109.04,437,193,Powell-Hill,19,2025-03-10,Room Temperature,2025-02-10,B4137,28,Warehouse-1
81997831,Amul Cheese Crackers 120g,Snacks & Savories,Others,120g,509,724.34,386,428,Rose-Berry,29,2025-04-05,Room Temperature,2024-10-23,B4793,164,Warehouse-3
13006228,Amul Dark Chocolate Ice Cream 1L,Ice Creams,Premium Ice Cream,1L,300,409.05,214,772,"Elliott, Webb and Dixon",20,2025-08-04,Hot Storage,2024-08-29,B4684,340,Warehouse-3
79195263,Amul Kool Saffron Milk 200ml,Beverages,Others,200ml,120,148.81,349,448,Townsend Ltd,16,2025-01-23,Ambient,2024-11-11,B3653,73,Warehouse-10
51783426,Amul Cold Coffee 200ml,Beverages (New Flavors),Others,200ml,375,441.69,111,255,Rose-Carr,5,2026-02-12,Refrigerated,2025-06-09,B8169,248,Warehouse-10
40563084,Amul Pure Ghee 500ml,Ghee & Cooking Essentials,Cow Ghee,500ml,411,576.67,268,849,Garcia Group,14,2025-03-01,Room Temperature,2025-02-03,B8390,26,Warehouse-6
88384214,Amul Lite Spread 250g,Butter & Spreads,Cheese Spread,250g,54,72.13,110,405,"Thompson, Myers and Johnson",21,2025-09-14,Frozen,2025-06-05,B8063,101,Warehouse-3
70134094,Amul Tru Apple Juice 200ml,Beverages,Juice,200ml,74,105.27,124,293,Green and Sons,22,2026-05-16,Room Temperature,2025-08-10,B7973,279,Warehouse-6
71579542,Amul Mystic Mocha Chocolate 150g,Chocolates,Dark Chocolate,150g,30,35.61,309,108,"Chapman, Mclean and Ramsey",30,2025-04-06,Cold Storage,2025-03-30,B3090,7,Warehouse-10
16267619,Amul Garlic & Herbs Butter 100g,Butter & Spreads,Others,100g,50,68.07,485,761,Taylor-Case,7,2026-05-15,Room Temperature,2025-07-24,B8807,295,Warehouse-10
5752287,Amul Camel Milk Chocolate 150g,Others,Others,150g,123,167.02,399,226,"Soto, Herrera and Martinez",27,2026-06-06,hot & Cold Storage,2025-06-18,B4387,353,Warehouse-10
1148473,Amul Camel Milk 500ml,Others,Others,500ml,500,585.04,404,118,Flores-Coleman,4,2025-07-16,Frozen,2025-01-19,B6146,178,Warehouse-4
4957799,Amul Masti Dahi 400g,Probiotic & Health Range,Misti Doi,400g,250,306.0,493,646,Nunez-Jones,2,2025-05-14,Cold Storage,2024-12-15,B1580,150,Warehouse-1
37505707,Amul Choco Chips Ice Cream 1L,Ice Creams,Premium Ice Cream,1L,300,428.34,438,440,"Phillips, Barber and Dillon",18,2025-05-21,Cold Storage,2025-04-29,B4996,22,Warehouse-5
5752287,Amul Camel Milk Chocolate 150g,Others,Others,150g,123,176.02,311,213,Wiley LLC,11,2025-03-17,hot & Cold Storage,2025-01-10,B1558,66,Warehouse-4
31363198,Amul Mango Lassi 250ml,Beverages (New Flavors),Others,250ml,600,811.66,183,683,Hernandez and Sons,4,2026-01-02,hot & Cold Storage,2025-04-16,B5788,261,Warehouse-4
14921131,Amul Cheesy Corn Puffs 150g,Snacks & Savories,Others,150g,550,773.17,392,690,"Kidd, Simmons and Rangel",21,2026-01-15,Refrigerated,2025-04-09,B6024,281,Warehouse-9
4664321,Amul Buttermilk Masala 200ml,Beverages (New Flavors),Others,200ml,600,729.87,130,994,Clark Inc,29,2025-07-24,Hot Storage,2025-04-04,B1361,111,Warehouse-6
91503640,Amul Spiced Buttermilk 500ml,Dairy Products,Others,500ml,99,113.65,173,934,Camacho and Sons,30,2025-08-30,Room Temperature,2025-01-20,B9821,222,Warehouse-10
11071426,Amul Buffalo Ghee 1L,Ghee & Cooking Essentials,Buffalo Ghee,1L,703,988.81,196,607,Watkins-Daniels,26,2026-04-03,Hot Storage,2025-07-01,B1621,276,Warehouse-6
82147020,Amul Almond Bar 40g,Chocolates,Others,40g,57,79.72,273,882,Yoder-Smith,25,2025-04-08,Room Temperature,2024-10-26,B9826,164,Warehouse-3
16367289,Amul Strawberry Magic 750ml,Ice Creams,Others,750ml,300,421.13,461,383,Evans-Villanueva,13,2025-05-14,Ambient,2025-02-05,B4189,98,Warehouse-4
6094027,Amul Kool Flavoured Milk Bottle 200ml,Beverages,Flavored Milk Drink,200ml,120,147.42,325,902,"Castillo, Ray and Blackburn",3,2025-10-10,Cold Storage,2025-04-16,B9096,177,Warehouse-6
51783426,Amul Cold Coffee 200ml,Beverages (New Flavors),Others,200ml,375,501.36,400,142,Sanders LLC,14,2024-11-04,Refrigerated,2024-09-21,B9344,44,Warehouse-3
44564353,Amul Fresh Cream 250ml,Dairy Products,Others,250ml,100,113.14,300,849,King-Leblanc,15,2025-08-20,Room Temperature,2025-04-06,B3909,136,Warehouse-6
83184284,Amul Kool Koko 200ml,Beverages,Others,200ml,120,141.39,165,874,"Sims, Savage and Reese",22,2025-09-14,Cold Storage,2024-10-01,B2180,348,Warehouse-2
16994393,Amul Taaza Milk 1L,Dairy Products,Others,1L,100,118.82,162,456,Hamilton-Peterson,9,2026-05-17,Hot Storage,2025-07-29,B4770,292,Warehouse-9
40523156,Amul Taaza UHT Milk 1L,UHT & Long Life,Others,1L,150,174.32,465,228,"Grant, Garcia and Mcpherson",15,2025-11-27,Frozen,2025-08-21,B1769,98,Warehouse-6
31256377,Amul Happy Treats Veggie Stix 400g,Others,Others,400g,500,743.13,400,784,Becker-Morris,9,2025-03-05,Ambient,2024-11-20,B3230,105,Warehouse-6
4957799,Amul Masti Dahi 400g,Probiotic & Health Range,Misti Doi,400g,250,365.9,248,310,Sullivan-Quinn,19,2025-12-29,Cold Storage,2025-07-03,B1239,179,Warehouse-4
23548091,Amul Chocozoo Kids Pack 250g,Chocolates,Milk Chocolate,250g,150,167.49,122,991,Miller Ltd,5,2025-03-13,Cold Storage,2024-09-09,B1892,185,Warehouse-9
93684965,Amul Mithai Mate UHT 200g,UHT & Long Life,Others,200g,150,222.31,181,140,Aguilar-Berry,29,2026-06-29,hot & Cold Storage,2025-06-29,B6871,365,Warehouse-2
43726257,Amul Shrikhand Kesar 500g,Specialty Products,Others,500g,400,524.06,367,429,"Miller, Long and Odom",5,2026-06-10,Room Temperature,2025-08-21,B7914,293,Warehouse-9
92496774,Amul Cheese Slices 200g,Cheese & Cheese Products,Cheese Slices,200g,357,486.78,396,780,"Gillespie, Torres and Vasquez",27,2025-08-07,Frozen,2025-02-23,B3187,165,Warehouse-9
88384214,Amul Lite Spread 250g,Butter & Spreads,Cheese Spread,250g,54,67.91,277,176,Phillips and Sons,8,2025-11-07,Frozen,2024-12-07,B8223,335,Warehouse-1
83184284,Amul Kool Koko 200ml,Beverages,Others,200ml,120,139.03,379,134,Cruz Inc,21,2026-02-06,Cold Storage,2025-03-08,B1911,335,Warehouse-9
61133075,Amul Butter Croissant 80g,Bakery Items,Others,80g,187,243.77,399,160,Santos-Randall,27,2026-01-23,Hot Storage,2025-03-30,B3418,299,Warehouse-8
25032666,Amul Gold Milk 1L,Dairy Products,Others,1L,100,112.87,318,983,"Haynes, Stephenson and Nunez",26,2024-11-27,Frozen,2024-11-02,B8289,25,Warehouse-9
93245593,Amul Multigrain Dahi 200g,Health & Nutrition,Others,200g,158,224.47,488,706,Walker-Bowen,29,2024-11-19,Cold Storage,2024-09-03,B4679,77,Warehouse-1
72940877,Amul Butter Cookies 200g,Others,Others,200g,500,679.9,211,906,Bailey-Sanchez,30,2025-09-12,Ambient,2025-07-28,B3800,46,Warehouse-2
64935768,Amul Mithai Gulab Jamun Tin 1kg,Specialty Products,Others,1kg,400,517.05,248,177,"Flores, Osborn and Simmons",2,2026-01-18,Room Temperature,2025-04-29,B6821,264,Warehouse-9
40523156,Amul Taaza UHT Milk 1L,UHT & Long Life,Others,1L,150,176.12,356,175,"Mcdonald, Moore and Howard",2,2025-10-15,Frozen,2025-03-09,B4511,220,Warehouse-3
12571772,Amul Basundi 1L,Specialty Products,Others,1L,400,440.19,105,884,"Brown, Guzman and Gonzales",8,2025-11-29,hot & Cold Storage,2025-01-23,B5983,310,Warehouse-9
91017437,Amul Lactose-Free Milk 1L,Dairy Products,Others,1L,100,113.88,304,694,Lawson-Gibbs,18,2026-03-08,Frozen,2025-07-17,B6089,234,Warehouse-10
97241768,Amul Chocolate Ice Cream 1L,Ice Creams,Premium Ice Cream,1L,300,339.98,187,725,Miller Ltd,21,2026-01-18,Cold Storage,2025-04-27,B7453,266,Warehouse-10
92496774,Amul Cheese Slices 200g,Cheese & Cheese Products,Cheese Slices,200g,357,503.93,495,262,Richards LLC,6,2025-09-17,Frozen,2025-05-29,B4874,111,Warehouse-6
71930565,Amul Cow Ghee 1L,Ghee & Cooking Essentials,Cow Ghee,1L,800,1032.62,485,205,"Hill, Rivera and Flores",20,2025-07-06,Chilled,2024-12-04,B5253,214,Warehouse-7
18009972,Amul Organic Ghee 500ml,Others,Others,500ml,500,665.26,369,354,Scott-Sampson,30,2024-12-10,Chilled,2024-08-25,B7453,107,Warehouse-10
79291279,Amul Butter 500g,Butter & Spreads,Salted Butter,500g,200,239.85,488,535,"Herrera, Davis and Campbell",5,2026-03-27,Chilled,2025-07-30,B4179,240,Warehouse-8
11071426,Amul Buffalo Ghee 1L,Ghee & Cooking Essentials,Buffalo Ghee,1L,703,928.63,100,254,Foley-Frost,22,2025-10-12,Hot Storage,2025-08-02,B7950,71,Warehouse-9
31363198,Amul Mango Lassi 250ml,Beverages (New Flavors),Others,250ml,600,674.92,445,251,Johnson Ltd,25,2025-08-29,hot & Cold Storage,2024-11-23,B7462,279,Warehouse-3
74913534,Amul Pro Milk Drink 200g,Beverages,Flavored Milk Drink,200g,120,177.52,168,336,Stevens Group,3,2024-12-17,Frozen,2024-09-25,B9471,83,Warehouse-9
36576395,Amul Kool Café Can 250ml,Others,Others,250ml,500,709.71,110,969,"Roberson, Hawkins and Henson",9,2025-12-15,Ambient,2025-01-28,B5675,321,Warehouse-5
68137847,Amul Kulfi 60ml,Ice Creams,Kulfi,60ml,107,130.98,342,100,Rodriguez and Sons,15,2026-04-01,Room Temperature,2025-05-11,B7964,325,Warehouse-5
93245593,Amul Multigrain Dahi 200g,Health & Nutrition,Others,200g,158,209.89,321,940,Lopez-Allen,9,2024-10-13,Cold Storage,2024-09-02,B5650,41,Warehouse-6
82806583,Amul Cheese Tin 500g,Others,Others,500g,500,572.46,135,662,"Perez, Hall and Anderson",22,2025-09-06,Frozen,2024-11-11,B3617,299,Warehouse-3
14909382,Amul Cassata Slice 120ml,Ice Creams,Others,120ml,56,68.84,443,469,"Moody, Russell and Gonzalez",2,2025-04-24,hot & Cold Storage,2024-09-10,B3215,226,Warehouse-4
88384214,Amul Lite Spread 250g,Butter & Spreads,Cheese Spread,250g,54,63.71,414,888,Calderon-Myers,25,2025-12-05,Frozen,2025-05-29,B1035,190,Warehouse-7
21750991,Amul Greek Yogurt Strawberry 100g,Probiotic & Health Range,Greek Yogurt,100g,223,283.83,127,139,Evans LLC,19,2025-12-05,hot & Cold Storage,2025-01-15,B3758,324,Warehouse-5
206846,Amul Cooking Butter 500g,Ghee & Cooking Essentials,Cooking Ghee,500g,800,1035.05,452,521,"Perkins, Stephens and Bishop",28,2026-05-21,Hot Storage,2025-07-10,B4593,315,Warehouse-7
88384214,Amul Lite Spread 250g,Butter & Spreads,Cheese Spread,250g,54,75.05,228,831,"Watkins, Galvan and Huerta",19,2025-11-11,Frozen,2025-02-21,B6861,263,Warehouse-5
93684965,Amul Mithai Mate UHT 200g,UHT & Long Life,Others,200g,150,210.8,378,221,"Moore, Anderson and George",26,2026-03-03,hot & Cold Storage,2025-06-23,B2042,253,Warehouse-5
53074058,Amul Cheddar Cheese 200g,Cheese & Cheese Products,Cheddar Cheese,200g,500,643.93,427,421,Hale-Calderon,28,2025-09-15,Cold Storage,2025-02-28,B5879,199,Warehouse-2
18798487,Amul Cheese Danish 120g,Bakery Items,Others,120g,53,78.41,124,855,Lane LLC,22,2026-03-04,Cold Storage,2025-07-21,B1635,226,Warehouse-10
70549300,Amul Dark Chocolate 150g,Chocolates,Dark Chocolate,150g,114,125.57,445,586,Ballard Inc,3,2026-02-16,hot & Cold Storage,2025-07-19,B1629,212,Warehouse-6
83950377,Amul Veggie Sticks 100g,Snacks & Savories,Others,100g,85,111.2,116,187,Nguyen-White,27,2024-11-22,Refrigerated,2024-09-24,B5866,59,Warehouse-8
21365294,Amul Greek Yogurt Blueberry 100g,Probiotic & Health Range,Greek Yogurt,100g,245,343.16,340,780,"Johnson, Williams and Hunt",13,2025-04-22,Chilled,2024-09-10,B3136,224,Warehouse-7
18009972,Amul Organic Ghee 500ml,Others,Others,500ml,500,606.87,361,327,Walker-Browning,13,2025-11-14,Chilled,2025-01-01,B9483,317,Warehouse-3
11289388,Amul Rasmalai 500g,Specialty Products,Others,500g,400,440.87,450,858,"Franklin, Bell and Kennedy",9,2026-01-17,Frozen,2025-03-04,B2242,319,Warehouse-3
11289388,Amul Rasmalai 500g,Specialty Products,Others,500g,400,589.69,366,609,"Miller, Morton and Glass",3,2025-08-27,Frozen,2024-09-02,B4410,359,Warehouse-10
71579542,Amul Mystic Mocha Chocolate 150g,Chocolates,Dark Chocolate,150g,30,33.86,243,943,Nunez-Brown,14,2025-08-16,Cold Storage,2024-09-06,B8733,344,Warehouse-2
12337385,Amul Shrikhand Elaichi 500g,Specialty Products,Others,500g,400,449.08,237,630,Lee-Jones,16,2026-06-06,Ambient,2025-06-07,B5277,364,Warehouse-7
1148473,Amul Camel Milk 500ml,Others,Others,500ml,500,656.68,168,963,Johnson-Berg,12,2025-09-16,Frozen,2025-01-10,B9637,249,Warehouse-1
57348568,Amul Peanut Spread Creamy 200g,Butter & Spreads,Cheese Spread,200g,51,67.8,137,251,Obrien-Charles,30,2026-02-18,Refrigerated,2025-08-14,B8807,188,Warehouse-1
41910047,Amul Gold UHT Milk 1L,UHT & Long Life,Others,1L,150,176.6,443,540,Thompson-Mckenzie,27,2025-10-03,Chilled,2025-03-30,B6567,187,Warehouse-8
37245757,Amul Spicy Potato Chips 200g,Snacks & Savories,Others,200g,54,79.98,416,965,Roberts-Stewart,19,2026-03-13,Frozen,2025-04-05,B9540,342,Warehouse-4
64935768,Amul Mithai Gulab Jamun Tin 1kg,Specialty Products,Others,1kg,400,478.78,138,604,Taylor LLC,13,2025-05-15,Room Temperature,2025-05-02,B5378,13,Warehouse-1
5752287,Amul Camel Milk Chocolate 150g,Others,Others,150g,123,162.38,449,1000,Davidson Ltd,2,2025-11-02,hot & Cold Storage,2025-02-09,B9069,266,Warehouse-4
24078757,Amul Kesar Pista Ice Cream 1L,Ice Creams,Premium Ice Cream,1L,300,444.29,370,396,Gallagher-Tyler,25,2025-04-20,hot & Cold Storage,2024-12-17,B3054,124,Warehouse-1
16994393,Amul Taaza Milk 1L,Dairy Products,Others,1L,100,132.26,238,683,"Schmitt, Hart and Hall",11,2025-07-03,Hot Storage,2024-09-29,B7639,277,Warehouse-1
31363198,Amul Mango Lassi 250ml,Beverages (New Flavors),Others,250ml,600,819.59,122,332,Thomas Group,6,2025-09-05,hot & Cold Storage,2025-02-13,B4679,204,Warehouse-6
26598550,Amul Masti Buttermilk 500ml,Dairy Products,Others,500ml,100,119.91,393,390,Barnes-Phillips,10,2025-03-01,Chilled,2024-08-26,B9226,187,Warehouse-3
46612151,Amul Processed Cheese Cube 200g,Cheese & Cheese Products,Processed Cheese,200g,238,332.02,147,934,Day Inc,11,2024-11-08,Refrigerated,2024-09-27,B8988,42,Warehouse-3
16267619,Amul Garlic & Herbs Butter 100g,Butter & Spreads,Others,100g,50,59.55,301,870,"Webster, Griffin and Jimenez",10,2025-08-23,Room Temperature,2025-05-25,B1988,90,Warehouse-9
42543602,Amul Choco Milk 200ml,Beverages (New Flavors),Others,200ml,301,352.8,312,428,"Gross, Montgomery and Blevins",1,2025-08-04,hot & Cold Storage,2025-02-05,B4776,180,Warehouse-5
14701085,Amul Kool Elaichi Milk 200ml,Beverages,Lassi,200ml,120,170.01,364,134,"Vazquez, Howard and Joyce",17,2025-10-05,Hot Storage,2025-02-04,B6462,243,Warehouse-9
71579542,Amul Mystic Mocha Chocolate 150g,Chocolates,Dark Chocolate,150g,30,44.3,167,385,King-Jones,1,2025-10-23,Cold Storage,2025-02-05,B2681,260,Warehouse-10
25444452,Amul Ice Cream Cake 1kg,Others,Others,1kg,500,670.62,208,309,Montgomery-Shaffer,19,2025-05-16,hot & Cold Storage,2024-12-13,B8975,154,Warehouse-2
97719922,Amul Cheese Block 500g,Cheese & Cheese Products,Cream Cheese,500g,500,747.94,260,775,Henderson-Barnes,15,2025-09-14,Room Temperature,2025-06-07,B7398,99,Warehouse-4
13006228,Amul Dark Chocolate Ice Cream 1L,Ice Creams,Premium Ice Cream,1L,300,445.96,285,257,"Craig, Casey and Price",6,2026-03-12,Hot Storage,2025-06-14,B9501,271,Warehouse-4
46612151,Amul Processed Cheese Cube 200g,Cheese & Cheese Products,Processed Cheese,200g,238,354.97,448,682,Powers-Jones,20,2025-06-23,Refrigerated,2024-12-10,B9616,195,Warehouse-1
82806583,Amul Cheese Tin 500g,Others,Others,500g,500,652.6,305,774,Williams-Gonzalez,24,2025-09-06,Frozen,2025-01-24,B6407,225,Warehouse-10
91017437,Amul Lactose-Free Milk 1L,Dairy Products,Others,1L,100,122.8,144,703,"Gomez, Nelson and Davidson",9,2025-03-23,Frozen,2024-10-27,B8227,147,Warehouse-1
56068016,Amul Fortified Milk 1L,Health & Nutrition,Others,1L,600,802.25,156,353,Johnson-Jones,16,2026-04-24,Refrigerated,2025-05-17,B8816,342,Warehouse-1
43726257,Amul Shrikhand Kesar 500g,Specialty Products,Others,500g,400,534.31,262,493,"Hamilton, Kelly and Pennington",3,2025-07-13,Room Temperature,2024-11-16,B1871,239,Warehouse-9
12571772,Amul Basundi 1L,Specialty Products,Others,1L,400,579.67,197,485,Fox-Lopez,2,2024-12-09,hot & Cold Storage,2024-12-02,B1106,7,Warehouse-6
68165390,Amul Kool Café 200ml,Beverages,Others,200ml,51,63.5,183,118,"Norris, Hernandez and Arnold",24,2025-01-17,Cold Storage,2024-10-24,B2824,85,Warehouse-1
16367289,Amul Strawberry Magic 750ml,Ice Creams,Others,750ml,300,375.51,384,462,"Walker, Green and Casey",15,2025-12-01,Ambient,2025-06-08,B1272,176,Warehouse-9
36576395,Amul Kool Café Can 250ml,Others,Others,250ml,500,577.53,281,561,Davis-Kelly,23,2025-06-02,Ambient,2025-05-15,B4574,18,Warehouse-10
35651383,Amul India Twilight Tryst 150g,Chocolates,Others,150g,150,167.44,166,441,Davis Inc,8,2025-05-18,Hot Storage,2024-10-18,B5994,212,Warehouse-2
36576395,Amul Kool Café Can 250ml,Others,Others,250ml,500,606.11,177,598,"Edwards, Brown and Williams",6,2025-11-24,Ambient,2025-03-03,B7532,266,Warehouse-4
34223963,Amul Vanilla Muffin 90g,Bakery Items,Others,90g,51,63.97,124,258,"Gibson, Howard and Robbins",23,2025-04-12,hot & Cold Storage,2024-09-09,B7806,215,Warehouse-8
92496774,Amul Cheese Slices 200g,Cheese & Cheese Products,Cheese Slices,200g,357,409.01,427,219,Hartman-Morton,26,2025-04-20,Frozen,2025-02-15,B2027,64,Warehouse-2
81837793,Amul Low Fat Yogurt 100g,Health & Nutrition,Others,100g,436,515.27,379,308,Wu LLC,17,2025-08-11,Hot Storage,2024-10-30,B8956,285,Warehouse-1
54796676,Amul White Butter 500g,Ghee & Cooking Essentials,Others,500g,800,1176.57,365,772,Hicks and Sons,1,2025-09-14,hot & Cold Storage,2025-07-05,B8754,71,Warehouse-7
46612151,Amul Processed Cheese Cube 200g,Cheese & Cheese Products,Processed Cheese,200g,238,296.82,206,877,Sloan-Garcia,22,2025-02-18,Refrigerated,2024-10-05,B8140,136,Warehouse-8
31363198,Amul Mango Lassi 250ml,Beverages (New Flavors),Others,250ml,600,757.47,136,757,"Barajas, Jones and Barajas",19,2025-08-25,hot & Cold Storage,2025-08-02,B7637,23,Warehouse-5
79666428,Amul Pizza Cheese 1kg,Cheese & Cheese Products,Gouda Cheese,1kg,500,617.97,364,569,"Garcia, Rice and Escobar",27,2026-05-17,Hot Storage,2025-07-01,B5924,320,Warehouse-5
83950377,Amul Veggie Sticks 100g,Snacks & Savories,Others,100g,85,125.08,433,158,Collins PLC,1,2025-01-31,Refrigerated,2024-11-09,B5239,83,Warehouse-1
43726257,Amul Shrikhand Kesar 500g,Specialty Products,Others,500g,400,467.54,237,947,Rodriguez Ltd,30,2026-06-05,Room Temperature,2025-07-09,B7712,331,Warehouse-5
71579542,Amul Mystic Mocha Chocolate 150g,Chocolates,Dark Chocolate,150g,30,39.76,369,747,"Banks, Rhodes and Bennett",12,2026-05-18,Cold Storage,2025-05-24,B1018,359,Warehouse-7
4664321,Amul Buttermilk Masala 200ml,Beverages (New Flavors),Others,200ml,600,818.73,292,202,Yoder-Rodgers,8,2024-12-25,Hot Storage,2024-09-27,B1332,89,Warehouse-3
45319204,Amul Slim UHT Milk 1L,UHT & Long Life,Others,1L,150,174.76,106,433,Brown Group,13,2026-02-09,Hot Storage,2025-08-04,B7322,189,Warehouse-7
71579542,Amul Mystic Mocha Chocolate 150g,Chocolates,Dark Chocolate,150g,30,42.49,192,557,Sullivan Ltd,13,2026-03-04,Cold Storage,2025-07-18,B6893,229,Warehouse-9
14701085,Amul Kool Elaichi Milk 200ml,Beverages,Lassi,200ml,120,168.74,148,783,"Cruz, Henderson and Cook",13,2026-03-25,Hot Storage,2025-03-29,B3392,361,Warehouse-2
82806583,Amul Cheese Tin 500g,Others,Others,500g,500,710.57,320,972,Hicks Group,11,2025-08-03,Frozen,2024-12-18,B6131,228,Warehouse-6
62882309,Amul Frozen Paneer Tikka 500g,Bakery & Frozen,Frozen Paratha,500g,250,344.22,190,463,Sexton LLC,26,2025-05-13,Hot Storage,2024-10-24,B5483,201,Warehouse-4
35651383,Amul India Twilight Tryst 150g,Chocolates,Others,150g,150,198.48,454,463,Vasquez-Hernandez,7,2026-03-09,Hot Storage,2025-04-18,B8258,325,Warehouse-9
12571772,Amul Basundi 1L,Specialty Products,Others,1L,400,596.76,141,347,Murphy and Sons,14,2025-08-14,hot & Cold Storage,2025-05-04,B1930,102,Warehouse-5
40563084,Amul Pure Ghee 500ml,Ghee & Cooking Essentials,Cow Ghee,500ml,411,494.13,391,659,Davis-Calderon,12,2025-06-05,Room Temperature,2025-05-09,B8465,27,Warehouse-9
28937579,Amul Chocolate Donut 80g,Bakery Items,Others,80g,429,534.02,469,172,"Stephens, Cannon and Bailey",30,2025-04-07,Refrigerated,2024-10-30,B5267,159,Warehouse-9
12571772,Amul Basundi 1L,Specialty Products,Others,1L,400,531.09,228,518,Huffman-Hoffman,26,2025-08-16,hot & Cold Storage,2024-10-12,B4565,308,Warehouse-5
25032666,Amul Gold Milk 1L,Dairy Products,Others,1L,100,116.05,366,357,Hoffman and Sons,4,2025-06-08,Frozen,2025-04-27,B3079,42,Warehouse-3
83950377,Amul Veggie Sticks 100g,Snacks & Savories,Others,100g,85,98.95,145,941,Owens-Sanders,1,2025-08-18,Refrigerated,2025-07-19,B6457,30,Warehouse-10
97241768,Amul Chocolate Ice Cream 1L,Ice Creams,Premium Ice Cream,1L,300,408.6,483,606,Anderson LLC,1,2026-02-11,Cold Storage,2025-03-08,B2967,340,Warehouse-6
12337385,Amul Shrikhand Elaichi 500g,Specialty Products,Others,500g,400,511.63,358,680,"Downs, Rocha and Livingston",15,2026-06-10,Ambient,2025-08-15,B7481,299,Warehouse-10
68137847,Amul Kulfi 60ml,Ice Creams,Kulfi,60ml,107,124.03,138,569,Smith-Smith,11,2025-03-28,Room Temperature,2024-12-29,B1334,89,Warehouse-2
70537390,Amul Cheese Spread Red Chilli Flakes 200g,Butter & Spreads,Cheese Spread,200g,68,92.88,219,475,Stein PLC,28,2025-05-22,hot & Cold Storage,2024-10-15,B8883,219,Warehouse-6
18798487,Amul Cheese Danish 120g,Bakery Items,Others,120g,53,68.43,249,549,"Wallace, Caldwell and Cole",10,2025-05-19,Cold Storage,2024-09-06,B5437,255,Warehouse-3
31363198,Amul Mango Lassi 250ml,Beverages (New Flavors),Others,250ml,600,819.89,146,792,Williams and Sons,14,2026-03-08,hot & Cold Storage,2025-04-12,B9996,330,Warehouse-7
71930565,Amul Cow Ghee 1L,Ghee & Cooking Essentials,Cow Ghee,1L,800,1137.19,365,929,Matthews-Nash,29,2025-03-22,Chilled,2024-12-20,B3606,92,Warehouse-3
93020688,Amul Cheese Spread Garlic 200g,Butter & Spreads,Cheese Spread,200g,200,242.63,127,491,Hill LLC,30,2025-08-25,Refrigerated,2025-07-01,B7763,55,Warehouse-5
93684965,Amul Mithai Mate UHT 200g,UHT & Long Life,Others,200g,150,205.45,474,150,Reyes-Rubio,20,2025-08-31,hot & Cold Storage,2025-05-30,B6676,93,Warehouse-7
57937380,Amul Protein Shake Chocolate 200ml,Health & Nutrition,Others,200ml,600,728.42,484,163,Lowe-Schultz,10,2026-02-01,Refrigerated,2025-04-05,B4953,302,Warehouse-4
70537390,Amul Cheese Spread Red Chilli Flakes 200g,Butter & Spreads,Cheese Spread,200g,68,74.82,445,837,"Cox, Evans and Leon",3,2025-05-03,hot & Cold Storage,2024-12-12,B9661,142,Warehouse-3
11288909,Amul Mithai Mate Condensed Milk 400g,Dairy Products,Others,400g,100,119.91,454,358,Gardner-Hensley,23,2025-05-05,Frozen,2024-11-29,B9299,157,Warehouse-8
31363198,Amul Mango Lassi 250ml,Beverages (New Flavors),Others,250ml,600,779.35,283,539,"Saunders, Jenkins and Hinton",29,2025-06-22,hot & Cold Storage,2024-11-17,B8340,217,Warehouse-7
97994268,Amul Butter Scotch Ice Cream 1L,Ice Creams,Premium Ice Cream,1L,300,403.69,410,671,Blair and Sons,12,2025-09-05,Cold Storage,2025-07-24,B4533,43,Warehouse-6
36576395,Amul Kool Café Can 250ml,Others,Others,250ml,500,607.16,122,125,Bishop PLC,24,2025-01-22,Ambient,2024-09-07,B5189,137,Warehouse-10
40563084,Amul Pure Ghee 500ml,Ghee & Cooking Essentials,Cow Ghee,500ml,411,461.09,427,163,"Zhang, Velez and Case",29,2025-12-03,Room Temperature,2025-01-18,B6702,319,Warehouse-6
64829395,Amul Cream Tetra Pack 250ml,UHT & Long Life,Others,250ml,150,187.33,486,351,"Mata, Mullen and Lynn",21,2025-10-24,hot & Cold Storage,2025-05-30,B2588,147,Warehouse-6
68137847,Amul Kulfi 60ml,Ice Creams,Kulfi,60ml,107,122.78,360,850,"Callahan, Mooney and Zimmerman",14,2025-01-13,Room Temperature,2024-08-29,B6245,137,Warehouse-6
37505707,Amul Choco Chips Ice Cream 1L,Ice Creams,Premium Ice Cream,1L,300,431.63,498,359,Johnson-Watson,6,2025-03-14,Cold Storage,2024-09-04,B1168,191,Warehouse-4
59239307,Amul Mozzarella Cheese 200g,Cheese & Cheese Products,Mozzarella Cheese,200g,500,631.98,171,892,"Kim, Thomas and Lewis",1,2026-02-20,Room Temperature,2025-05-29,B3437,267,Warehouse-10
70537390,Amul Cheese Spread Red Chilli Flakes 200g,Butter & Spreads,Cheese Spread,200g,68,88.39,347,105,Martin LLC,3,2025-12-07,hot & Cold Storage,2025-02-03,B7206,307,Warehouse-9
24078757,Amul Kesar Pista Ice Cream 1L,Ice Creams,Premium Ice Cream,1L,300,422.71,233,183,Nixon-Collins,17,2024-11-19,hot & Cold Storage,2024-10-16,B9368,34,Warehouse-1
97719922,Amul Cheese Block 500g,Cheese & Cheese Products,Cream Cheese,500g,500,660.05,193,557,Hall-Brown,2,2025-11-29,Room Temperature,2025-06-17,B6819,165,Warehouse-10
79666428,Amul Pizza Cheese 1kg,Cheese & Cheese Products,Gouda Cheese,1kg,500,582.29,179,524,Dean Inc,2,2025-03-13,Hot Storage,2024-12-07,B5290,96,Warehouse-9
68165390,Amul Kool Café 200ml,Beverages,Others,200ml,51,71.68,152,475,"Larson, Best and Brown",21,2025-08-15,Cold Storage,2025-08-08,B2260,7,Warehouse-8
80405061,Amul A2 Cow Milk 1L,Others,Others,1L,500,577.55,218,657,Miller Inc,4,2025-07-19,Refrigerated,2025-05-17,B1499,63,Warehouse-5
37245757,Amul Spicy Potato Chips 200g,Snacks & Savories,Others,200g,54,66.69,381,800,Dominguez-Robinson,6,2025-04-30,Frozen,2025-02-26,B3968,63,Warehouse-10
56068016,Amul Fortified Milk 1L,Health & Nutrition,Others,1L,600,801.5,290,786,Miller Group,24,2025-04-01,Refrigerated,2024-12-30,B6691,92,Warehouse-7
24078757,Amul Kesar Pista Ice Cream 1L,Ice Creams,Premium Ice Cream,1L,300,391.58,456,488,Martin LLC,16,2024-12-24,hot & Cold Storage,2024-11-15,B4746,39,Warehouse-4
79666428,Amul Pizza Cheese 1kg,Cheese & Cheese Products,Gouda Cheese,1kg,500,663.38,469,592,Cooley Inc,19,2026-03-29,Hot Storage,2025-06-22,B3276,280,Warehouse-2
57348568,Amul Peanut Spread Creamy 200g,Butter & Spreads,Cheese Spread,200g,51,57.77,154,254,"Roberts, Maxwell and Rodriguez",28,2025-11-28,Refrigerated,2025-03-11,B5401,262,Warehouse-3
92496774,Amul Cheese Slices 200g,Cheese & Cheese Products,Cheese Slices,200g,357,454.51,304,980,Freeman-Cruz,15,2025-08-15,Frozen,2025-03-06,B9659,162,Warehouse-2
70537390,Amul Cheese Spread Red Chilli Flakes 200g,Butter & Spreads,Cheese Spread,200g,68,80.42,293,347,"Henry, Jackson and Ibarra",27,2025-12-10,hot & Cold Storage,2025-06-22,B5010,171,Warehouse-10
56068016,Amul Fortified Milk 1L,Health & Nutrition,Others,1L,600,790.88,225,412,King and Sons,16,2025-09-16,Refrigerated,2025-08-22,B5509,25,Warehouse-1
18009972,Amul Organic Ghee 500ml,Others,Others,500ml,500,723.72,205,891,Bell-Barnes,7,2025-06-06,Chilled,2024-09-14,B1956,265,Warehouse-2
72940877,Amul Butter Cookies 200g,Others,Others,200g,500,580.52,261,137,Guerrero Inc,5,2025-05-01,Ambient,2024-09-01,B5810,242,Warehouse-2
97994268,Amul Butter Scotch Ice Cream 1L,Ice Creams,Premium Ice Cream,1L,300,388.72,361,954,Ballard-Hurst,8,2025-06-01,Cold Storage,2025-03-13,B2989,80,Warehouse-8
81997831,Amul Cheese Crackers 120g,Snacks & Savories,Others,120g,509,710.14,449,381,Branch-Brown,20,2026-01-01,Room Temperature,2025-06-21,B9767,194,Warehouse-2
70549300,Amul Dark Chocolate 150g,Chocolates,Dark Chocolate,150g,114,170.93,197,941,"Cochran, Alvarez and Cook",9,2026-04-27,hot & Cold Storage,2025-08-12,B6626,258,Warehouse-8
14701085,Amul Kool Elaichi Milk 200ml,Beverages,Lassi,200ml,120,163.61,157,808,Mills-Day,30,2025-02-01,Hot Storage,2024-11-24,B6011,69,Warehouse-8
11288909,Amul Mithai Mate Condensed Milk 400g,Dairy Products,Others,400g,100,139.7,163,720,Page-Lang,7,2025-05-31,Frozen,2024-12-11,B4050,171,Warehouse-3
70537390,Amul Cheese Spread Red Chilli Flakes 200g,Butter & Spreads,Cheese Spread,200g,68,87.18,485,340,"Garcia, Sanchez and Doyle",19,2025-05-29,hot & Cold Storage,2024-10-25,B3983,216,Warehouse-7
16994393,Amul Taaza Milk 1L,Dairy Products,Others,1L,100,147.77,436,116,Goodwin-Thompson,19,2025-09-21,Hot Storage,2025-08-21,B1373,31,Warehouse-3
57348568,Amul Peanut Spread Creamy 200g,Butter & Spreads,Cheese Spread,200g,51,60.19,149,158,Hanson-Hanson,16,2025-10-03,Refrigerated,2025-05-16,B5941,140,Warehouse-2
56068016,Amul Fortified Milk 1L,Health & Nutrition,Others,1L,600,669.42,434,813,Clarke and Sons,5,2025-07-07,Refrigerated,2024-09-26,B8830,284,Warehouse-3
94900507,Amul Peanut Spread Crunchy 200g,Butter & Spreads,Cheese Spread,200g,100,119.94,281,173,Ford Ltd,12,2025-03-27,hot & Cold Storage,2024-11-08,B7917,139,Warehouse-5
12337385,Amul Shrikhand Elaichi 500g,Specialty Products,Others,500g,400,441.3,483,181,Whitehead-Huff,1,2025-02-20,Ambient,2025-01-01,B3225,50,Warehouse-6
35651383,Amul India Twilight Tryst 150g,Chocolates,Others,150g,150,205.98,368,786,"Peterson, Myers and Hernandez",22,2025-06-12,Hot Storage,2024-11-17,B8804,207,Warehouse-5
14921131,Amul Cheesy Corn Puffs 150g,Snacks & Savories,Others,150g,550,608.82,192,852,"Williams, Larson and Fields",28,2025-07-23,Refrigerated,2025-01-28,B4276,176,Warehouse-10
93020688,Amul Cheese Spread Garlic 200g,Butter & Spreads,Cheese Spread,200g,200,230.27,266,286,Molina PLC,10,2025-01-03,Refrigerated,2024-10-31,B8590,64,Warehouse-1
40563084,Amul Pure Ghee 500ml,Ghee & Cooking Essentials,Cow Ghee,500ml,411,519.08,155,196,Stephens-Cox,12,2025-10-26,Room Temperature,2025-07-28,B3334,90,Warehouse-8
11288909,Amul Mithai Mate Condensed Milk 400g,Dairy Products,Others,400g,100,118.05,443,128,Guzman-Pratt,29,2026-03-03,Frozen,2025-05-14,B7332,293,Warehouse-1
56068016,Amul Fortified Milk 1L,Health & Nutrition,Others,1L,600,674.23,306,373,Middleton-Cochran,5,2025-10-13,Refrigerated,2025-06-22,B1326,113,Warehouse-1
64335100,Amul Slim & Trim Milk 500ml,Dairy Products,Others,500ml,100,140.05,227,388,Hammond-Carr,5,2025-10-22,Ambient,2025-03-29,B8467,207,Warehouse-4
79666428,Amul Pizza Cheese 1kg,Cheese & Cheese Products,Gouda Cheese,1kg,500,573.82,439,245,Frey PLC,3,2025-09-04,Hot Storage,2025-04-25,B5063,132,Warehouse-8
83184284,Amul Kool Koko 200ml,Beverages,Others,200ml,120,148.83,478,475,Evans-Nielsen,27,2025-04-19,Cold Storage,2024-10-05,B2259,196,Warehouse-5
64829395,Amul Cream Tetra Pack 250ml,UHT & Long Life,Others,250ml,150,209.04,412,206,Gomez-Brown,25,2025-08-02,hot & Cold Storage,2025-04-03,B9175,121,Warehouse-4
6094027,Amul Kool Flavoured Milk Bottle 200ml,Beverages,Flavored Milk Drink,200ml,120,148.24,488,697,Johnson-Leblanc,16,2025-07-09,Cold Storage,2024-12-16,B4529,205,Warehouse-3
72940877,Amul Butter Cookies 200g,Others,Others,200g,500,608.47,439,206,Hunt PLC,16,2026-06-20,Ambient,2025-08-20,B3933,304,Warehouse-8
37245757,Amul Spicy Potato Chips 200g,Snacks & Savories,Others,200g,54,74.37,175,114,"Velazquez, Wallace and Griffin",7,2025-07-23,Frozen,2024-09-23,B5127,303,Warehouse-10
14909382,Amul Cassata Slice 120ml,Ice Creams,Others,120ml,56,75.98,478,928,Abbott-White,15,2025-04-20,hot & Cold Storage,2024-10-29,B9199,173,Warehouse-7
51783426,Amul Cold Coffee 200ml,Beverages (New Flavors),Others,200ml,375,447.53,116,657,Patrick-Rios,29,2025-09-28,Refrigerated,2025-06-16,B3189,104,Warehouse-10
18798487,Amul Cheese Danish 120g,Bakery Items,Others,120g,53,62.15,259,260,Hughes Ltd,28,2025-12-31,Cold Storage,2025-01-23,B6177,342,Warehouse-5
79291279,Amul Butter 500g,Butter & Spreads,Salted Butter,500g,200,282.89,494,987,Conley Group,27,2026-02-19,Chilled,2025-07-27,B7862,207,Warehouse-9
61133075,Amul Butter Croissant 80g,Bakery Items,Others,80g,187,264.81,111,384,Edwards-Thomas,21,2026-02-17,Hot Storage,2025-08-22,B1392,179,Warehouse-3
93020688,Amul Cheese Spread Garlic 200g,Butter & Spreads,Cheese Spread,200g,200,282.1,439,598,Roberts and Sons,24,2025-06-30,Refrigerated,2025-01-12,B3789,169,Warehouse-1
82147020,Amul Almond Bar 40g,Chocolates,Others,40g,57,72.37,204,284,"Doyle, Ross and Williams",5,2025-02-08,Room Temperature,2024-11-30,B1865,70,Warehouse-2
43280889,Amul Malai Paneer 1kg,Dairy Products,Paneer Blocks,1kg,100,138.19,106,506,"Robinson, Jones and Johnson",18,2026-05-23,Cold Storage,2025-08-16,B7164,280,Warehouse-6
5752287,Amul Camel Milk Chocolate 150g,Others,Others,150g,123,137.1,333,470,Williams-Orozco,24,2026-04-03,hot & Cold Storage,2025-04-08,B7362,360,Warehouse-4
79291279,Amul Butter 500g,Butter & Spreads,Salted Butter,500g,200,299.87,268,681,Mosley-Taylor,28,2025-10-24,Chilled,2025-05-14,B8145,163,Warehouse-5
44564353,Amul Fresh Cream 250ml,Dairy Products,Others,250ml,100,130.08,270,139,Davis Group,30,2025-11-02,Room Temperature,2025-02-26,B1553,249,Warehouse-4
97241768,Amul Chocolate Ice Cream 1L,Ice Creams,Premium Ice Cream,1L,300,360.93,332,934,Holmes-Molina,22,2024-12-26,Cold Storage,2024-11-02,B8638,54,Warehouse-3
11289388,Amul Rasmalai 500g,Specialty Products,Others,500g,400,467.47,342,411,Coleman LLC,16,2025-03-29,Frozen,2024-12-24,B4326,95,Warehouse-8
16267619,Amul Garlic & Herbs Butter 100g,Butter & Spreads,Others,100g,50,71.37,377,455,"Jackson, Robles and Tucker",18,2025-11-25,Room Temperature,2025-04-14,B8287,225,Warehouse-7
16267619,Amul Garlic & Herbs Butter 100g,Butter & Spreads,Others,100g,50,57.2,189,731,"Brown, Garcia and Fitzgerald",28,2025-12-20,Room Temperature,2025-01-09,B3554,345,Warehouse-7
26980737,Amul Tru Orange Juice 200ml,Beverages,Juice,200ml,116,171.72,405,748,"Elliott, Williams and Francis",14,2025-08-13,Hot Storage,2025-04-11,B9841,124,Warehouse-2
70134094,Amul Tru Apple Juice 200ml,Beverages,Juice,200ml,74,96.19,465,631,Evans-Avery,2,2025-07-11,Room Temperature,2025-06-22,B8321,19,Warehouse-3
16994393,Amul Taaza Milk 1L,Dairy Products,Others,1L,100,127.38,258,478,"Waller, Chen and Kelley",29,2026-01-25,Hot Storage,2025-04-16,B7508,284,Warehouse-1
97994268,Amul Butter Scotch Ice Cream 1L,Ice Creams,Premium Ice Cream,1L,300,373.07,279,468,May-Shaffer,11,2026-03-02,Cold Storage,2025-03-20,B5229,347,Warehouse-1
28937579,Amul Chocolate Donut 80g,Bakery Items,Others,80g,429,621.24,182,724,Martinez-Andrews,23,2024-10-21,Refrigerated,2024-10-05,B5469,16,Warehouse-4
25444452,Amul Ice Cream Cake 1kg,Others,Others,1kg,500,664.06,251,378,"Mills, King and Perry",18,2025-08-14,hot & Cold Storage,2024-10-24,B5844,294,Warehouse-3
14415647,Amul Kool Rose Milk 200ml,Beverages,Others,200ml,120,164.6,368,943,"Mccoy, Graves and Delgado",26,2025-12-14,Room Temperature,2025-07-07,B7846,160,Warehouse-7
14921131,Amul Cheesy Corn Puffs 150g,Snacks & Savories,Others,150g,550,629.44,440,830,"Zimmerman, Miller and Horn",5,2024-11-27,Refrigerated,2024-11-13,B7485,14,Warehouse-8
56068016,Amul Fortified Milk 1L,Health & Nutrition,Others,1L,600,828.9,459,687,"Novak, Davis and Rodriguez",16,2025-01-24,Refrigerated,2024-09-05,B2589,141,Warehouse-3
4664321,Amul Buttermilk Masala 200ml,Beverages (New Flavors),Others,200ml,600,855.89,298,183,"Bennett, Harris and Collins",15,2025-04-05,Hot Storage,2025-02-14,B3785,50,Warehouse-5
11288909,Amul Mithai Mate Condensed Milk 400g,Dairy Products,Others,400g,100,149.13,404,986,Sweeney Group,30,2025-11-24,Frozen,2025-04-20,B6031,218,Warehouse-1
97719922,Amul Cheese Block 500g,Cheese & Cheese Products,Cream Cheese,500g,500,709.65,188,277,"Pacheco, Hood and Cohen",18,2026-04-30,Room Temperature,2025-08-03,B5508,270,Warehouse-2
43726257,Amul Shrikhand Kesar 500g,Specialty Products,Others,500g,400,515.11,422,860,Nguyen Group,16,2025-04-26,Room Temperature,2024-11-27,B7285,150,Warehouse-3
54796676,Amul White Butter 500g,Ghee & Cooking Essentials,Others,500g,800,1076.09,314,776,Sutton PLC,5,2024-10-21,hot & Cold Storage,2024-09-24,B5179,27,Warehouse-7
4957799,Amul Masti Dahi 400g,Probiotic & Health Range,Misti Doi,400g,250,333.84,263,138,Meyer PLC,10,2025-03-29,Cold Storage,2024-09-02,B6143,208,Warehouse-7
57937380,Amul Protein Shake Chocolate 200ml,Health & Nutrition,Others,200ml,600,785.82,138,760,"Richardson, Lynch and Scott",10,2026-06-17,Refrigerated,2025-07-12,B9622,340,Warehouse-3
11071426,Amul Buffalo Ghee 1L,Ghee & Cooking Essentials,Buffalo Ghee,1L,703,911.64,466,651,"Lewis, Mason and Turner",7,2025-10-01,Hot Storage,2025-04-05,B6898,179,Warehouse-8
18798487,Amul Cheese Danish 120g,Bakery Items,Others,120g,53,68.88,302,305,"Humphrey, Shaw and Henry",23,2025-03-06,Cold Storage,2024-12-22,B5652,74,Warehouse-10
46612151,Amul Processed Cheese Cube 200g,Cheese & Cheese Products,Processed Cheese,200g,238,285.67,319,723,Nunez-Bell,27,2025-04-29,Refrigerated,2024-10-17,B7975,194,Warehouse-4
40523156,Amul Taaza UHT Milk 1L,UHT & Long Life,Others,1L,150,170.92,457,919,Stanley-West,6,2026-02-23,Frozen,2025-04-07,B6541,322,Warehouse-2
35651383,Amul India Twilight Tryst 150g,Chocolates,Others,150g,150,190.73,314,917,Wright PLC,29,2025-12-11,Hot Storage,2025-01-26,B7363,319,Warehouse-5
83184284,Amul Kool Koko 200ml,Beverages,Others,200ml,120,137.06,280,627,Lee-Preston,4,2025-05-03,Cold Storage,2025-01-03,B3249,120,Warehouse-2
94900507,Amul Peanut Spread Crunchy 200g,Butter & Spreads,Cheese Spread,200g,100,146.74,455,181,"Jones, Wright and Baker",6,2025-11-19,hot & Cold Storage,2024-12-14,B6806,340,Warehouse-3
56068016,Amul Fortified Milk 1L,Health & Nutrition,Others,1L,600,664.16,103,807,Cantrell-Fitzgerald,6,2025-07-30,Refrigerated,2025-03-30,B5563,122,Warehouse-6
33992976,Amul Probiotic Dahi 400g,Probiotic & Health Range,Probiotic Curd,400g,250,309.03,164,458,"Garrett, Francis and Garcia",28,2025-11-11,Frozen,2025-08-03,B1414,100,Warehouse-10
68165390,Amul Kool Café 200ml,Beverages,Others,200ml,51,69.39,271,586,Avery-Anderson,27,2025-11-20,Cold Storage,2025-01-05,B2650,319,Warehouse-1
71235158,Amul Strawberry Lassi 250ml,Beverages (New Flavors),Others,250ml,600,867.63,403,251,Fuller-Deleon,17,2025-12-16,Refrigerated,2025-04-01,B9558,259,Warehouse-10
58937020,Amul Chocolate Brownie 100g,Bakery Items,Others,100g,218,316.93,176,642,"Schneider, Park and Jackson",3,2025-09-21,Refrigerated,2024-12-22,B6685,273,Warehouse-3
45007361,Amul Vanilla Ice Cream 1L,Ice Creams,Premium Ice Cream,1L,149,211.9,465,955,Harris-Hernandez,24,2026-01-22,hot & Cold Storage,2025-03-28,B9119,300,Warehouse-7
48334136,Amul Protein Shake Vanilla 200ml,Health & Nutrition,Others,200ml,600,842.55,196,908,Spencer-Dillon,5,2025-10-31,Ambient,2025-02-17,B3852,256,Warehouse-10
88384214,Amul Lite Spread 250g,Butter & Spreads,Cheese Spread,250g,54,75.9,432,425,"Jones, Garcia and Gilbert",6,2025-07-07,Frozen,2025-05-06,B5972,62,Warehouse-2
74913534,Amul Pro Milk Drink 200g,Beverages,Flavored Milk Drink,200g,120,166.01,450,494,Khan-Williams,25,2025-08-01,Frozen,2024-11-09,B8682,265,Warehouse-1
21365294,Amul Greek Yogurt Blueberry 100g,Probiotic & Health Range,Greek Yogurt,100g,245,350.29,129,621,Wells Ltd,11,2024-12-01,Chilled,2024-08-25,B3405,98,Warehouse-8
70537390,Amul Cheese Spread Red Chilli Flakes 200g,Butter & Spreads,Cheese Spread,200g,68,92.07,397,610,Daniels Group,18,2026-04-16,hot & Cold Storage,2025-07-09,B7462,281,Warehouse-4
83950377,Amul Veggie Sticks 100g,Snacks & Savories,Others,100g,85,113.49,264,372,"Malone, Palmer and Gibson",30,2026-05-26,Refrigerated,2025-06-11,B8326,349,Warehouse-9
7241154,Amul Rajbhog Ice Cream 1L,Ice Creams,Premium Ice Cream,1L,300,385.66,133,368,"Martin, Gonzalez and Barrera",29,2025-06-02,Room Temperature,2025-02-24,B5214,98,Warehouse-6
79195263,Amul Kool Saffron Milk 200ml,Beverages,Others,200ml,120,141.54,241,111,Schultz-Avila,28,2024-11-05,Ambient,2024-09-30,B5874,36,Warehouse-10
79291279,Amul Butter 500g,Butter & Spreads,Salted Butter,500g,200,229.25,410,525,Hill and Sons,28,2025-11-04,Chilled,2025-02-20,B6592,257,Warehouse-6
11288909,Amul Mithai Mate Condensed Milk 400g,Dairy Products,Others,400g,100,115.0,298,883,Cummings-Hughes,26,2025-09-24,Frozen,2025-06-05,B6654,111,Warehouse-5
16443921,Amul Fruit & Nut Chocolate 150g,Chocolates,Fruit & Nut Chocolate,150g,150,177.68,163,836,Willis Inc,22,2025-11-05,hot & Cold Storage,2024-12-29,B7736,311,Warehouse-5
25032666,Amul Gold Milk 1L,Dairy Products,Others,1L,100,149.7,246,481,"Williams, Vasquez and Reed",11,2025-07-21,Frozen,2024-09-20,B5350,304,Warehouse-10
82147020,Amul Almond Bar 40g,Chocolates,Others,40g,57,85.22,203,747,"Stephens, Johnson and Torres",1,2025-12-15,Room Temperature,2025-07-16,B6216,152,Warehouse-2
62882309,Amul Frozen Paneer Tikka 500g,Bakery & Frozen,Frozen Paratha,500g,250,359.1,153,289,"Perry, Cunningham and Thomas",25,2026-02-17,Hot Storage,2025-04-15,B7522,308,Warehouse-5
51772550,Amul Pizza Base 200g,Bakery & Frozen,Pizza Base,200g,250,275.95,436,709,"Daniel, Hickman and Nichols",29,2025-11-21,Chilled,2025-04-12,B8375,223,Warehouse-7
36576395,Amul Kool Café Can 250ml,Others,Others,250ml,500,628.57,287,321,Gonzalez LLC,23,2025-09-02,Ambient,2025-01-17,B8560,228,Warehouse-6
43280889,Amul Malai Paneer 1kg,Dairy Products,Paneer Blocks,1kg,100,143.11,309,119,"Lee, Browning and Walters",27,2025-02-19,Cold Storage,2024-10-17,B3267,125,Warehouse-7
11071426,Amul Buffalo Ghee 1L,Ghee & Cooking Essentials,Buffalo Ghee,1L,703,893.64,288,167,"Santana, Aguirre and White",9,2025-06-22,Hot Storage,2025-02-01,B1224,141,Warehouse-10
64935768,Amul Mithai Gulab Jamun Tin 1kg,Specialty Products,Others,1kg,400,548.03,247,750,Anderson Group,2,2025-08-06,Room Temperature,2024-12-10,B5069,239,Warehouse-6
93684965,Amul Mithai Mate UHT 200g,UHT & Long Life,Others,200g,150,186.09,251,519,"Elliott, Henry and Pittman",1,2025-10-06,hot & Cold Storage,2025-03-01,B8083,219,Warehouse-6
6094027,Amul Kool Flavoured Milk Bottle 200ml,Beverages,Flavored Milk Drink,200ml,120,166.02,235,111,Vargas-Hayes,29,2025-05-30,Cold Storage,2025-01-07,B5139,143,Warehouse-7
5752287,Amul Camel Milk Chocolate 150g,Others,Others,150g,123,159.52,446,440,Fitzgerald-Gonzales,9,2026-04-21,hot & Cold Storage,2025-06-20,B9382,305,Warehouse-6
62232487,Amul Milk Chocolate 150g,Chocolates,Milk Chocolate,150g,115,131.39,355,442,Wright and Sons,24,2026-01-03,Ambient,2025-06-20,B8166,197,Warehouse-2
80405061,Amul A2 Cow Milk 1L,Others,Others,1L,500,741.4,451,975,Price-Evans,17,2025-10-13,Refrigerated,2025-01-05,B2335,281,Warehouse-3
18798487,Amul Cheese Danish 120g,Bakery Items,Others,120g,53,74.1,453,646,Stone-Gibson,17,2026-04-02,Cold Storage,2025-07-31,B8162,245,Warehouse-9
51772550,Amul Pizza Base 200g,Bakery & Frozen,Pizza Base,200g,250,356.96,319,803,Chen-Greene,13,2026-02-14,Chilled,2025-07-29,B1271,200,Warehouse-7
14921131,Amul Cheesy Corn Puffs 150g,Snacks & Savories,Others,150g,550,609.69,470,913,"Smith, Ayala and Garrett",25,2024-12-23,Refrigerated,2024-12-05,B8594,18,Warehouse-2
88384214,Amul Lite Spread 250g,Butter & Spreads,Cheese Spread,250g,54,60.83,262,700,"Stewart, Rios and Wade",8,2025-03-24,Frozen,2024-10-10,B2785,165,Warehouse-5
56068016,Amul Fortified Milk 1L,Health & Nutrition,Others,1L,600,891.21,378,148,Rice Ltd,18,2024-11-21,Refrigerated,2024-09-12,B3609,70,Warehouse-8
54796676,Amul White Butter 500g,Ghee & Cooking Essentials,Others,500g,800,1069.08,342,614,Cantu Ltd,2,2025-09-13,hot & Cold Storage,2025-07-13,B3323,62,Warehouse-9
97719922,Amul Cheese Block 500g,Cheese & Cheese Products,Cream Cheese,500g,500,570.29,160,273,"Pruitt, Davis and Cole",21,2025-10-08,Room Temperature,2025-01-22,B5404,259,Warehouse-4
97719922,Amul Cheese Block 500g,Cheese & Cheese Products,Cream Cheese,500g,500,714.74,211,336,"Simpson, Olson and Levine",15,2024-12-30,Room Temperature,2024-11-02,B9210,58,Warehouse-1
45319204,Amul Slim UHT Milk 1L,UHT & Long Life,Others,1L,150,224.57,100,348,Baker-Thomas,17,2025-11-17,Hot Storage,2025-05-04,B9252,197,Warehouse-3
63607529,Amul Emmental Cheese 200g,Cheese & Cheese Products,Emmental Cheese,200g,500,635.24,368,640,"Scott, Harvey and Hernandez",23,2025-09-13,Refrigerated,2024-11-11,B3440,306,Warehouse-6
58937020,Amul Chocolate Brownie 100g,Bakery Items,Others,100g,218,240.25,356,714,Vaughn-Vargas,10,2026-06-01,Refrigerated,2025-06-26,B7531,340,Warehouse-7
79291279,Amul Butter 500g,Butter & Spreads,Salted Butter,500g,200,285.64,298,950,Hansen Inc,1,2025-07-14,Chilled,2025-06-20,B1103,24,Warehouse-2
40563084,Amul Pure Ghee 500ml,Ghee & Cooking Essentials,Cow Ghee,500ml,411,566.36,476,839,"Miller, Ford and Boyer",25,2025-10-19,Room Temperature,2025-06-02,B5570,139,Warehouse-5
46612151,Amul Processed Cheese Cube 200g,Cheese & Cheese Products,Processed Cheese,200g,238,319.48,414,779,"Schwartz, Simmons and Sullivan",20,2025-09-25,Refrigerated,2025-02-02,B9164,235,Warehouse-3
51783426,Amul Cold Coffee 200ml,Beverages (New Flavors),Others,200ml,375,515.81,200,905,"Reynolds, Strickland and Charles",22,2025-08-01,Refrigerated,2024-12-05,B1455,239,Warehouse-2
68137847,Amul Kulfi 60ml,Ice Creams,Kulfi,60ml,107,136.53,293,200,"Gross, Wang and Walker",18,2025-10-29,Room Temperature,2024-11-18,B5568,345,Warehouse-1
58937020,Amul Chocolate Brownie 100g,Bakery Items,Others,100g,218,272.18,316,662,Santiago LLC,3,2025-11-06,Refrigerated,2025-04-13,B9711,207,Warehouse-5
23548091,Amul Chocozoo Kids Pack 250g,Chocolates,Milk Chocolate,250g,150,204.48,491,834,Butler and Sons,10,2025-03-20,Cold Storage,2024-12-05,B6662,105,Warehouse-3
97719922,Amul Cheese Block 500g,Cheese & Cheese Products,Cream Cheese,500g,500,727.25,217,574,"Finley, Gross and Young",2,2026-05-31,Room Temperature,2025-08-17,B7523,287,Warehouse-7
61133075,Amul Butter Croissant 80g,Bakery Items,Others,80g,187,218.13,175,684,Lawrence-Smith,15,2025-08-24,Hot Storage,2024-11-23,B4152,274,Warehouse-2
13006228,Amul Dark Chocolate Ice Cream 1L,Ice Creams,Premium Ice Cream,1L,300,372.84,201,363,Thomas and Sons,20,2025-06-27,Hot Storage,2024-11-07,B2195,232,Warehouse-6
83734632,Amul Cheese Spread Yummy Plain 200g,Butter & Spreads,Cheese Spread,200g,177,247.36,277,459,"Young, Lopez and Williams",5,2026-04-25,Ambient,2025-08-08,B7197,260,Warehouse-9
44564353,Amul Fresh Cream 250ml,Dairy Products,Others,250ml,100,118.15,140,870,Hansen-Gray,18,2025-08-24,Room Temperature,2025-05-29,B8040,87,Warehouse-7
57937380,Amul Protein Shake Chocolate 200ml,Health & Nutrition,Others,200ml,600,670.97,498,842,Smith PLC,23,2025-11-11,Refrigerated,2025-04-13,B4556,212,Warehouse-3
18009972,Amul Organic Ghee 500ml,Others,Others,500ml,500,687.77,123,348,Carlson-Martinez,16,2025-08-08,Chilled,2024-10-17,B2564,295,Warehouse-10
82806583,Amul Cheese Tin 500g,Others,Others,500g,500,697.82,367,326,"Small, Lopez and Reed",29,2026-03-11,Frozen,2025-07-09,B1187,245,Warehouse-1
43726257,Amul Shrikhand Kesar 500g,Specialty Products,Others,500g,400,486.02,192,356,Morse and Sons,24,2025-10-11,Room Temperature,2025-05-06,B4247,158,Warehouse-9
16367289,Amul Strawberry Magic 750ml,Ice Creams,Others,750ml,300,341.97,324,559,Cohen Inc,3,2025-03-22,Ambient,2024-11-07,B4943,135,Warehouse-6
41910047,Amul Gold UHT Milk 1L,UHT & Long Life,Others,1L,150,191.17,159,215,York and Sons,25,2025-10-13,Chilled,2025-07-21,B7161,84,Warehouse-10
14909382,Amul Cassata Slice 120ml,Ice Creams,Others,120ml,56,65.09,365,851,Palmer and Sons,23,2025-01-26,hot & Cold Storage,2024-09-04,B5891,144,Warehouse-10
63607529,Amul Emmental Cheese 200g,Cheese & Cheese Products,Emmental Cheese,200g,500,686.74,188,687,Moore Inc,14,2025-03-13,Refrigerated,2024-10-01,B4482,163,Warehouse-6
11288909,Amul Mithai Mate Condensed Milk 400g,Dairy Products,Others,400g,100,139.12,294,629,Coleman-West,5,2025-07-03,Frozen,2025-03-05,B8998,120,Warehouse-9
1148473,Amul Camel Milk 500ml,Others,Others,500ml,500,623.2,471,136,"Mccormick, Turner and Webster",14,2025-07-10,Frozen,2025-06-30,B9025,10,Warehouse-5
64335100,Amul Slim & Trim Milk 500ml,Dairy Products,Others,500ml,100,134.0,235,248,Goodwin-Barrett,30,2026-01-12,Ambient,2025-06-05,B1188,221,Warehouse-3
93245593,Amul Multigrain Dahi 200g,Health & Nutrition,Others,200g,158,210.59,349,357,"Smith, Fleming and Haynes",10,2025-04-25,Cold Storage,2024-10-31,B2888,176,Warehouse-8
68137847,Amul Kulfi 60ml,Ice Creams,Kulfi,60ml,107,126.42,205,272,Matthews Ltd,27,2025-07-11,Room Temperature,2025-03-30,B6773,103,Warehouse-9
81837793,Amul Low Fat Yogurt 100g,Health & Nutrition,Others,100g,436,531.88,122,562,"Williams, Murray and Mejia",17,2025-12-19,Hot Storage,2025-04-21,B2821,242,Warehouse-4
92496774,Amul Cheese Slices 200g,Cheese & Cheese Products,Cheese Slices,200g,357,480.35,301,700,Meza-Keith,29,2026-01-22,Frozen,2025-06-26,B4803,210,Warehouse-5
36576395,Amul Kool Café Can 250ml,Others,Others,250ml,500,722.28,450,892,Wilson Ltd,1,2025-01-20,Ambient,2024-11-28,B8117,53,Warehouse-10
12571772,Amul Basundi 1L,Specialty Products,Others,1L,400,548.73,131,629,Cooper PLC,26,2025-06-27,hot & Cold Storage,2024-09-16,B1567,284,Warehouse-10
16267619,Amul Garlic & Herbs Butter 100g,Butter & Spreads,Others,100g,50,72.34,167,900,Torres LLC,23,2025-09-17,Room Temperature,2024-10-19,B3034,333,Warehouse-9
74913534,Amul Pro Milk Drink 200g,Beverages,Flavored Milk Drink,200g,120,148.73,347,141,Stephenson Inc,12,2024-12-08,Frozen,2024-09-09,B7123,90,Warehouse-3
37245757,Amul Spicy Potato Chips 200g,Snacks & Savories,Others,200g,54,79.25,143,993,"Duncan, Simmons and Barrett",16,2025-02-08,Frozen,2025-01-14,B9173,25,Warehouse-3
56068016,Amul Fortified Milk 1L,Health & Nutrition,Others,1L,600,858.18,423,184,Green and Sons,28,2026-01-21,Refrigerated,2025-05-20,B9112,246,Warehouse-10
83734632,Amul Cheese Spread Yummy Plain 200g,Butter & Spreads,Cheese Spread,200g,177,258.88,297,125,Aguirre Group,22,2025-05-10,Ambient,2024-11-20,B4126,171,Warehouse-9
37245757,Amul Spicy Potato Chips 200g,Snacks & Savories,Others,200g,54,61.25,157,765,"Parker, Mills and Baxter",29,2026-01-28,Frozen,2025-05-10,B3974,263,Warehouse-1
5752287,Amul Camel Milk Chocolate 150g,Others,Others,150g,123,142.89,153,451,Harris-Mason,14,2025-07-06,hot & Cold Storage,2024-09-16,B6857,293,Warehouse-3
74913534,Amul Pro Milk Drink 200g,Beverages,Flavored Milk Drink,200g,120,155.47,146,440,Thomas-Fuller,18,2025-11-22,Frozen,2025-04-21,B3998,215,Warehouse-9
25444452,Amul Ice Cream Cake 1kg,Others,Others,1kg,500,582.16,220,441,"Brown, Mccoy and Scott",21,2025-07-10,hot & Cold Storage,2025-07-02,B8995,8,Warehouse-2
71235158,Amul Strawberry Lassi 250ml,Beverages (New Flavors),Others,250ml,600,673.82,156,244,"Mcmillan, Bass and Miller",18,2025-07-26,Refrigerated,2024-10-13,B8342,286,Warehouse-5
69924743,Amul Shrikhand Mango 500g,Specialty Products,Others,500g,400,455.16,307,414,"Baker, Diaz and Hansen",20,2026-01-09,Ambient,2025-01-14,B7232,360,Warehouse-6
48334136,Amul Protein Shake Vanilla 200ml,Health & Nutrition,Others,200ml,600,743.17,107,298,Cuevas-Castaneda,10,2025-01-25,Ambient,2024-11-04,B6157,82,Warehouse-5
70537390,Amul Cheese Spread Red Chilli Flakes 200g,Butter & Spreads,Cheese Spread,200g,68,83.28,380,144,Phillips-Payne,25,2025-09-09,hot & Cold Storage,2024-11-12,B5005,301,Warehouse-3
31256377,Amul Happy Treats Veggie Stix 400g,Others,Others,400g,500,716.35,493,429,Scott-Payne,8,2025-05-13,Ambient,2025-03-06,B1088,68,Warehouse-1
83950377,Amul Veggie Sticks 100g,Snacks & Savories,Others,100g,85,101.95,447,316,Ortiz-Pierce,15,2025-04-07,Refrigerated,2024-10-09,B4223,180,Warehouse-10
45319204,Amul Slim UHT Milk 1L,UHT & Long Life,Others,1L,150,212.42,351,741,Hill PLC,13,2025-10-14,Hot Storage,2025-02-14,B8775,242,Warehouse-5
5752287,Amul Camel Milk Chocolate 150g,Others,Others,150g,123,153.89,374,278,"Lucas, Arnold and Chung",17,2026-03-18,hot & Cold Storage,2025-03-31,B1136,352,Warehouse-10
71235158,Amul Strawberry Lassi 250ml,Beverages (New Flavors),Others,250ml,600,796.3,294,462,Howell-Ashley,4,2025-07-10,Refrigerated,2025-06-24,B8662,16,Warehouse-5
26980737,Amul Tru Orange Juice 200ml,Beverages,Juice,200ml,116,172.99,228,378,Garner-Moses,2,2025-10-24,Hot Storage,2025-01-21,B7333,276,Warehouse-2
48334136,Amul Protein Shake Vanilla 200ml,Health & Nutrition,Others,200ml,600,855.45,451,263,Blevins Group,1,2026-07-02,Ambient,2025-07-13,B9238,354,Warehouse-6
69924743,Amul Shrikhand Mango 500g,Specialty Products,Others,500g,400,457.63,140,224,Woods-Shaw,9,2024-12-20,Ambient,2024-09-30,B1584,81,Warehouse-4
70134094,Amul Tru Apple Juice 200ml,Beverages,Juice,200ml,74,88.6,267,577,"Walker, Anderson and Padilla",18,2025-04-06,Room Temperature,2025-03-24,B1797,13,Warehouse-3
13006228,Amul Dark Chocolate Ice Cream 1L,Ice Creams,Premium Ice Cream,1L,300,351.02,204,482,Taylor-Taylor,3,2025-08-11,Hot Storage,2025-02-01,B3268,191,Warehouse-2
97994268,Amul Butter Scotch Ice Cream 1L,Ice Creams,Premium Ice Cream,1L,300,331.55,234,388,Griffith LLC,1,2025-05-23,Cold Storage,2025-03-08,B2462,76,Warehouse-7
70134094,Amul Tru Apple Juice 200ml,Beverages,Juice,200ml,74,100.85,225,943,Bautista Group,14,2025-05-07,Room Temperature,2025-04-02,B9802,35,Warehouse-4
57937380,Amul Protein Shake Chocolate 200ml,Health & Nutrition,Others,200ml,600,867.62,486,276,Anthony Group,6,2025-11-10,Refrigerated,2025-04-14,B4902,210,Warehouse-10
83950377,Amul Veggie Sticks 100g,Snacks & Savories,Others,100g,85,93.59,408,330,Cunningham Group,7,2025-11-23,Refrigerated,2025-05-23,B4314,184,Warehouse-4
40563084,Amul Pure Ghee 500ml,Ghee & Cooking Essentials,Cow Ghee,500ml,411,587.03,111,211,Glass Inc,11,2025-12-24,Room Temperature,2025-03-23,B3682,276,Warehouse-10
45007361,Amul Vanilla Ice Cream 1L,Ice Creams,Premium Ice Cream,1L,149,171.4,129,756,"Robles, Jones and Murray",9,2024-12-25,hot & Cold Storage,2024-12-01,B6692,24,Warehouse-2
48334136,Amul Protein Shake Vanilla 200ml,Health & Nutrition,Others,200ml,600,814.02,437,858,Clayton LLC,2,2025-07-15,Ambient,2025-01-14,B4660,182,Warehouse-4
68165390,Amul Kool Café 200ml,Beverages,Others,200ml,51,62.39,371,286,"Flores, Clark and Ryan",27,2026-01-04,Cold Storage,2025-05-31,B1620,218,Warehouse-2
21365294,Amul Greek Yogurt Blueberry 100g,Probiotic & Health Range,Greek Yogurt,100g,245,346.81,162,299,Leon Group,16,2025-07-11,Chilled,2025-04-08,B9151,94,Warehouse-3
1148473,Amul Camel Milk 500ml,Others,Others,500ml,500,675.3,211,750,"Wilson, Pope and Maddox",15,2025-10-31,Frozen,2024-12-30,B1046,305,Warehouse-10
62882309,Amul Frozen Paneer Tikka 500g,Bakery & Frozen,Frozen Paratha,500g,250,352.23,438,579,"Hoffman, Bush and Evans",21,2025-08-29,Hot Storage,2025-08-06,B7763,23,Warehouse-8
97994268,Amul Butter Scotch Ice Cream 1L,Ice Creams,Premium Ice Cream,1L,300,370.92,441,456,Singleton and Sons,28,2025-09-17,Cold Storage,2025-04-17,B7226,153,Warehouse-10
71930565,Amul Cow Ghee 1L,Ghee & Cooking Essentials,Cow Ghee,1L,800,930.27,133,361,Randolph-Lamb,5,2026-08-04,Chilled,2025-08-19,B5162,350,Warehouse-10
43726257,Amul Shrikhand Kesar 500g,Specialty Products,Others,500g,400,489.49,114,412,Wyatt-Hunter,18,2025-12-23,Room Temperature,2025-02-13,B7726,313,Warehouse-10
31256377,Amul Happy Treats Veggie Stix 400g,Others,Others,400g,500,728.36,455,115,"Gonzales, Simmons and Cunningham",25,2025-04-07,Ambient,2024-09-01,B3407,218,Warehouse-5
70167474,Amul Frozen Paratha 400g,Bakery & Frozen,Frozen Paratha,400g,250,372.39,428,180,"Garner, Taylor and Medina",19,2026-04-05,Chilled,2025-04-15,B6977,355,Warehouse-4
206846,Amul Cooking Butter 500g,Ghee & Cooking Essentials,Cooking Ghee,500g,800,1172.53,488,236,Kramer-Carter,27,2025-02-18,Hot Storage,2024-12-27,B5543,53,Warehouse-4
37245757,Amul Spicy Potato Chips 200g,Snacks & Savories,Others,200g,54,73.86,201,873,Mitchell-Clark,8,2025-11-03,Frozen,2025-04-01,B3822,216,Warehouse-9
18798487,Amul Cheese Danish 120g,Bakery Items,Others,120g,53,73.87,248,539,Cochran Ltd,26,2025-06-05,Cold Storage,2025-04-06,B4846,60,Warehouse-6
70549300,Amul Dark Chocolate 150g,Chocolates,Dark Chocolate,150g,114,170.04,190,988,Nixon-Fisher,2,2026-04-15,hot & Cold Storage,2025-07-19,B4415,270,Warehouse-8
70549300,Amul Dark Chocolate 150g,Chocolates,Dark Chocolate,150g,114,164.4,243,741,Jackson-Morales,28,2025-07-28,hot & Cold Storage,2024-10-21,B4544,280,Warehouse-1
82147020,Amul Almond Bar 40g,Chocolates,Others,40g,57,68.16,222,692,Alvarado PLC,28,2025-11-26,Room Temperature,2024-12-11,B9177,350,Warehouse-2
51772550,Amul Pizza Base 200g,Bakery & Frozen,Pizza Base,200g,250,319.2,218,322,Anderson-Robinson,29,2025-10-10,Chilled,2025-05-27,B4445,136,Warehouse-10
79195263,Amul Kool Saffron Milk 200ml,Beverages,Others,200ml,120,143.53,343,734,"Ingram, Jones and Saunders",1,2024-11-30,Ambient,2024-11-04,B4622,26,Warehouse-6
78916050,Amul Gouda Cheese 200g,Cheese & Cheese Products,Gouda Cheese,200g,500,614.83,330,994,"Velazquez, Torres and Palmer",16,2026-03-22,Hot Storage,2025-06-14,B1577,281,Warehouse-4
40523156,Amul Taaza UHT Milk 1L,UHT & Long Life,Others,1L,150,179.11,406,110,Blair Group,16,2025-09-12,Frozen,2024-09-19,B1779,358,Warehouse-5
56068016,Amul Fortified Milk 1L,Health & Nutrition,Others,1L,600,848.48,125,836,Pope-Turner,14,2026-01-21,Refrigerated,2025-01-25,B8852,361,Warehouse-9
91503640,Amul Spiced Buttermilk 500ml,Dairy Products,Others,500ml,99,111.93,450,408,"Mejia, Mcdowell and Woodward",22,2025-11-07,Room Temperature,2025-05-02,B5409,189,Warehouse-10
24078757,Amul Kesar Pista Ice Cream 1L,Ice Creams,Premium Ice Cream,1L,300,341.95,181,238,Morris-Williams,17,2025-09-01,hot & Cold Storage,2024-10-31,B9603,305,Warehouse-7
34223963,Amul Vanilla Muffin 90g,Bakery Items,Others,90g,51,72.0,139,910,"Lopez, Martin and Davis",24,2025-06-05,hot & Cold Storage,2025-03-28,B7652,69,Warehouse-8
5752287,Amul Camel Milk Chocolate 150g,Others,Others,150g,123,154.65,433,630,Nolan-Goodman,23,2026-01-11,hot & Cold Storage,2025-01-16,B6333,360,Warehouse-3
12337385,Amul Shrikhand Elaichi 500g,Specialty Products,Others,500g,400,493.24,211,623,Shaw-Perez,9,2025-07-09,Ambient,2024-09-05,B1451,307,Warehouse-7
51772550,Amul Pizza Base 200g,Bakery & Frozen,Pizza Base,200g,250,302.68,484,119,"Sanders, Underwood and Day",7,2025-07-05,Chilled,2025-04-18,B8082,78,Warehouse-10
40563084,Amul Pure Ghee 500ml,Ghee & Cooking Essentials,Cow Ghee,500ml,411,615.81,187,223,Russell-Thompson,22,2025-11-28,Room Temperature,2025-07-21,B8250,130,Warehouse-2
79195263,Amul Kool Saffron Milk 200ml,Beverages,Others,200ml,120,167.41,141,666,"Thomas, Hall and Simpson",19,2025-08-08,Ambient,2025-06-28,B2802,41,Warehouse-9
81837793,Amul Low Fat Yogurt 100g,Health & Nutrition,Others,100g,436,521.08,255,476,Reynolds and Sons,20,2025-08-13,Hot Storage,2025-03-28,B9272,138,Warehouse-4
45007361,Amul Vanilla Ice Cream 1L,Ice Creams,Premium Ice Cream,1L,149,204.54,118,297,"Baxter, Barrett and Barker",19,2025-06-13,hot & Cold Storage,2025-01-01,B6243,163,Warehouse-9
97241768,Amul Chocolate Ice Cream 1L,Ice Creams,Premium Ice Cream,1L,300,412.71,145,290,"Perez, Walters and Harris",11,2025-03-05,Cold Storage,2024-10-06,B6770,150,Warehouse-5
43726257,Amul Shrikhand Kesar 500g,Specialty Products,Others,500g,400,443.78,181,782,Carter-Rodriguez,12,2025-08-09,Room Temperature,2025-07-07,B3336,33,Warehouse-9
16443921,Amul Fruit & Nut Chocolate 150g,Chocolates,Fruit & Nut Chocolate,150g,150,174.94,394,710,Campbell-Stevens,8,2025-08-03,hot & Cold Storage,2025-06-23,B5087,41,Warehouse-10
51783426,Amul Cold Coffee 200ml,Beverages (New Flavors),Others,200ml,375,432.12,394,532,Simmons Inc,16,2026-02-09,Refrigerated,2025-04-17,B4757,298,Warehouse-6
42543602,Amul Choco Milk 200ml,Beverages (New Flavors),Others,200ml,301,382.75,186,215,Kidd-Franco,7,2025-10-10,hot & Cold Storage,2025-05-14,B7586,149,Warehouse-5
21750991,Amul Greek Yogurt Strawberry 100g,Probiotic & Health Range,Greek Yogurt,100g,223,309.67,458,446,Johnson-Johnson,14,2026-02-11,hot & Cold Storage,2025-08-20,B8152,175,Warehouse-2
80016687,Amul Butter 100g,Butter & Spreads,Salted Butter,100g,198,293.89,244,260,Wright-Luna,30,2025-04-26,Refrigerated,2025-02-06,B1425,79,Warehouse-10
93020688,Amul Cheese Spread Garlic 200g,Butter & Spreads,Cheese Spread,200g,200,235.79,227,189,Brooks PLC,24,2025-03-07,Refrigerated,2024-08-23,B3095,196,Warehouse-7
11071426,Amul Buffalo Ghee 1L,Ghee & Cooking Essentials,Buffalo Ghee,1L,703,851.04,458,439,"Jones, Douglas and Hicks",6,2025-08-16,Hot Storage,2025-01-10,B6427,218,Warehouse-6
53074058,Amul Cheddar Cheese 200g,Cheese & Cheese Products,Cheddar Cheese,200g,500,573.36,475,224,Krause-Sanders,23,2025-10-03,Cold Storage,2025-01-19,B4206,257,Warehouse-3
63607529,Amul Emmental Cheese 200g,Cheese & Cheese Products,Emmental Cheese,200g,500,608.74,460,209,"Jones, Harris and Perkins",17,2025-12-01,Refrigerated,2025-04-10,B5059,235,Warehouse-5
93684965,Amul Mithai Mate UHT 200g,UHT & Long Life,Others,200g,150,198.09,286,445,"Long, Wu and Dunn",13,2025-04-01,hot & Cold Storage,2025-03-08,B9934,24,Warehouse-3
94900507,Amul Peanut Spread Crunchy 200g,Butter & Spreads,Cheese Spread,200g,100,114.35,286,348,Brooks-Hood,18,2025-03-04,hot & Cold Storage,2024-12-04,B8713,90,Warehouse-10
74913534,Amul Pro Milk Drink 200g,Beverages,Flavored Milk Drink,200g,120,170.15,402,974,"Ortiz, Russell and Hull",21,2026-05-05,Frozen,2025-05-13,B7272,357,Warehouse-5
11289388,Amul Rasmalai 500g,Specialty Products,Others,500g,400,456.81,237,672,Harmon-Munoz,12,2025-01-10,Frozen,2024-09-02,B4950,130,Warehouse-3
24078757,Amul Kesar Pista Ice Cream 1L,Ice Creams,Premium Ice Cream,1L,300,374.75,143,318,Johnson-Myers,25,2025-08-31,hot & Cold Storage,2025-05-06,B4732,117,Warehouse-1
37245757,Amul Spicy Potato Chips 200g,Snacks & Savories,Others,200g,54,77.59,207,983,Ruiz-Anderson,29,2025-11-26,Frozen,2025-01-23,B7654,307,Warehouse-6
79666428,Amul Pizza Cheese 1kg,Cheese & Cheese Products,Gouda Cheese,1kg,500,703.09,476,249,Vega and Sons,20,2025-09-21,Hot Storage,2025-07-09,B3821,74,Warehouse-1
71579542,Amul Mystic Mocha Chocolate 150g,Chocolates,Dark Chocolate,150g,30,34.62,192,277,Wilcox LLC,13,2025-04-30,Cold Storage,2024-11-01,B2104,180,Warehouse-8
62232487,Amul Milk Chocolate 150g,Chocolates,Milk Chocolate,150g,115,156.35,455,611,Pratt Inc,16,2025-07-24,Ambient,2025-02-12,B9793,162,Warehouse-7
31256377,Amul Happy Treats Veggie Stix 400g,Others,Others,400g,500,713.44,378,847,Diaz Group,6,2026-01-19,Ambient,2025-07-25,B5028,178,Warehouse-9
14415647,Amul Kool Rose Milk 200ml,Beverages,Others,200ml,120,147.29,311,511,Johnson Ltd,27,2026-03-04,Room Temperature,2025-07-28,B4688,219,Warehouse-1
61133075,Amul Butter Croissant 80g,Bakery Items,Others,80g,187,254.5,381,748,"Davis, Turner and Bush",13,2025-04-10,Hot Storage,2025-03-20,B5089,21,Warehouse-10
11071426,Amul Buffalo Ghee 1L,Ghee & Cooking Essentials,Buffalo Ghee,1L,703,936.69,125,616,Daniels-Johnson,7,2025-12-19,Hot Storage,2025-07-15,B6775,157,Warehouse-4
12571772,Amul Basundi 1L,Specialty Products,Others,1L,400,565.16,280,629,"Harvey, Johnson and Garza",28,2025-09-10,hot & Cold Storage,2024-10-20,B2414,325,Warehouse-5
35651383,Amul India Twilight Tryst 150g,Chocolates,Others,150g,150,214.55,321,754,"Moore, Lopez and Johnson",23,2025-02-26,Hot Storage,2025-01-28,B6829,29,Warehouse-9
206846,Amul Cooking Butter 500g,Ghee & Cooking Essentials,Cooking Ghee,500g,800,963.71,438,585,Boyer-Pitts,23,2025-07-27,Hot Storage,2025-07-05,B4884,22,Warehouse-3
69924743,Amul Shrikhand Mango 500g,Specialty Products,Others,500g,400,484.46,458,903,"Shah, Gibson and Stewart",29,2025-03-27,Ambient,2025-02-02,B8645,53,Warehouse-10
83734632,Amul Cheese Spread Yummy Plain 200g,Butter & Spreads,Cheese Spread,200g,177,213.09,207,888,Carter-Alvarez,6,2025-03-12,Ambient,2024-10-09,B7489,154,Warehouse-8
70134094,Amul Tru Apple Juice 200ml,Beverages,Juice,200ml,74,102.61,252,833,Ramos-Warner,17,2025-03-17,Room Temperature,2025-01-06,B2353,70,Warehouse-1
18009972,Amul Organic Ghee 500ml,Others,Others,500ml,500,608.35,401,950,Tucker Group,7,2025-10-22,Chilled,2025-04-18,B7003,187,Warehouse-2
84729804,Amul Greek Yogurt Mango 100g,Probiotic & Health Range,Greek Yogurt,100g,178,222.4,476,621,Allen-Kelly,18,2025-09-25,Room Temperature,2025-05-22,B1024,126,Warehouse-1
81997831,Amul Cheese Crackers 120g,Snacks & Savories,Others,120g,509,600.75,176,643,Compton Group,18,2026-03-21,Room Temperature,2025-07-13,B8490,251,Warehouse-2
97994268,Amul Butter Scotch Ice Cream 1L,Ice Creams,Premium Ice Cream,1L,300,393.65,112,700,Vang-Robertson,4,2025-08-31,Cold Storage,2024-12-22,B8669,252,Warehouse-10
70167474,Amul Frozen Paratha 400g,Bakery & Frozen,Frozen Paratha,400g,250,317.89,420,543,Allen and Sons,25,2025-01-10,Chilled,2024-11-02,B6691,69,Warehouse-10
21365294,Amul Greek Yogurt Blueberry 100g,Probiotic & Health Range,Greek Yogurt,100g,245,321.2,146,288,Tran Inc,9,2025-07-05,Chilled,2024-12-23,B4009,194,Warehouse-8
70134094,Amul Tru Apple Juice 200ml,Beverages,Juice,200ml,74,100.01,456,612,Orozco-Smith,2,2025-02-01,Room Temperature,2024-11-07,B9785,86,Warehouse-8
43726257,Amul Shrikhand Kesar 500g,Specialty Products,Others,500g,400,531.28,279,346,Allen-Roberts,21,2025-09-02,Room Temperature,2025-04-30,B1153,125,Warehouse-4
7241154,Amul Rajbhog Ice Cream 1L,Ice Creams,Premium Ice Cream,1L,300,361.57,448,429,"Ewing, Grant and Henderson",10,2026-07-29,Room Temperature,2025-08-16,B2549,347,Warehouse-8
16994393,Amul Taaza Milk 1L,Dairy Products,Others,1L,100,135.7,436,362,Perry-Mullen,5,2025-08-16,Hot Storage,2024-12-02,B1038,257,Warehouse-2
43726257,Amul Shrikhand Kesar 500g,Specialty Products,Others,500g,400,586.01,379,600,"Owens, Lee and Snyder",13,2025-08-15,Room Temperature,2024-11-20,B5370,268,Warehouse-10
14909382,Amul Cassata Slice 120ml,Ice Creams,Others,120ml,56,78.66,267,583,"Bailey, Ray and Lopez",15,2025-08-02,hot & Cold Storage,2025-01-23,B9720,191,Warehouse-5
97994268,Amul Butter Scotch Ice Cream 1L,Ice Creams,Premium Ice Cream,1L,300,426.63,475,140,"Williams, Brown and Jones",23,2025-05-16,Cold Storage,2024-08-30,B5094,259,Warehouse-7
41910047,Amul Gold UHT Milk 1L,UHT & Long Life,Others,1L,150,220.55,196,978,Perez PLC,15,2025-09-15,Chilled,2024-12-14,B8906,275,Warehouse-6
40563084,Amul Pure Ghee 500ml,Ghee & Cooking Essentials,Cow Ghee,500ml,411,467.94,106,307,Mills PLC,11,2025-08-22,Room Temperature,2024-11-08,B1321,287,Warehouse-8
70549300,Amul Dark Chocolate 150g,Chocolates,Dark Chocolate,150g,114,140.01,423,504,"Walker, Dunlap and Thomas",2,2025-01-14,hot & Cold Storage,2024-11-26,B1838,49,Warehouse-2
81837793,Amul Low Fat Yogurt 100g,Health & Nutrition,Others,100g,436,564.31,414,240,"Flynn, Watkins and Anderson",3,2025-01-24,Hot Storage,2024-10-08,B8587,108,Warehouse-7
42543602,Amul Choco Milk 200ml,Beverages (New Flavors),Others,200ml,301,342.65,213,814,Davenport-Armstrong,13,2026-01-15,hot & Cold Storage,2025-06-21,B9056,208,Warehouse-2
14415647,Amul Kool Rose Milk 200ml,Beverages,Others,200ml,120,138.03,308,804,"Payne, Hill and Henson",16,2026-02-20,Room Temperature,2025-04-29,B6497,297,Warehouse-8
11289388,Amul Rasmalai 500g,Specialty Products,Others,500g,400,557.74,252,997,"Hansen, Brown and Gonzalez",23,2025-02-04,Frozen,2024-12-07,B9790,59,Warehouse-8
37505707,Amul Choco Chips Ice Cream 1L,Ice Creams,Premium Ice Cream,1L,300,385.41,219,424,"Hall, Sharp and Carroll",5,2025-03-04,Cold Storage,2024-11-25,B5515,99,Warehouse-10
69924743,Amul Shrikhand Mango 500g,Specialty Products,Others,500g,400,565.21,218,494,Smith-Roberts,8,2024-12-02,Ambient,2024-10-16,B3180,47,Warehouse-6
18439717,Amul Frozen Cheese Corn Nuggets 400g,Bakery & Frozen,Frozen Sweets,400g,250,346.9,158,257,Rhodes-Nguyen,5,2025-01-09,Cold Storage,2024-12-31,B1294,9,Warehouse-7
93245593,Amul Multigrain Dahi 200g,Health & Nutrition,Others,200g,158,205.19,196,474,"Miller, Hill and Mora",29,2025-07-20,Cold Storage,2024-09-28,B2382,295,Warehouse-10
6094027,Amul Kool Flavoured Milk Bottle 200ml,Beverages,Flavored Milk Drink,200ml,120,132.73,396,721,Dean-Porter,10,2025-05-24,Cold Storage,2024-12-01,B8504,174,Warehouse-5
45319204,Amul Slim UHT Milk 1L,UHT & Long Life,Others,1L,150,170.96,163,360,Moore-Harris,23,2026-02-03,Hot Storage,2025-07-06,B5099,212,Warehouse-8
24078757,Amul Kesar Pista Ice Cream 1L,Ice Creams,Premium Ice Cream,1L,300,360.31,305,707,Wall-Roberts,2,2025-12-14,hot & Cold Storage,2025-07-10,B1302,157,Warehouse-7
1148473,Amul Camel Milk 500ml,Others,Others,500ml,500,632.88,443,444,"Romero, Thomas and Hall",1,2025-11-04,Frozen,2025-06-16,B2478,141,Warehouse-8
36576395,Amul Kool Café Can 250ml,Others,Others,250ml,500,722.25,413,927,"Maddox, Gomez and Fuller",4,2026-02-08,Ambient,2025-04-09,B2637,305,Warehouse-1
31363198,Amul Mango Lassi 250ml,Beverages (New Flavors),Others,250ml,600,857.78,385,678,Ryan PLC,30,2025-10-08,hot & Cold Storage,2025-02-14,B3743,236,Warehouse-1
11289388,Amul Rasmalai 500g,Specialty Products,Others,500g,400,513.38,451,587,"Smith, Gomez and Moore",16,2026-03-06,Frozen,2025-06-03,B8913,276,Warehouse-9
31363198,Amul Mango Lassi 250ml,Beverages (New Flavors),Others,250ml,600,790.07,333,861,Johnson-Lopez,15,2025-04-23,hot & Cold Storage,2024-12-20,B8238,124,Warehouse-6
37245757,Amul Spicy Potato Chips 200g,Snacks & Savories,Others,200g,54,61.67,329,638,Copeland Inc,23,2025-05-29,Frozen,2024-12-21,B7126,159,Warehouse-8
84729804,Amul Greek Yogurt Mango 100g,Probiotic & Health Range,Greek Yogurt,100g,178,202.0,492,555,Henry-Fitzgerald,4,2025-12-27,Room Temperature,2025-07-25,B2606,155,Warehouse-3
7241154,Amul Rajbhog Ice Cream 1L,Ice Creams,Premium Ice Cream,1L,300,446.47,199,129,"Jenkins, Davis and Estes",27,2026-02-10,Room Temperature,2025-04-03,B8122,313,Warehouse-3
68165390,Amul Kool Café 200ml,Beverages,Others,200ml,51,70.33,196,309,James Inc,17,2025-06-05,Cold Storage,2024-11-25,B8621,192,Warehouse-5
33992976,Amul Probiotic Dahi 400g,Probiotic & Health Range,Probiotic Curd,400g,250,345.21,350,766,Smith-Hancock,29,2025-01-21,Frozen,2024-10-11,B2284,102,Warehouse-5
18009972,Amul Organic Ghee 500ml,Others,Others,500ml,500,601.98,464,926,Chambers Inc,13,2024-12-16,Chilled,2024-11-24,B8395,22,Warehouse-1
11071426,Amul Buffalo Ghee 1L,Ghee & Cooking Essentials,Buffalo Ghee,1L,703,777.36,310,656,Russell-Edwards,24,2026-06-30,Hot Storage,2025-08-10,B5606,324,Warehouse-6
11071426,Amul Buffalo Ghee 1L,Ghee & Cooking Essentials,Buffalo Ghee,1L,703,779.01,185,670,Zamora PLC,26,2025-12-17,Hot Storage,2025-03-23,B2771,269,Warehouse-1
81837793,Amul Low Fat Yogurt 100g,Health & Nutrition,Others,100g,436,615.01,145,687,Riley Ltd,6,2025-05-09,Hot Storage,2025-01-03,B8495,126,Warehouse-3
71235158,Amul Strawberry Lassi 250ml,Beverages (New Flavors),Others,250ml,600,889.94,481,486,Thomas-Peterson,12,2025-05-07,Refrigerated,2025-02-19,B2889,77,Warehouse-9
82147020,Amul Almond Bar 40g,Chocolates,Others,40g,57,71.58,312,329,Taylor-Thomas,27,2025-09-19,Room Temperature,2025-02-03,B2170,228,Warehouse-3
64829395,Amul Cream Tetra Pack 250ml,UHT & Long Life,Others,250ml,150,190.81,436,802,Lambert-Watson,4,2026-01-05,hot & Cold Storage,2025-01-16,B6024,354,Warehouse-2
79195263,Amul Kool Saffron Milk 200ml,Beverages,Others,200ml,120,169.88,496,281,"Smith, Esparza and Patterson",6,2025-11-06,Ambient,2025-03-09,B9805,242,Warehouse-1
58937020,Amul Chocolate Brownie 100g,Bakery Items,Others,100g,218,308.99,245,801,Marquez LLC,23,2024-11-19,Refrigerated,2024-10-01,B7762,49,Warehouse-7
61133075,Amul Butter Croissant 80g,Bakery Items,Others,80g,187,219.66,357,473,Villegas-Shaw,13,2026-03-13,Hot Storage,2025-08-02,B2424,223,Warehouse-8
83734632,Amul Cheese Spread Yummy Plain 200g,Butter & Spreads,Cheese Spread,200g,177,260.79,381,958,Davis LLC,17,2026-04-14,Ambient,2025-06-07,B6674,311,Warehouse-5
72940877,Amul Butter Cookies 200g,Others,Others,200g,500,720.73,500,197,"Garcia, Morgan and Pratt",4,2025-11-01,Ambient,2025-07-26,B4007,98,Warehouse-3
7241154,Amul Rajbhog Ice Cream 1L,Ice Creams,Premium Ice Cream,1L,300,381.22,377,943,"Castillo, Carroll and Gonzalez",20,2025-04-26,Room Temperature,2024-09-29,B5311,209,Warehouse-4
93020688,Amul Cheese Spread Garlic 200g,Butter & Spreads,Cheese Spread,200g,200,247.49,184,992,"Wheeler, Burns and Boyd",23,2025-08-02,Refrigerated,2024-10-23,B9881,283,Warehouse-9
88384214,Amul Lite Spread 250g,Butter & Spreads,Cheese Spread,250g,54,67.4,264,131,Marquez-Wade,28,2025-08-29,Frozen,2025-05-07,B2254,114,Warehouse-1
